"Step","Name: math-bootstrap-SFT-easy-Qwen3-1.7B - rollout/avg_response_length","Name: math-bootstrap-SFT-easy-Qwen3-1.7B - rollout/avg_response_length__MIN","Name: math-bootstrap-SFT-easy-Qwen3-1.7B - rollout/avg_response_length__MAX","Name: math-bootstrap-GRPO-easy-Qwen3-1.7B - rollout/avg_response_length","Name: math-bootstrap-GRPO-easy-Qwen3-1.7B - rollout/avg_response_length__MIN","Name: math-bootstrap-GRPO-easy-Qwen3-1.7B - rollout/avg_response_length__MAX","Name: math-onpolicy-PosNeg-Qwen3-1.7B - rollout/avg_response_length","Name: math-onpolicy-PosNeg-Qwen3-1.7B - rollout/avg_response_length__MIN","Name: math-onpolicy-PosNeg-Qwen3-1.7B - rollout/avg_response_length__MAX","Name: math-onpolicy-SFT-Qwen3-1.7B - rollout/avg_response_length","Name: math-onpolicy-SFT-Qwen3-1.7B - rollout/avg_response_length__MIN","Name: math-onpolicy-SFT-Qwen3-1.7B - rollout/avg_response_length__MAX","Name: math-onpolicy-Reinforce-Baseline-Qwen3-1.7B - rollout/avg_response_length","Name: math-onpolicy-Reinforce-Baseline-Qwen3-1.7B - rollout/avg_response_length__MIN","Name: math-onpolicy-Reinforce-Baseline-Qwen3-1.7B - rollout/avg_response_length__MAX","Name: math-onpolicy-GRPO-Qwen3-1.7B - rollout/avg_response_length","Name: math-onpolicy-GRPO-Qwen3-1.7B - rollout/avg_response_length__MIN","Name: math-onpolicy-GRPO-Qwen3-1.7B - rollout/avg_response_length__MAX"
"1","2286.933349609375","2286.933349609375","2286.933349609375","2841.822998046875","2841.822998046875","2841.822998046875","3966.017822265625","3966.017822265625","3966.017822265625","3444.3125","3444.3125","3444.3125","3881.354248046875","3881.354248046875","3881.354248046875","3876.27685546875","3876.27685546875","3876.27685546875"
"2","3188.458251953125","3188.458251953125","3188.458251953125","3627.38134765625","3627.38134765625","3627.38134765625","3855.229248046875","3855.229248046875","3855.229248046875","3816.522705078125","3816.522705078125","3816.522705078125","4083.640625","4083.640625","4083.640625","3911.90966796875","3911.90966796875","3911.90966796875"
"3","3246.7666015625","3246.7666015625","3246.7666015625","3518.09375","3518.09375","3518.09375","3587.8671875","3587.8671875","3587.8671875","3336.166748046875","3336.166748046875","3336.166748046875","3590.865966796875","3590.865966796875","3590.865966796875","3836.385498046875","3836.385498046875","3836.385498046875"
"4","3539.40625","3539.40625","3539.40625","3757.0703125","3757.0703125","3757.0703125","3890.199951171875","3890.199951171875","3890.199951171875","3459.677001953125","3459.677001953125","3459.677001953125","3676.860595703125","3676.860595703125","3676.860595703125","3712.9375","3712.9375","3712.9375"
"5","3282.702392578125","3282.702392578125","3282.702392578125","3617.543701171875","3617.543701171875","3617.543701171875","3657.581298828125","3657.581298828125","3657.581298828125","3426.199951171875","3426.199951171875","3426.199951171875","3558.543701171875","3558.543701171875","3558.543701171875","3671.708251953125","3671.708251953125","3671.708251953125"
"6","2764.699951171875","2764.699951171875","2764.699951171875","3171.65625","3171.65625","3171.65625","3668.012451171875","3668.012451171875","3668.012451171875","3392.28564453125","3392.28564453125","3392.28564453125","3581.6875","3581.6875","3581.6875","3620.08740234375","3620.08740234375","3620.08740234375"
"7","3502.9306640625","3502.9306640625","3502.9306640625","3705.25","3705.25","3705.25","3835.71533203125","3835.71533203125","3835.71533203125","3634.9853515625","3634.9853515625","3634.9853515625","3814.833251953125","3814.833251953125","3814.833251953125","3700.074951171875","3700.074951171875","3700.074951171875"
"8","3389.683349609375","3389.683349609375","3389.683349609375","3699.28125","3699.28125","3699.28125","3811.8681640625","3811.8681640625","3811.8681640625","3203.330078125","3203.330078125","3203.330078125","3873.41064453125","3873.41064453125","3873.41064453125","3798.46435546875","3798.46435546875","3798.46435546875"
"9","3083.078125","3083.078125","3083.078125","3443.09814453125","3443.09814453125","3443.09814453125","3974.59375","3974.59375","3974.59375","3608.520751953125","3608.520751953125","3608.520751953125","3994.416748046875","3994.416748046875","3994.416748046875","4022.21435546875","4022.21435546875","4022.21435546875"
"10","3128.27392578125","3128.27392578125","3128.27392578125","3569.015625","3569.015625","3569.015625","3878.9033203125","3878.9033203125","3878.9033203125","3622.32958984375","3622.32958984375","3622.32958984375","4002.25","4002.25","4002.25","3753.30615234375","3753.30615234375","3753.30615234375"
"11","2803.25","2803.25","2803.25","2972.61328125","2972.61328125","2972.61328125","4008.25","4008.25","4008.25","3592.320068359375","3592.320068359375","3592.320068359375","3861.69384765625","3861.69384765625","3861.69384765625","3603.921875","3603.921875","3603.921875"
"12","3284.947998046875","3284.947998046875","3284.947998046875","3617.276123046875","3617.276123046875","3617.276123046875","3819.770751953125","3819.770751953125","3819.770751953125","3536.25","3536.25","3536.25","3832.33740234375","3832.33740234375","3832.33740234375","3966.5","3966.5","3966.5"
"13","3136.59619140625","3136.59619140625","3136.59619140625","3474.977294921875","3474.977294921875","3474.977294921875","3912.80615234375","3912.80615234375","3912.80615234375","3582.125","3582.125","3582.125","3817.06884765625","3817.06884765625","3817.06884765625","3964.2890625","3964.2890625","3964.2890625"
"14","3665.666748046875","3665.666748046875","3665.666748046875","3836.046875","3836.046875","3836.046875","3849.65283203125","3849.65283203125","3849.65283203125","3816.571533203125","3816.571533203125","3816.571533203125","3901.6015625","3901.6015625","3901.6015625","3867.1181640625","3867.1181640625","3867.1181640625"
"15","3042.368408203125","3042.368408203125","3042.368408203125","3565.039794921875","3565.039794921875","3565.039794921875","3948.3125","3948.3125","3948.3125","3931.946533203125","3931.946533203125","3931.946533203125","4038.8193359375","4038.8193359375","4038.8193359375","4030.96533203125","4030.96533203125","4030.96533203125"
"16","2856.017822265625","2856.017822265625","2856.017822265625","3220.083251953125","3220.083251953125","3220.083251953125","3488.9716796875","3488.9716796875","3488.9716796875","3174.962158203125","3174.962158203125","3174.962158203125","3432.85107421875","3432.85107421875","3432.85107421875","3634.65625","3634.65625","3634.65625"
"17","3706.39990234375","3706.39990234375","3706.39990234375","3865.71875","3865.71875","3865.71875","3726.359375","3726.359375","3726.359375","3713.459716796875","3713.459716796875","3713.459716796875","3763.363525390625","3763.363525390625","3763.363525390625","3806.838623046875","3806.838623046875","3806.838623046875"
"18","3521.48681640625","3521.48681640625","3521.48681640625","3682.02685546875","3682.02685546875","3682.02685546875","3693.46533203125","3693.46533203125","3693.46533203125","3391.64990234375","3391.64990234375","3391.64990234375","3732.6015625","3732.6015625","3732.6015625","3759.4609375","3759.4609375","3759.4609375"
"19","3692.863525390625","3692.863525390625","3692.863525390625","3862.918701171875","3862.918701171875","3862.918701171875","3916.9716796875","3916.9716796875","3916.9716796875","3700.447998046875","3700.447998046875","3700.447998046875","3980.9375","3980.9375","3980.9375","3989.5556640625","3989.5556640625","3989.5556640625"
"20","2789.407958984375","2789.407958984375","2789.407958984375","2990.21240234375","2990.21240234375","2990.21240234375","3944.5","3944.5","3944.5","3205.638916015625","3205.638916015625","3205.638916015625","3961.364501953125","3961.364501953125","3961.364501953125","3728.75","3728.75","3728.75"
"21","3202.42041015625","3202.42041015625","3202.42041015625","3408.9296875","3408.9296875","3408.9296875","3340.289794921875","3340.289794921875","3340.289794921875","3054.65185546875","3054.65185546875","3054.65185546875","3619.943115234375","3619.943115234375","3619.943115234375","3356.666748046875","3356.666748046875","3356.666748046875"
"22","2425.058837890625","2425.058837890625","2425.058837890625","3113.1484375","3113.1484375","3113.1484375","3946.458251953125","3946.458251953125","3946.458251953125","2872.857177734375","2872.857177734375","2872.857177734375","3361.77685546875","3361.77685546875","3361.77685546875","3575.77685546875","3575.77685546875","3575.77685546875"
"23","3125.988525390625","3125.988525390625","3125.988525390625","3505.56884765625","3505.56884765625","3505.56884765625","3341.3466796875","3341.3466796875","3341.3466796875","3277.261474609375","3277.261474609375","3277.261474609375","3547.73291015625","3547.73291015625","3547.73291015625","3265.697998046875","3265.697998046875","3265.697998046875"
"24","2773.8125","2773.8125","2773.8125","3071.1484375","3071.1484375","3071.1484375","3270.612548828125","3270.612548828125","3270.612548828125","3026.826904296875","3026.826904296875","3026.826904296875","2866.71875","2866.71875","2866.71875","3336.875","3336.875","3336.875"
"25","3569.826171875","3569.826171875","3569.826171875","3732.46533203125","3732.46533203125","3732.46533203125","3655.58935546875","3655.58935546875","3655.58935546875","3546.761474609375","3546.761474609375","3546.761474609375","3556.5234375","3556.5234375","3556.5234375","3508.515625","3508.515625","3508.515625"
"26","3355.65380859375","3355.65380859375","3355.65380859375","3555.645751953125","3555.645751953125","3555.645751953125","3672.0625","3672.0625","3672.0625","3432.300048828125","3432.300048828125","3432.300048828125","3785.375","3785.375","3785.375","3656.989501953125","3656.989501953125","3656.989501953125"
"27","3117.982177734375","3117.982177734375","3117.982177734375","3419.272705078125","3419.272705078125","3419.272705078125","3665.28564453125","3665.28564453125","3665.28564453125","3067.355224609375","3067.355224609375","3067.355224609375","3322.486083984375","3322.486083984375","3322.486083984375","3504.206298828125","3504.206298828125","3504.206298828125"
"28","2753.28955078125","2753.28955078125","2753.28955078125","2842.71142578125","2842.71142578125","2842.71142578125","3329.33935546875","3329.33935546875","3329.33935546875","3444.470703125","3444.470703125","3444.470703125","3166.135498046875","3166.135498046875","3166.135498046875","3327.729248046875","3327.729248046875","3327.729248046875"
"29","3399.78125","3399.78125","3399.78125","3625.294677734375","3625.294677734375","3625.294677734375","3758.90625","3758.90625","3758.90625","3771.875","3771.875","3771.875","3743.96875","3743.96875","3743.96875","3612.71240234375","3612.71240234375","3612.71240234375"
"30","2912.659912109375","2912.659912109375","2912.659912109375","3424.927001953125","3424.927001953125","3424.927001953125","3780.6484375","3780.6484375","3780.6484375","3320.97998046875","3320.97998046875","3320.97998046875","3489.0625","3489.0625","3489.0625","3607.137451171875","3607.137451171875","3607.137451171875"
"31","3298.625","3298.625","3298.625","3577.96875","3577.96875","3577.96875","3745.770751953125","3745.770751953125","3745.770751953125","3520.25","3520.25","3520.25","3727.166748046875","3727.166748046875","3727.166748046875","3709.08740234375","3709.08740234375","3709.08740234375"
"32","3400.29541015625","3400.29541015625","3400.29541015625","3616.576416015625","3616.576416015625","3616.576416015625","3590.96875","3590.96875","3590.96875","3177.33935546875","3177.33935546875","3177.33935546875","3594.955322265625","3594.955322265625","3594.955322265625","3298.0859375","3298.0859375","3298.0859375"
"33","2922.666748046875","2922.666748046875","2922.666748046875","3181.96875","3181.96875","3181.96875","3429.53125","3429.53125","3429.53125","3305.6875","3305.6875","3305.6875","3366.59033203125","3366.59033203125","3366.59033203125","3495.21240234375","3495.21240234375","3495.21240234375"
"34","3304.64697265625","3304.64697265625","3304.64697265625","3654.166748046875","3654.166748046875","3654.166748046875","3662.72509765625","3662.72509765625","3662.72509765625","3657.140625","3657.140625","3657.140625","3681.421875","3681.421875","3681.421875","3419.887451171875","3419.887451171875","3419.887451171875"
"35","3213.863525390625","3213.863525390625","3213.863525390625","3393.9658203125","3393.9658203125","3393.9658203125","3596.677001953125","3596.677001953125","3596.677001953125","3306.840087890625","3306.840087890625","3306.840087890625","3163.28125","3163.28125","3163.28125","3252.9921875","3252.9921875","3252.9921875"
"36","2760.71044921875","2760.71044921875","2760.71044921875","2701.664794921875","2701.664794921875","2701.664794921875","3548.22314453125","3548.22314453125","3548.22314453125","3688.5","3688.5","3688.5","3526.696533203125","3526.696533203125","3526.696533203125","3284.89990234375","3284.89990234375","3284.89990234375"
"37","3325.852294921875","3325.852294921875","3325.852294921875","3658.27490234375","3658.27490234375","3658.27490234375","3613.0859375","3613.0859375","3613.0859375","3468.72998046875","3468.72998046875","3468.72998046875","3392.59375","3392.59375","3392.59375","3471.0078125","3471.0078125","3471.0078125"
"38","3268.828857421875","3268.828857421875","3268.828857421875","3414.701416015625","3414.701416015625","3414.701416015625","3848.125","3848.125","3848.125","3476.886474609375","3476.886474609375","3476.886474609375","3712.02685546875","3712.02685546875","3712.02685546875","3659.5","3659.5","3659.5"
"39","3555.552001953125","3555.552001953125","3555.552001953125","3794.057373046875","3794.057373046875","3794.057373046875","3782.238525390625","3782.238525390625","3782.238525390625","3569.0966796875","3569.0966796875","3569.0966796875","3597.231201171875","3597.231201171875","3597.231201171875","3759.53466796875","3759.53466796875","3759.53466796875"
"40","3399.136474609375","3399.136474609375","3399.136474609375","3615.458251953125","3615.458251953125","3615.458251953125","3435.923583984375","3435.923583984375","3435.923583984375","3447.71142578125","3447.71142578125","3447.71142578125","3643.75","3643.75","3643.75","3470.4091796875","3470.4091796875","3470.4091796875"
"41","3661.315673828125","3661.315673828125","3661.315673828125","3844.770751953125","3844.770751953125","3844.770751953125","3450.1171875","3450.1171875","3450.1171875","3193.889892578125","3193.889892578125","3193.889892578125","3410.6640625","3410.6640625","3410.6640625","3131.619384765625","3131.619384765625","3131.619384765625"
"42","3143.291748046875","3143.291748046875","3143.291748046875","3424.259033203125","3424.259033203125","3424.259033203125","3813.359375","3813.359375","3813.359375","3307.761962890625","3307.761962890625","3307.761962890625","3570.479248046875","3570.479248046875","3570.479248046875","3578.958251953125","3578.958251953125","3578.958251953125"
"43","3161.5","3161.5","3161.5","3337.6796875","3337.6796875","3337.6796875","3327.322998046875","3327.322998046875","3327.322998046875","3369.5625","3369.5625","3369.5625","3190.890625","3190.890625","3190.890625","3079.859375","3079.859375","3079.859375"
"44","2692.33935546875","2692.33935546875","2692.33935546875","2966.458251953125","2966.458251953125","2966.458251953125","3925.625","3925.625","3925.625","3478.03857421875","3478.03857421875","3478.03857421875","3912.75","3912.75","3912.75","3727.921875","3727.921875","3727.921875"
"45","3508.09716796875","3508.09716796875","3508.09716796875","3547.244384765625","3547.244384765625","3547.244384765625","3521.0625","3521.0625","3521.0625","3454.13232421875","3454.13232421875","3454.13232421875","3253.142822265625","3253.142822265625","3253.142822265625","3536.833251953125","3536.833251953125","3536.833251953125"
"46","3512.303466796875","3512.303466796875","3512.303466796875","3707.114501953125","3707.114501953125","3707.114501953125","3694.9931640625","3694.9931640625","3694.9931640625","3391.552734375","3391.552734375","3391.552734375","3621.482177734375","3621.482177734375","3621.482177734375","3617.0859375","3617.0859375","3617.0859375"
"47","3018.272705078125","3018.272705078125","3018.272705078125","3630.40283203125","3630.40283203125","3630.40283203125","3743.0390625","3743.0390625","3743.0390625","3258.202392578125","3258.202392578125","3258.202392578125","3476.5","3476.5","3476.5","3888.1484375","3888.1484375","3888.1484375"
"48","3411.431884765625","3411.431884765625","3411.431884765625","3622.362548828125","3622.362548828125","3622.362548828125","3957.490966796875","3957.490966796875","3957.490966796875","3371.96142578125","3371.96142578125","3371.96142578125","3671.115966796875","3671.115966796875","3671.115966796875","3725.053466796875","3725.053466796875","3725.053466796875"
"49","3035.739990234375","3035.739990234375","3035.739990234375","3554.763427734375","3554.763427734375","3554.763427734375","3611.676025390625","3611.676025390625","3611.676025390625","3493.508056640625","3493.508056640625","3493.508056640625","3338.66259765625","3338.66259765625","3338.66259765625","3337.21875","3337.21875","3337.21875"
"50","3635.928466796875","3635.928466796875","3635.928466796875","3812.206787109375","3812.206787109375","3812.206787109375","3651.03759765625","3651.03759765625","3651.03759765625","3619.90380859375","3619.90380859375","3619.90380859375","3769.0078125","3769.0078125","3769.0078125","3571.46240234375","3571.46240234375","3571.46240234375"
"51","3616.77783203125","3616.77783203125","3616.77783203125","3547.520751953125","3547.520751953125","3547.520751953125","3650.03125","3604.03759765625","3696.02490234375","3498.666748046875","3498.666748046875","3498.666748046875","3139.22509765625","3139.22509765625","3139.22509765625","3466.03125","3466.03125","3466.03125"
"52","3343.886474609375","3343.886474609375","3343.886474609375","3686.863525390625","3686.863525390625","3686.863525390625","3493.450927734375","3492.7421875","3494.15966796875","3408.880859375","3408.880859375","3408.880859375","3299.326416015625","3299.326416015625","3299.326416015625","3410.678466796875","3410.678466796875","3410.678466796875"
"53","3560.125","3560.125","3560.125","3765.27783203125","3765.27783203125","3765.27783203125","3720.6937255859375","3647.1875","3794.199951171875","3532.3125","3532.3125","3532.3125","3426.3125","3426.3125","3426.3125","3509.46875","3509.46875","3509.46875"
"54","3450.88330078125","3450.88330078125","3450.88330078125","3646.927001953125","3646.927001953125","3646.927001953125","3753.472900390625","3674.737548828125","3832.208251953125","3164.068115234375","3164.068115234375","3164.068115234375","3474.175048828125","3474.175048828125","3474.175048828125","3761.359375","3761.359375","3761.359375"
"55","2987.47509765625","2987.47509765625","2987.47509765625","3251.56884765625","3251.56884765625","3251.56884765625","3531.166015625","3378.885498046875","3683.446533203125","3531.97216796875","3531.97216796875","3531.97216796875","3476.59716796875","3476.59716796875","3476.59716796875","3558.3125","3558.3125","3558.3125"
"56","3402.9130859375","3402.9130859375","3402.9130859375","3573.447998046875","3573.447998046875","3573.447998046875","3377.0391845703125","3336.918701171875","3417.15966796875","3143.71240234375","3143.71240234375","3143.71240234375","3109.918701171875","3109.918701171875","3109.918701171875","3516.107177734375","3516.107177734375","3516.107177734375"
"57","3708.36767578125","3708.36767578125","3708.36767578125","3837.611083984375","3837.611083984375","3837.611083984375","3664.708251953125","3664.708251953125","3664.708251953125","3632","3632","3632","3435.5859375","3435.5859375","3435.5859375","3384.455322265625","3384.455322265625","3384.455322265625"
"58","3063.907958984375","3063.907958984375","3063.907958984375","3487.90625","3487.90625","3487.90625","3734.479248046875","3734.479248046875","3734.479248046875","3640.578125","3640.578125","3640.578125","3811.71533203125","3811.71533203125","3811.71533203125","3681.3193359375","3681.3193359375","3681.3193359375"
"59","2897.068115234375","2897.068115234375","2897.068115234375","3270.0625","3270.0625","3270.0625","3472.729248046875","3472.729248046875","3472.729248046875","3483.219970703125","3483.219970703125","3483.219970703125","2938.46875","2938.46875","2938.46875","2729.64990234375","2729.64990234375","2729.64990234375"
"60","3515.28564453125","3515.28564453125","3515.28564453125","3786.46875","3786.46875","3786.46875","3713.046875","3713.046875","3713.046875","3400.5","3400.5","3400.5","3563.140625","3563.140625","3563.140625","3642.375","3642.375","3642.375"
"61","3708.392822265625","3708.392822265625","3708.392822265625","3858.4375","3858.4375","3858.4375","3350.91064453125","3350.91064453125","3350.91064453125","3289.010498046875","3289.010498046875","3289.010498046875","3153.625","3153.625","3153.625","3690.84375","3690.84375","3690.84375"
"62","2719.166748046875","2719.166748046875","2719.166748046875","3061.979248046875","3061.979248046875","3061.979248046875","3841.979248046875","3841.979248046875","3841.979248046875","3135.892822265625","3135.892822265625","3135.892822265625","3327.08935546875","3327.08935546875","3327.08935546875","3561.3125","3561.3125","3561.3125"
"63","3253.052734375","3253.052734375","3253.052734375","3593.4443359375","3593.4443359375","3593.4443359375","3305.77685546875","3305.77685546875","3305.77685546875","3181.03271484375","3181.03271484375","3181.03271484375","3517.125","3517.125","3517.125","3474.729248046875","3474.729248046875","3474.729248046875"
"64","2556.71728515625","2556.71728515625","2556.71728515625","2780.395751953125","2780.395751953125","2780.395751953125","3811.60009765625","3811.60009765625","3811.60009765625","3110.550048828125","3110.550048828125","3110.550048828125","3423.90625","3423.90625","3423.90625","3118.22314453125","3118.22314453125","3118.22314453125"
"65","3229.684814453125","3229.684814453125","3229.684814453125","3545.0625","3545.0625","3545.0625","3510.625","3510.625","3510.625","3049.0341796875","3049.0341796875","3049.0341796875","3444.6875","3444.6875","3444.6875","3175.01708984375","3175.01708984375","3175.01708984375"
"66","3256.466552734375","3256.466552734375","3256.466552734375","3587.455322265625","3587.455322265625","3587.455322265625","3252.25","3252.25","3252.25","3649.9375","3649.9375","3649.9375","3532.1875","3532.1875","3532.1875","2929.895751953125","2929.895751953125","2929.895751953125"
"67","3871.4091796875","3871.4091796875","3871.4091796875","3955.615966796875","3955.615966796875","3955.615966796875","3704.75","3704.75","3704.75","3511.342041015625","3511.342041015625","3511.342041015625","3428.71875","3428.71875","3428.71875","3654.178466796875","3654.178466796875","3654.178466796875"
"68","3405.865478515625","3405.865478515625","3405.865478515625","3632.744384765625","3632.744384765625","3632.744384765625","3542.887451171875","3542.887451171875","3542.887451171875","3187.510986328125","3187.510986328125","3187.510986328125","3028.90625","3028.90625","3028.90625","2821.446533203125","2821.446533203125","2821.446533203125"
"69","2920.046875","2920.046875","2920.046875","3359.666748046875","3359.666748046875","3359.666748046875","3471.8681640625","3471.8681640625","3471.8681640625","3358.90625","3358.90625","3358.90625","3356.1875","3356.1875","3356.1875","3410.2265625","3410.2265625","3410.2265625"
"70","2921.387451171875","2921.387451171875","2921.387451171875","3232.63134765625","3232.63134765625","3232.63134765625","3546.09716796875","3546.09716796875","3546.09716796875","3307.108642578125","3307.108642578125","3307.108642578125","3434.21875","3434.21875","3434.21875","3251.16259765625","3251.16259765625","3251.16259765625"
"71","3359.875","3359.875","3359.875","3625.89208984375","3625.89208984375","3625.89208984375","3496.208251953125","3496.208251953125","3496.208251953125","3457.3369140625","3457.3369140625","3457.3369140625","3429.28564453125","3429.28564453125","3429.28564453125","3365.3671875","3365.3671875","3365.3671875"
"72","2904.88232421875","2904.88232421875","2904.88232421875","2993.3125","2993.3125","2993.3125","3397.97509765625","3397.97509765625","3397.97509765625","4096","4096","4096","3973.65625","3973.65625","3973.65625","4018.328125","4018.328125","4018.328125"
"73","3079.61767578125","3079.61767578125","3079.61767578125","3467.3818359375","3467.3818359375","3467.3818359375","3246.25","3246.25","3246.25","3052.480712890625","3052.480712890625","3052.480712890625","2941.489501953125","2941.489501953125","2941.489501953125","3226.60009765625","3226.60009765625","3226.60009765625"
"74","3385.02783203125","3385.02783203125","3385.02783203125","3676.16259765625","3676.16259765625","3676.16259765625","3471.321533203125","3471.321533203125","3471.321533203125","3507.75","3507.75","3507.75","3056.946533203125","3056.946533203125","3056.946533203125","3369.28564453125","3369.28564453125","3369.28564453125"
"75","3361.0625","3361.0625","3361.0625","3569.197998046875","3569.197998046875","3569.197998046875","3676.71875","3676.71875","3676.71875","3742.90625","3742.90625","3742.90625","3402.0625","3402.0625","3402.0625","3742.71240234375","3742.71240234375","3742.71240234375"
"76","3366.989013671875","3366.989013671875","3366.989013671875","3671.698974609375","3671.698974609375","3671.698974609375","3466.705322265625","3466.705322265625","3466.705322265625","3418.510009765625","3418.510009765625","3418.510009765625","3385","3385","3385","3434.634033203125","3434.634033203125","3434.634033203125"
"77","2896.851806640625","2896.851806640625","2896.851806640625","3345.286376953125","3345.286376953125","3345.286376953125","3171.765625","3171.765625","3171.765625","3135.228515625","3135.228515625","3135.228515625","3181.6806640625","3181.6806640625","3181.6806640625","3352.137451171875","3352.137451171875","3352.137451171875"
"78","3101.8056640625","3101.8056640625","3101.8056640625","3448.09814453125","3448.09814453125","3448.09814453125","3201.5234375","3201.5234375","3201.5234375","3232.7158203125","3232.7158203125","3232.7158203125","3131.510498046875","3131.510498046875","3131.510498046875","3234.46875","3234.46875","3234.46875"
"79","3619.449951171875","3619.449951171875","3619.449951171875","3755.21875","3755.21875","3755.21875","3682.625","3682.625","3682.625","3266.310302734375","3266.310302734375","3266.310302734375","3383.375","3383.375","3383.375","3728.239501953125","3728.239501953125","3728.239501953125"
"80","3333.365478515625","3333.365478515625","3333.365478515625","3601.380615234375","3601.380615234375","3601.380615234375","2970.0625","2970.0625","2970.0625","2972.977294921875","2972.977294921875","2972.977294921875","2689.614501953125","2689.614501953125","2689.614501953125","2832.071533203125","2832.071533203125","2832.071533203125"
"81","3938.0625","3938.0625","3938.0625","3992.3828125","3992.3828125","3992.3828125","3344.375","3344.375","3344.375","2919.63330078125","2919.63330078125","2919.63330078125","3454.5625","3454.5625","3454.5625","3326.449951171875","3326.449951171875","3326.449951171875"
"82","3207.92041015625","3207.92041015625","3207.92041015625","3502.9375","3502.9375","3502.9375","3344.375","3344.375","3344.375","2804.136474609375","2804.136474609375","2804.136474609375","2892.802001953125","2892.802001953125","2892.802001953125","3236.109375","3236.109375","3236.109375"
"83","3422.868408203125","3422.868408203125","3422.868408203125","3673.986083984375","3673.986083984375","3673.986083984375","2598.3125","2598.3125","2598.3125","2597.72509765625","2597.72509765625","2597.72509765625","2538.09814453125","2538.09814453125","2538.09814453125","2736.919677734375","2736.919677734375","2736.919677734375"
"84","2963.220703125","2963.220703125","2963.220703125","3146.479248046875","3146.479248046875","3146.479248046875","3412.28125","3412.28125","3412.28125","3127.946533203125","3127.946533203125","3127.946533203125","3275.546875","3275.546875","3275.546875","3691.449951171875","3691.449951171875","3691.449951171875"
"85","3792.5","3792.5","3792.5","3886.861083984375","3886.861083984375","3886.861083984375","3562.53466796875","3562.53466796875","3562.53466796875","3501.71435546875","3501.71435546875","3501.71435546875","3294.020751953125","3294.020751953125","3294.020751953125","3209.90625","3209.90625","3209.90625"
"86","3382.28271484375","3382.28271484375","3382.28271484375","3512.451416015625","3512.451416015625","3512.451416015625","2703.1328125","2703.1328125","2703.1328125","3161.64990234375","3161.64990234375","3161.64990234375","2709.96875","2709.96875","2709.96875","3014.85009765625","3014.85009765625","3014.85009765625"
"87","3141.800048828125","3141.800048828125","3141.800048828125","3514.6943359375","3514.6943359375","3514.6943359375","3501.112548828125","3501.112548828125","3501.112548828125","3112.02783203125","3112.02783203125","3112.02783203125","3576.078125","3576.078125","3576.078125","3432.262451171875","3432.262451171875","3432.262451171875"
"88","2891.70654296875","2891.70654296875","2891.70654296875","3104.4140625","3104.4140625","3104.4140625","2272.546875","2272.546875","2272.546875","2725.5","2725.5","2725.5","3089.1875","3089.1875","3089.1875","2677.203125","2677.203125","2677.203125"
"89","3049.75","3049.75","3049.75","3382","3382","3382","2901.3125","2901.3125","2901.3125","2549.60302734375","2549.60302734375","2549.60302734375","3375.25","3375.25","3375.25","2660.074951171875","2660.074951171875","2660.074951171875"
"90","2958.137451171875","2958.137451171875","2958.137451171875","3373.78466796875","3373.78466796875","3373.78466796875","3780.97314453125","3780.97314453125","3780.97314453125","3443.558837890625","3443.558837890625","3443.558837890625","3537.03125","3537.03125","3537.03125","3545.833251953125","3545.833251953125","3545.833251953125"
"91","3754","3754","3754","3929.1875","3929.1875","3929.1875","3739.57958984375","3739.57958984375","3739.57958984375","3507.449951171875","3507.449951171875","3507.449951171875","3623.85009765625","3623.85009765625","3623.85009765625","3804.74365234375","3804.74365234375","3804.74365234375"
"92","3194.565185546875","3194.565185546875","3194.565185546875","3586.98291015625","3586.98291015625","3586.98291015625","3339.4375","3339.4375","3339.4375","3427.072998046875","3427.072998046875","3427.072998046875","3442.947998046875","3442.947998046875","3442.947998046875","3470.053466796875","3470.053466796875","3470.053466796875"
"93","3422.22509765625","3422.22509765625","3422.22509765625","3605.625","3605.625","3605.625","3105.9375","3105.9375","3105.9375","3100.79345703125","3100.79345703125","3100.79345703125","2813.635498046875","2813.635498046875","2813.635498046875","2579.987548828125","2579.987548828125","2579.987548828125"
"94","3259.59619140625","3259.59619140625","3259.59619140625","3451.40625","3451.40625","3451.40625","3090.548583984375","3090.548583984375","3090.548583984375","2955.521728515625","2955.521728515625","2955.521728515625","2922.46533203125","2922.46533203125","2922.46533203125","3343.884033203125","3343.884033203125","3343.884033203125"
"95","3141.111083984375","3141.111083984375","3141.111083984375","3438.77783203125","3438.77783203125","3438.77783203125","3552.166748046875","3552.166748046875","3552.166748046875","3045.185791015625","3045.185791015625","3045.185791015625","2978.494384765625","2978.494384765625","2978.494384765625","3655.515625","3655.515625","3655.515625"
"96","3330.489990234375","3330.489990234375","3330.489990234375","3679.255126953125","3679.255126953125","3679.255126953125","3203.701416015625","3203.701416015625","3203.701416015625","3078.5","3078.5","3078.5","3081.75","3081.75","3081.75","3212.3681640625","3212.3681640625","3212.3681640625"
"97","3028.76318359375","3028.76318359375","3028.76318359375","3409.143798828125","3409.143798828125","3409.143798828125","3154.134033203125","3154.134033203125","3154.134033203125","2805.050048828125","2805.050048828125","2805.050048828125","2983.791748046875","2983.791748046875","2983.791748046875","3287.83935546875","3287.83935546875","3287.83935546875"
"98","2983.375","2983.375","2983.375","3285.213623046875","3285.213623046875","3285.213623046875","3443.326416015625","3443.326416015625","3443.326416015625","3258.4375","3258.4375","3258.4375","3207.583251953125","3207.583251953125","3207.583251953125","3240.22216796875","3240.22216796875","3240.22216796875"
"99","3185.363525390625","3185.363525390625","3185.363525390625","3571.737548828125","3571.737548828125","3571.737548828125","3317.6875","3317.6875","3317.6875","2669.230712890625","2669.230712890625","2669.230712890625","3251.020751953125","3251.020751953125","3251.020751953125","3277.541748046875","3277.541748046875","3277.541748046875"
"100","2907.159912109375","2907.159912109375","2907.159912109375","3127.048583984375","3127.048583984375","3127.048583984375","3160.453125","3160.453125","3160.453125","2871.708251953125","2871.708251953125","2871.708251953125","3089.08935546875","3089.08935546875","3089.08935546875","3049.763916015625","3049.763916015625","3049.763916015625"
"101","3378.90625","3378.90625","3378.90625","3815.645751953125","3815.645751953125","3815.645751953125","3162.8125","3162.8125","3162.8125","2961.5693359375","2961.5693359375","2961.5693359375","3162.34375","3162.34375","3162.34375","3148.572998046875","3148.572998046875","3148.572998046875"
"102","3147.75","3147.75","3147.75","3347.017822265625","3347.017822265625","3347.017822265625","2683.453125","2683.453125","2683.453125","3165.388916015625","3165.388916015625","3165.388916015625","3097.729248046875","3097.729248046875","3097.729248046875","3065.229248046875","3065.229248046875","3065.229248046875"
"103","3361.605224609375","3361.605224609375","3361.605224609375","3602.515625","3602.515625","3602.515625","3840.262451171875","3840.262451171875","3840.262451171875","3828.5625","3828.5625","3828.5625","3760.987548828125","3760.987548828125","3760.987548828125","3916.637451171875","3916.637451171875","3916.637451171875"
"104","3482.9306640625","3482.9306640625","3482.9306640625","3683.642822265625","3683.642822265625","3683.642822265625","3811.145751953125","3811.145751953125","3811.145751953125","2957.982177734375","2957.982177734375","2957.982177734375","3279.75","3279.75","3279.75","3822.625","3822.625","3822.625"
"105","3538.14990234375","3538.14990234375","3538.14990234375","3849.27490234375","3849.27490234375","3849.27490234375","3138.9375","3138.9375","3138.9375","3408.355224609375","3408.355224609375","3408.355224609375","3583.9375","3583.9375","3583.9375","3068.8984375","3068.8984375","3068.8984375"
"106","2688.9736328125","2688.9736328125","2688.9736328125","3100.7734375","3100.7734375","3100.7734375","3161.15283203125","3161.15283203125","3161.15283203125","3019.865478515625","3019.865478515625","3019.865478515625","3068.854248046875","3068.854248046875","3068.854248046875","3220.234375","3220.234375","3220.234375"
"107","2880.826171875","2880.826171875","2880.826171875","3081.1806640625","3081.1806640625","3081.1806640625","2377.78125","2377.78125","2377.78125","2482.6806640625","2482.6806640625","2482.6806640625","2273.765625","2273.765625","2273.765625","2691.35009765625","2691.35009765625","2691.35009765625"
"108","3330.8056640625","3330.8056640625","3330.8056640625","3608.09716796875","3608.09716796875","3608.09716796875","3271.696533203125","3271.696533203125","3271.696533203125","2796.83740234375","2796.83740234375","2796.83740234375","3191.365966796875","3191.365966796875","3191.365966796875","2985.9296875","2985.9296875","2985.9296875"
"109","2838.02783203125","2838.02783203125","2838.02783203125","3257.730712890625","3257.730712890625","3257.730712890625","3142.767822265625","3142.767822265625","3142.767822265625","3265.416748046875","3265.416748046875","3265.416748046875","3049.4140625","3049.4140625","3049.4140625","3032.40966796875","3032.40966796875","3032.40966796875"
"110","3259.40625","3259.40625","3259.40625","3506.42041015625","3506.42041015625","3506.42041015625","3214.2265625","3214.2265625","3214.2265625","2488.2666015625","2488.2666015625","2488.2666015625","3152.298583984375","3152.298583984375","3152.298583984375","3026.6484375","3026.6484375","3026.6484375"
"111","3318.71044921875","3318.71044921875","3318.71044921875","3567.734375","3567.734375","3567.734375","3418.5","3418.5","3418.5","3201.02490234375","3201.02490234375","3201.02490234375","3336.5625","3336.5625","3336.5625","3391.16259765625","3391.16259765625","3391.16259765625"
"112","3297.9091796875","3297.9091796875","3297.9091796875","3498.6875","3498.6875","3498.6875","3026.84375","3026.84375","3026.84375","3349.138916015625","3349.138916015625","3349.138916015625","3655.637451171875","3655.637451171875","3655.637451171875","3285.232177734375","3285.232177734375","3285.232177734375"
"113","3293.933349609375","3293.933349609375","3293.933349609375","3589.97216796875","3589.97216796875","3589.97216796875","3007.071533203125","3007.071533203125","3007.071533203125","2919.854248046875","2919.854248046875","2919.854248046875","2769.46875","2769.46875","2769.46875","3211.333251953125","3211.333251953125","3211.333251953125"
"114","3254.0166015625","3254.0166015625","3254.0166015625","3564.990966796875","3564.990966796875","3564.990966796875","2636.2734375","2636.2734375","2636.2734375","2427.7236328125","2427.7236328125","2427.7236328125","2490.1181640625","2490.1181640625","2490.1181640625","2552.22314453125","2552.22314453125","2552.22314453125"
"115","3208.769287109375","3208.769287109375","3208.769287109375","3656.41064453125","3656.41064453125","3656.41064453125","2948.458251953125","2948.458251953125","2948.458251953125","2587.06005859375","2587.06005859375","2587.06005859375","3767.125","3767.125","3767.125","2988.071533203125","2988.071533203125","2988.071533203125"
"116","2582.071533203125","2582.071533203125","2582.071533203125","2442.706787109375","2442.706787109375","2442.706787109375","3039.425048828125","3039.425048828125","3039.425048828125","2737.605224609375","2737.605224609375","2737.605224609375","2567.357177734375","2567.357177734375","2567.357177734375","2982.114501953125","2982.114501953125","2982.114501953125"
"117","3503.615478515625","3503.615478515625","3503.615478515625","3457.09375","3457.09375","3457.09375","3290.10009765625","3290.10009765625","3290.10009765625","2964.019287109375","2964.019287109375","2964.019287109375","3494.359375","3494.359375","3494.359375","3551.359375","3551.359375","3551.359375"
"118","2750.466552734375","2750.466552734375","2750.466552734375","3282.25","3282.25","3282.25","2648.828125","2648.828125","2648.828125","2982.958251953125","2982.958251953125","2982.958251953125","2928.796875","2928.796875","2928.796875","2544.737548828125","2544.737548828125","2544.737548828125"
"119","3731.13330078125","3731.13330078125","3731.13330078125","3878.512451171875","3878.512451171875","3878.512451171875","3382.854248046875","3382.854248046875","3382.854248046875","3182.09521484375","3182.09521484375","3182.09521484375","3205.7431640625","3205.7431640625","3205.7431640625","3072.8125","3072.8125","3072.8125"
"120","3140.578125","3140.578125","3140.578125","3402.794677734375","3402.794677734375","3402.794677734375","3023.041748046875","3023.041748046875","3023.041748046875","3017.38330078125","3017.38330078125","3017.38330078125","3782.765625","3782.765625","3782.765625","3295.270751953125","3295.270751953125","3295.270751953125"
"121","3425.40625","3425.40625","3425.40625","3658.4765625","3658.4765625","3658.4765625","3286.260498046875","3286.260498046875","3286.260498046875","2957.40380859375","2957.40380859375","2957.40380859375","2926.46875","2926.46875","2926.46875","3448.427001953125","3448.427001953125","3448.427001953125"
"122","3304.14990234375","3304.14990234375","3304.14990234375","3571.25","3571.25","3571.25","2452.84375","2452.84375","2452.84375","2469.04541015625","2469.04541015625","2469.04541015625","2678.66259765625","2678.66259765625","2678.66259765625","2595.010498046875","2595.010498046875","2595.010498046875"
"123","2924.416748046875","2924.416748046875","2924.416748046875","2721.9296875","2721.9296875","2721.9296875","2906.3125","2906.3125","2906.3125","3014.794189453125","3014.794189453125","3014.794189453125","2933.265625","2933.265625","2933.265625","2715.6875","2715.6875","2715.6875"
"124","3403.888916015625","3403.888916015625","3403.888916015625","3768.375","3768.375","3768.375","3353.46435546875","3353.46435546875","3353.46435546875","3219.6591796875","3219.6591796875","3219.6591796875","3502.260498046875","3502.260498046875","3502.260498046875","3555","3555","3555"
"125","3331.365478515625","3331.365478515625","3331.365478515625","3632.388916015625","3632.388916015625","3632.388916015625","2903.044677734375","2903.044677734375","2903.044677734375","2997.22509765625","2997.22509765625","2997.22509765625","3053.982177734375","3053.982177734375","3053.982177734375","3215.6875","3215.6875","3215.6875"
"126","3341.03857421875","3341.03857421875","3341.03857421875","3713.09814453125","3713.09814453125","3713.09814453125","3078.3125","3078.3125","3078.3125","3207.75","3207.75","3207.75","2854.40185546875","2854.40185546875","2854.40185546875","3036.71435546875","3036.71435546875","3036.71435546875"
"127","3150.892822265625","3150.892822265625","3150.892822265625","3400.0625","3400.0625","3400.0625","2899.607177734375","2899.607177734375","2899.607177734375","2757.021728515625","2757.021728515625","2757.021728515625","3356.03564453125","3356.03564453125","3356.03564453125","3210.3046875","3210.3046875","3210.3046875"
"128","3278.607177734375","3278.607177734375","3278.607177734375","3591.848876953125","3591.848876953125","3591.848876953125","3200.65625","3200.65625","3200.65625","2743.64990234375","2743.64990234375","2743.64990234375","2795.9658203125","2795.9658203125","2795.9658203125","3030.375","3030.375","3030.375"
"129","3735.4736328125","3735.4736328125","3735.4736328125","3887.011474609375","3887.011474609375","3887.011474609375","3106.3125","3106.3125","3106.3125","3246.489501953125","3246.489501953125","3246.489501953125","3217.210205078125","3217.210205078125","3217.210205078125","3438.736083984375","3438.736083984375","3438.736083984375"
"130","2907.375","2907.375","2907.375","3261.7783203125","3261.7783203125","3261.7783203125","3045.760498046875","3045.760498046875","3045.760498046875","3040.583251953125","3040.583251953125","3040.583251953125","2762.885498046875","2762.885498046875","2762.885498046875","2936.645751953125","2936.645751953125","2936.645751953125"
"131","2476.719970703125","2476.719970703125","2476.719970703125","3061.010498046875","3061.010498046875","3061.010498046875","3202.732177734375","3202.732177734375","3202.732177734375","3573.015625","3573.015625","3573.015625","3435.9375","3435.9375","3435.9375","3414.8203125","3414.8203125","3414.8203125"
"132","3573.955810546875","3573.955810546875","3573.955810546875","3748.6875","3748.6875","3748.6875","2986.458251953125","2986.458251953125","2986.458251953125","2983.46435546875","2983.46435546875","2983.46435546875","2884.854248046875","2884.854248046875","2884.854248046875","3221.0625","3221.0625","3221.0625"
"133","3283.522705078125","3283.522705078125","3283.522705078125","3559.18115234375","3559.18115234375","3559.18115234375","3001.25","3001.25","3001.25","3054.050048828125","3054.050048828125","3054.050048828125","2824.5625","2824.5625","2824.5625","2901.388916015625","2901.388916015625","2901.388916015625"
"134","3296.8125","3296.8125","3296.8125","3596.419677734375","3596.419677734375","3596.419677734375","3271.979248046875","3271.979248046875","3271.979248046875","3509.732177734375","3509.732177734375","3509.732177734375","3307.708251953125","3307.708251953125","3307.708251953125","3017.5","3017.5","3017.5"
"135","3231.22998046875","3231.22998046875","3231.22998046875","3474.125","3474.125","3474.125","1189.5625","1189.5625","1189.5625","1955.01513671875","1955.01513671875","1955.01513671875","2091.6875","2091.6875","2091.6875","1887.050048828125","1887.050048828125","1887.050048828125"
"136","2573.779296875","2573.779296875","2573.779296875","2904.919677734375","2904.919677734375","2904.919677734375","2157.199951171875","2157.199951171875","2157.199951171875","2791.821533203125","2791.821533203125","2791.821533203125","2191.46240234375","2191.46240234375","2191.46240234375","2220.35009765625","2220.35009765625","2220.35009765625"
"137","3356.338134765625","3356.338134765625","3356.338134765625","3649.388916015625","3649.388916015625","3649.388916015625","3387.72509765625","3387.72509765625","3387.72509765625","3717.9423828125","3717.9423828125","3717.9423828125","3265.607177734375","3265.607177734375","3265.607177734375","3421.302001953125","3421.302001953125","3421.302001953125"
"138","3011.347900390625","3011.347900390625","3011.347900390625","3332.138916015625","3332.138916015625","3332.138916015625","2303.446533203125","2303.446533203125","2303.446533203125","2314.199951171875","2314.199951171875","2314.199951171875","2695.58740234375","2695.58740234375","2695.58740234375","2629.322998046875","2629.322998046875","2629.322998046875"
"139","3153.8125","3153.8125","3153.8125","3476.09716796875","3476.09716796875","3476.09716796875","2952.22314453125","2952.22314453125","2952.22314453125","2832.428466796875","2832.428466796875","2832.428466796875","3415.546875","3415.546875","3415.546875","3058.7734375","3058.7734375","3058.7734375"
"140","2872.34521484375","2872.34521484375","2872.34521484375","3454.056884765625","3454.056884765625","3454.056884765625","2635.15283203125","2635.15283203125","2635.15283203125","2731.597900390625","2731.597900390625","2731.597900390625","2506.609375","2506.609375","2506.609375","2736.4140625","2736.4140625","2736.4140625"
"141","3092.634521484375","3092.634521484375","3092.634521484375","3455.068115234375","3455.068115234375","3455.068115234375","2679.6875","2679.6875","2679.6875","3006.699951171875","3006.699951171875","3006.699951171875","2998.58740234375","2998.58740234375","2998.58740234375","2540.1484375","2540.1484375","2540.1484375"
"142","3298.666748046875","3298.666748046875","3298.666748046875","3593.2568359375","3593.2568359375","3593.2568359375","2934.041748046875","2934.041748046875","2934.041748046875","2760.28125","2760.28125","2760.28125","3086.675048828125","3086.675048828125","3086.675048828125","3330.199951171875","3330.199951171875","3330.199951171875"
"143","2834.0341796875","2834.0341796875","2834.0341796875","3021.386474609375","3021.386474609375","3021.386474609375","3059.1875","3059.1875","3059.1875","2529.828857421875","2529.828857421875","2529.828857421875","3023.03759765625","3023.03759765625","3023.03759765625","2640.385498046875","2640.385498046875","2640.385498046875"
"144","2730.03564453125","2730.03564453125","2730.03564453125","3152.213623046875","3152.213623046875","3152.213623046875","2964.625","2964.625","2964.625","2707.78125","2707.78125","2707.78125","3234.28759765625","3234.28759765625","3234.28759765625","2969.9375","2969.9375","2969.9375"
"145","3262.699951171875","3262.699951171875","3262.699951171875","3520.4765625","3520.4765625","3520.4765625","2670.7734375","2670.7734375","2670.7734375","2779.392822265625","2779.392822265625","2779.392822265625","2893.208251953125","2893.208251953125","2893.208251953125","2756.017822265625","2756.017822265625","2756.017822265625"
"146","3576.423095703125","3576.423095703125","3576.423095703125","3791.571533203125","3791.571533203125","3791.571533203125","3085.385498046875","3085.385498046875","3085.385498046875","2773.880859375","2773.880859375","2773.880859375","3505.447998046875","3505.447998046875","3505.447998046875","2928.375","2928.375","2928.375"
"147","3254.580322265625","3254.580322265625","3254.580322265625","3512.7783203125","3512.7783203125","3512.7783203125","2792.642822265625","2792.642822265625","2792.642822265625","2761.691162109375","2761.691162109375","2761.691162109375","3362.0625","3362.0625","3362.0625","3147.425048828125","3147.425048828125","3147.425048828125"
"148","3457.148193359375","3457.148193359375","3457.148193359375","3700.463623046875","3700.463623046875","3700.463623046875","2615.015625","2615.015625","2615.015625","2467.546875","2467.546875","2467.546875","2730.375","2730.375","2730.375","2709.729248046875","2709.729248046875","2709.729248046875"
"149","3272.361083984375","3272.361083984375","3272.361083984375","3521.012451171875","3521.012451171875","3521.012451171875","2639.66064453125","2639.66064453125","2639.66064453125","2738.112548828125","2738.112548828125","2738.112548828125","2423.760498046875","2423.760498046875","2423.760498046875","2866.390625","2866.390625","2866.390625"
"150","3024.439697265625","3024.439697265625","3024.439697265625","2958.52880859375","2958.52880859375","2958.52880859375","3218.625","3218.625","3218.625","2217.294189453125","2217.294189453125","2217.294189453125","2804.40625","2804.40625","2804.40625","3102.050048828125","3102.050048828125","3102.050048828125"
"151","3400.291748046875","3400.291748046875","3400.291748046875","3540.541748046875","3540.541748046875","3540.541748046875","2378.8125","2378.8125","2378.8125","2736.625","2736.625","2736.625","2711.75","2711.75","2711.75","2734.708251953125","2734.708251953125","2734.708251953125"
"152","3420.794189453125","3420.794189453125","3420.794189453125","3686.078125","3686.078125","3686.078125","2937.645751953125","2937.645751953125","2937.645751953125","3331.477294921875","3331.477294921875","3331.477294921875","3038.39990234375","3038.39990234375","3038.39990234375","3092.125","3092.125","3092.125"
"153","3746.604248046875","3746.604248046875","3746.604248046875","3800.58935546875","3800.58935546875","3800.58935546875","2855.78759765625","2855.78759765625","2855.78759765625","3123.642822265625","3123.642822265625","3123.642822265625","2997.984375","2997.984375","2997.984375","2508.3125","2508.3125","2508.3125"
"154","3728.35009765625","3728.35009765625","3728.35009765625","3873.643798828125","3873.643798828125","3873.643798828125","3305.395751953125","3305.395751953125","3305.395751953125","3239.0625","3239.0625","3239.0625","3143.828125","3143.828125","3143.828125","3383.65185546875","3383.65185546875","3383.65185546875"
"155","3002.27001953125","3002.27001953125","3002.27001953125","3298.574951171875","3298.574951171875","3298.574951171875","2794.552001953125","2794.552001953125","2794.552001953125","2608.9091796875","2608.9091796875","2608.9091796875","2760.16259765625","2760.16259765625","2760.16259765625","2956.5","2956.5","2956.5"
"156","3058.26611328125","3058.26611328125","3058.26611328125","3236.244384765625","3236.244384765625","3236.244384765625","2054.34375","2054.34375","2054.34375","2093.77490234375","2093.77490234375","2093.77490234375","2447.265625","2447.265625","2447.265625","2366.9375","2366.9375","2366.9375"
"157","2658.10009765625","2658.10009765625","2658.10009765625","2769.00634765625","2769.00634765625","2769.00634765625","2977.859375","2977.859375","2977.859375","2735.135498046875","2735.135498046875","2735.135498046875","3108.85009765625","3108.85009765625","3108.85009765625","2922.25","2922.25","2922.25"
"158","3516.25","3516.25","3516.25","3804.3046875","3804.3046875","3804.3046875","2381.34375","2381.34375","2381.34375","2421.16357421875","2421.16357421875","2421.16357421875","2581.364501953125","2581.364501953125","2581.364501953125","2766.612548828125","2766.612548828125","2766.612548828125"
"159","3193.858642578125","3193.858642578125","3193.858642578125","3406.1328125","3406.1328125","3406.1328125","3384.984375","3384.984375","3384.984375","2635.21044921875","2635.21044921875","2635.21044921875","3451.85009765625","3451.85009765625","3451.85009765625","3087.125","3087.125","3087.125"
"160","2511.931884765625","2511.931884765625","2511.931884765625","2985.323974609375","2985.323974609375","2985.323974609375","3019.387451171875","3019.387451171875","3019.387451171875","2810.767822265625","2810.767822265625","2810.767822265625","3020.16259765625","3020.16259765625","3020.16259765625","3145.875","3145.875","3145.875"
"161","2737.5576171875","2737.5576171875","2737.5576171875","3113.676025390625","3113.676025390625","3113.676025390625","2909.8203125","2909.8203125","2909.8203125","2473.25","2473.25","2473.25","3265.21875","3265.21875","3265.21875","3109.21435546875","3109.21435546875","3109.21435546875"
"162","3229.949951171875","3229.949951171875","3229.949951171875","3588.143798828125","3588.143798828125","3588.143798828125","2808.25","2808.25","2808.25","2584.96044921875","2584.96044921875","2584.96044921875","2742.982177734375","2742.982177734375","2742.982177734375","2563.947998046875","2563.947998046875","2563.947998046875"
"163","2464.1923828125","2464.1923828125","2464.1923828125","3262.509033203125","3262.509033203125","3262.509033203125","2770.925048828125","2770.925048828125","2770.925048828125","2155.388916015625","2155.388916015625","2155.388916015625","3049.28125","3049.28125","3049.28125","2729.91259765625","2729.91259765625","2729.91259765625"
"164","3304.208251953125","3304.208251953125","3304.208251953125","3548.78564453125","3548.78564453125","3548.78564453125","2868.833251953125","2868.833251953125","2868.833251953125","2090.640625","2090.640625","2090.640625","2645.109375","2645.109375","2645.109375","2937.083251953125","2937.083251953125","2937.083251953125"
"165","3167.147705078125","3167.147705078125","3167.147705078125","3450.70458984375","3450.70458984375","3450.70458984375","2890.6953125","2890.6953125","2890.6953125","2767.125","2767.125","2767.125","2930.171875","2930.171875","2930.171875","2952.2109375","2952.2109375","2952.2109375"
"166","3145.77783203125","3145.77783203125","3145.77783203125","3566.27490234375","3566.27490234375","3566.27490234375","3009.5625","3009.5625","3009.5625","2769.520751953125","2769.520751953125","2769.520751953125","3082.6875","3082.6875","3082.6875","2566.078125","2566.078125","2566.078125"
"167","3357.228271484375","3357.228271484375","3357.228271484375","3608.2783203125","3608.2783203125","3608.2783203125","3097.080322265625","3097.080322265625","3097.080322265625","2709.771728515625","2709.771728515625","2709.771728515625","3149.09814453125","3149.09814453125","3149.09814453125","3104.979248046875","3104.979248046875","3104.979248046875"
"168","3070.703125","3070.703125","3070.703125","3459.375","3459.375","3459.375","2904.7734375","2904.7734375","2904.7734375","2535.675048828125","2535.675048828125","2535.675048828125","2897.25","2897.25","2897.25","3165.4375","3165.4375","3165.4375"
"169","2535.425048828125","2535.425048828125","2535.425048828125","3327.39208984375","3327.39208984375","3327.39208984375","3400.6875","3400.6875","3400.6875","3268.815673828125","3268.815673828125","3268.815673828125","3207.322998046875","3207.322998046875","3207.322998046875","3355.425048828125","3355.425048828125","3355.425048828125"
"170","3042.1875","3042.1875","3042.1875","3260.0625","3260.0625","3260.0625","2606.4375","2606.4375","2606.4375","2248.338134765625","2248.338134765625","2248.338134765625","2368.75","2368.75","2368.75","2290.490966796875","2290.490966796875","2290.490966796875"
"171","3259.9453125","3259.9453125","3259.9453125","3568.3076171875","3568.3076171875","3568.3076171875","3620.859375","3620.859375","3620.859375","2671.138916015625","2671.138916015625","2671.138916015625","2997.822998046875","2997.822998046875","2997.822998046875","3139.387451171875","3139.387451171875","3139.387451171875"
"172","3138.61279296875","3138.61279296875","3138.61279296875","3438.911376953125","3438.911376953125","3438.911376953125","2310.1875","2310.1875","2310.1875","2272.6806640625","2272.6806640625","2272.6806640625","2560.987548828125","2560.987548828125","2560.987548828125","2429.675048828125","2429.675048828125","2429.675048828125"
"173","3514.4658203125","3514.4658203125","3514.4658203125","3705.416748046875","3705.416748046875","3705.416748046875","3435.3125","3435.3125","3435.3125","3079.3125","3079.3125","3079.3125","2949.46240234375","2949.46240234375","2949.46240234375","2918.050048828125","2918.050048828125","2918.050048828125"
"174","3202.970703125","3202.970703125","3202.970703125","3511.953125","3511.953125","3511.953125","3186.4765625","3186.4765625","3186.4765625","3120.300048828125","3120.300048828125","3120.300048828125","3406.34375","3406.34375","3406.34375","2975.9306640625","2975.9306640625","2975.9306640625"
"175","3218.395751953125","3218.395751953125","3218.395751953125","3593.5","3593.5","3593.5","2927.8125","2927.8125","2927.8125","2479.0166015625","2479.0166015625","2479.0166015625","2755.71435546875","2755.71435546875","2755.71435546875","3010.071533203125","3010.071533203125","3010.071533203125"
"176","2701.426025390625","2701.426025390625","2701.426025390625","2966.96630859375","2966.96630859375","2966.96630859375","2392.447998046875","2392.447998046875","2392.447998046875","2125.66357421875","2125.66357421875","2125.66357421875","2598.5","2598.5","2598.5","2429.479248046875","2429.479248046875","2429.479248046875"
"177","3627.03125","3627.03125","3627.03125","3806.65966796875","3806.65966796875","3806.65966796875","2449.953125","2449.953125","2449.953125","1868.6805419921875","1868.6805419921875","1868.6805419921875","2720.020751953125","2720.020751953125","2720.020751953125","3280.75","3280.75","3280.75"
"178","3602.177001953125","3602.177001953125","3602.177001953125","3789.8701171875","3789.8701171875","3789.8701171875","3001.112548828125","3001.112548828125","3001.112548828125","2715.270263671875","2715.270263671875","2715.270263671875","2998.7451171875","2998.7451171875","2998.7451171875","2853.60009765625","2853.60009765625","2853.60009765625"
"179","2985.458251953125","2985.458251953125","2985.458251953125","3152.833251953125","3152.833251953125","3152.833251953125","3197.33935546875","3197.33935546875","3197.33935546875","2749.15625","2749.15625","2749.15625","3027.84375","3027.84375","3027.84375","3082.2265625","3082.2265625","3082.2265625"
"180","3657.85009765625","3657.85009765625","3657.85009765625","3938.03125","3938.03125","3938.03125","2968.050048828125","2968.050048828125","2968.050048828125","2529.946533203125","2529.946533203125","2529.946533203125","3320.487548828125","3320.487548828125","3320.487548828125","3319.489501953125","3319.489501953125","3319.489501953125"
"181","3567.333251953125","3567.333251953125","3567.333251953125","3763.395751953125","3763.395751953125","3763.395751953125","3399.25","3399.25","3399.25","3341.833251953125","3341.833251953125","3341.833251953125","2823.958251953125","2823.958251953125","2823.958251953125","3765.854248046875","3765.854248046875","3765.854248046875"
"182","2983.836181640625","2983.836181640625","2983.836181640625","3292.0791015625","3292.0791015625","3292.0791015625","2508.675048828125","2508.675048828125","2508.675048828125","2148.84375","2148.84375","2148.84375","2317.708251953125","2317.708251953125","2317.708251953125","2426.887451171875","2426.887451171875","2426.887451171875"
"183","2456.197998046875","2456.197998046875","2456.197998046875","2732.89990234375","2732.89990234375","2732.89990234375","2652.446533203125","2652.446533203125","2652.446533203125","1847.625","1847.625","1847.625","2708.137451171875","2708.137451171875","2708.137451171875","2597.34814453125","2597.34814453125","2597.34814453125"
"184","2834.138916015625","2834.138916015625","2834.138916015625","3379.645751953125","3379.645751953125","3379.645751953125","3382.578125","3382.578125","3382.578125","3072.838134765625","3072.838134765625","3072.838134765625","3186.2421875","3186.2421875","3186.2421875","3176.802001953125","3176.802001953125","3176.802001953125"
"185","3429.446533203125","3429.446533203125","3429.446533203125","3756.609375","3756.609375","3756.609375","3100.296875","3100.296875","3100.296875","2539.34716796875","2539.34716796875","2539.34716796875","3157.987548828125","3157.987548828125","3157.987548828125","3296.8125","3296.8125","3296.8125"
"186","3541.588134765625","3541.588134765625","3541.588134765625","3725.169677734375","3725.169677734375","3725.169677734375","2754.979248046875","2754.979248046875","2754.979248046875","2325.5908203125","2325.5908203125","2325.5908203125","2738.328125","2738.328125","2738.328125","2698.854248046875","2698.854248046875","2698.854248046875"
"187","2859.838134765625","2859.838134765625","2859.838134765625","2984.1708984375","2984.1708984375","2984.1708984375","2943.142822265625","2943.142822265625","2943.142822265625","2704.323486328125","2704.323486328125","2704.323486328125","2924.65185546875","2924.65185546875","2924.65185546875","2974.517822265625","2974.517822265625","2974.517822265625"
"188","3531.5","3531.5","3531.5","3798.102294921875","3798.102294921875","3798.102294921875","2677.375","2677.375","2677.375","2007.5625","2007.5625","2007.5625","2848.169677734375","2848.169677734375","2848.169677734375","2405.240966796875","2405.240966796875","2405.240966796875"
"189","3594.681884765625","3594.681884765625","3594.681884765625","3815.33935546875","3815.33935546875","3815.33935546875","3017.824951171875","3017.824951171875","3017.824951171875","2464.271728515625","2464.271728515625","2464.271728515625","2653.5703125","2653.5703125","2653.5703125","2703.760498046875","2703.760498046875","2703.760498046875"
"190","3338.25","3338.25","3338.25","3572.28125","3572.28125","3572.28125","2587.08740234375","2587.08740234375","2587.08740234375","2188.884521484375","2188.884521484375","2188.884521484375","2585.97314453125","2585.97314453125","2585.97314453125","2316.385498046875","2316.385498046875","2316.385498046875"
"191","2547.63037109375","2547.63037109375","2547.63037109375","3107.012451171875","3107.012451171875","3107.012451171875","2699.987548828125","2699.987548828125","2699.987548828125","2254.2236328125","2254.2236328125","2254.2236328125","2539.34375","2539.34375","2539.34375","2067.302001953125","2067.302001953125","2067.302001953125"
"192","3050.134033203125","3050.134033203125","3050.134033203125","2977.541748046875","2977.541748046875","2977.541748046875","2938.9375","2938.9375","2938.9375","2426.361083984375","2426.361083984375","2426.361083984375","3011.21875","3011.21875","3011.21875","2772.604248046875","2772.604248046875","2772.604248046875"
"193","3014.125","3014.125","3014.125","3581.625","3581.625","3581.625","3184.803466796875","3184.803466796875","3184.803466796875","2851.823974609375","2851.823974609375","2851.823974609375","3129.421875","3129.421875","3129.421875","3061.0693359375","3061.0693359375","3061.0693359375"
"194","3414.78857421875","3414.78857421875","3414.78857421875","3567.043701171875","3567.043701171875","3567.043701171875","2703.08740234375","2703.08740234375","2703.08740234375","2286.824951171875","2286.824951171875","2286.824951171875","2704","2704","2704","2598.421875","2598.421875","2598.421875"
"195","2468.517822265625","2468.517822265625","2468.517822265625","2412.28466796875","2412.28466796875","2412.28466796875","3156","3156","3156","2964.25","2964.25","2964.25","3231.15625","3231.15625","3231.15625","3052.77490234375","3052.77490234375","3052.77490234375"
"196","3641.933349609375","3641.933349609375","3641.933349609375","3823.145751953125","3823.145751953125","3823.145751953125","2662.5625","2662.5625","2662.5625","2335.884033203125","2335.884033203125","2335.884033203125","2741.043701171875","2741.043701171875","2741.043701171875","2636.932373046875","2636.932373046875","2636.932373046875"
"197","3346.875","3346.875","3346.875","3638.823974609375","3638.823974609375","3638.823974609375","2935.3984375","2935.3984375","2935.3984375","2857.02490234375","2857.02490234375","2857.02490234375","2891.25","2891.25","2891.25","2844.93115234375","2844.93115234375","2844.93115234375"
"198","3134.1416015625","3134.1416015625","3134.1416015625","3402.761474609375","3402.761474609375","3402.761474609375","2846.864501953125","2846.864501953125","2846.864501953125","2128.203125","2128.203125","2128.203125","3644.229248046875","3644.229248046875","3644.229248046875","3675.875","3675.875","3675.875"
"199","3015.72802734375","3015.72802734375","3015.72802734375","3289.953125","3289.953125","3289.953125","3202.916748046875","3202.916748046875","3202.916748046875","2704.092529296875","2704.092529296875","2704.092529296875","3077.392822265625","3077.392822265625","3077.392822265625","3379.354248046875","3379.354248046875","3379.354248046875"
"200","3139.25","3139.25","3139.25","3422.244384765625","3422.244384765625","3422.244384765625","2117.85009765625","2117.85009765625","2117.85009765625","2031.8382568359375","2031.8382568359375","2031.8382568359375","2708.479248046875","2708.479248046875","2708.479248046875","2410.762451171875","2410.762451171875","2410.762451171875"
"201","2997.342041015625","2997.342041015625","2997.342041015625","3239.25","3239.25","3239.25","3605.050048828125","3605.050048828125","3605.050048828125","3042.875","3042.875","3042.875","3147.4296875","3147.4296875","3147.4296875","2830.303466796875","2830.303466796875","2830.303466796875"
"202","3447.46435546875","3447.46435546875","3447.46435546875","3678.806884765625","3678.806884765625","3678.806884765625","3115.302001953125","3115.302001953125","3115.302001953125","2365.013916015625","2365.013916015625","2365.013916015625","2912.21435546875","2912.21435546875","2912.21435546875","3396","3396","3396"
"203","3342.0576171875","3342.0576171875","3342.0576171875","3708.294677734375","3708.294677734375","3708.294677734375","2825.302001953125","2825.302001953125","2825.302001953125","2579.384521484375","2579.384521484375","2579.384521484375","3134.612548828125","3134.612548828125","3134.612548828125","3220.921875","3220.921875","3220.921875"
"204","3238.513916015625","3238.513916015625","3238.513916015625","3501.8828125","3501.8828125","3501.8828125","3389.77685546875","3389.77685546875","3389.77685546875","2455.955810546875","2455.955810546875","2455.955810546875","3384.5","3384.5","3384.5","3303.02685546875","3303.02685546875","3303.02685546875"
"205","3475.691162109375","3475.691162109375","3475.691162109375","3741.1328125","3741.1328125","3741.1328125","2902.050048828125","2902.050048828125","2902.050048828125","2562.138916015625","2562.138916015625","2562.138916015625","2660.66064453125","2660.66064453125","2660.66064453125","2818.66259765625","2818.66259765625","2818.66259765625"
"206","3111.791748046875","3111.791748046875","3111.791748046875","3321.84033203125","3321.84033203125","3321.84033203125","2733.390625","2733.390625","2733.390625","2231.25","2231.25","2231.25","2671.647705078125","2671.647705078125","2671.647705078125","2742.96533203125","2742.96533203125","2742.96533203125"
"207","3463.806884765625","3463.806884765625","3463.806884765625","3600.6484375","3600.6484375","3600.6484375","3299.28125","3299.28125","3299.28125","2684.888916015625","2684.888916015625","2684.888916015625","3300.015625","3300.015625","3300.015625","3065.22509765625","3065.22509765625","3065.22509765625"
"208","2981.982177734375","2981.982177734375","2981.982177734375","3494.83935546875","3494.83935546875","3494.83935546875","3701.574951171875","3701.574951171875","3701.574951171875","2722.302001953125","2722.302001953125","2722.302001953125","3361.0625","3361.0625","3361.0625","3327.21435546875","3327.21435546875","3327.21435546875"
"209","3038.191162109375","3038.191162109375","3038.191162109375","3420.990966796875","3420.990966796875","3420.990966796875","3038.669677734375","3038.669677734375","3038.669677734375","2879.513916015625","2879.513916015625","2879.513916015625","2873.125","2873.125","2873.125","2719.6875","2719.6875","2719.6875"
"210","3051.451904296875","3051.451904296875","3051.451904296875","3394.6591796875","3394.6591796875","3394.6591796875","2589.84375","2589.84375","2589.84375","2416.669921875","2416.669921875","2416.669921875","2860.0625","2860.0625","2860.0625","2962.638916015625","2962.638916015625","2962.638916015625"
"211","3424.074951171875","3424.074951171875","3424.074951171875","3696.393798828125","3696.393798828125","3696.393798828125","3003.583251953125","3003.583251953125","3003.583251953125","2767.77490234375","2767.77490234375","2767.77490234375","3104.71240234375","3104.71240234375","3104.71240234375","3522.390625","3522.390625","3522.390625"
"212","3447.046875","3447.046875","3447.046875","3697.1640625","3697.1640625","3697.1640625","2496.0703125","2496.0703125","2496.0703125","2103.6875","2103.6875","2103.6875","2513.703125","2513.703125","2513.703125","2822.27685546875","2822.27685546875","2822.27685546875"
"213","3532.071533203125","3532.071533203125","3532.071533203125","3723.52685546875","3723.52685546875","3723.52685546875","3470.197998046875","3470.197998046875","3470.197998046875","3142.279296875","3142.279296875","3142.279296875","2883.47509765625","2883.47509765625","2883.47509765625","3437.177001953125","3437.177001953125","3437.177001953125"
"214","3411.602294921875","3411.602294921875","3411.602294921875","3499.45458984375","3499.45458984375","3499.45458984375","2560.458251953125","2560.458251953125","2560.458251953125","2560.0166015625","2560.0166015625","2560.0166015625","2640.520751953125","2640.520751953125","2640.520751953125","3445.770751953125","3445.770751953125","3445.770751953125"
"215","3214.428466796875","3214.428466796875","3214.428466796875","3575.59375","3575.59375","3575.59375","2713.09716796875","2713.09716796875","2713.09716796875","2502.46044921875","2502.46044921875","2502.46044921875","2618.484375","2618.484375","2618.484375","3019.9296875","3019.9296875","3019.9296875"
"216","2504.72216796875","2504.72216796875","2504.72216796875","2558.1806640625","2558.1806640625","2558.1806640625","3216.053466796875","3216.053466796875","3216.053466796875","2818.0341796875","2818.0341796875","2818.0341796875","3278.822998046875","3278.822998046875","3278.822998046875","3331.145751953125","3331.145751953125","3331.145751953125"
"217","3126.8076171875","3126.8076171875","3126.8076171875","3131.802001953125","3131.802001953125","3131.802001953125","2623.90625","2623.90625","2623.90625","2174.890625","2174.890625","2174.890625","2629.767822265625","2629.767822265625","2629.767822265625","2926.637451171875","2926.637451171875","2926.637451171875"
"218","3003.181884765625","3003.181884765625","3003.181884765625","3381.833251953125","3381.833251953125","3381.833251953125","3141.09375","3141.09375","3141.09375","2623.821533203125","2623.821533203125","2623.821533203125","2371.166748046875","2371.166748046875","2371.166748046875","2866.645751953125","2866.645751953125","2866.645751953125"
"219","3307.99072265625","3307.99072265625","3307.99072265625","3525.331298828125","3525.331298828125","3525.331298828125","2996.078125","2996.078125","2996.078125","2304.20654296875","2304.20654296875","2304.20654296875","3489.671875","3489.671875","3489.671875","3229.578125","3229.578125","3229.578125"
"220","3694.5","3694.5","3694.5","3899.701416015625","3899.701416015625","3899.701416015625","2814.47509765625","2814.47509765625","2814.47509765625","2761.681884765625","2761.681884765625","2761.681884765625","3008.3125","3008.3125","3008.3125","2653.479248046875","2653.479248046875","2653.479248046875"
"221","3358.04541015625","3358.04541015625","3358.04541015625","3622.125","3622.125","3622.125","2923.541748046875","2923.541748046875","2923.541748046875","2513.060302734375","2513.060302734375","2513.060302734375","2940.6015625","2940.6015625","2940.6015625","3339.234375","3339.234375","3339.234375"
"222","3310.37060546875","3310.37060546875","3310.37060546875","3503.90625","3503.90625","3503.90625","1913.3333740234375","1913.3333740234375","1913.3333740234375","1838.3690185546875","1838.3690185546875","1838.3690185546875","2009.390625","2009.390625","2009.390625","2436.953125","2436.953125","2436.953125"
"223","2890.4599609375","2890.4599609375","2890.4599609375","3246.763916015625","3246.763916015625","3246.763916015625","3009.15625","3009.15625","3009.15625","2346.25","2346.25","2346.25","2472.041748046875","2472.041748046875","2472.041748046875","2575.8125","2575.8125","2575.8125"
"224","3369.5908203125","3369.5908203125","3369.5908203125","3674.427001953125","3674.427001953125","3674.427001953125","2878.583251953125","2878.583251953125","2878.583251953125","2374.28759765625","2374.28759765625","2374.28759765625","2958.1796875","2958.1796875","2958.1796875","2785.75","2785.75","2785.75"
"225","3408.25","3408.25","3408.25","3777.322998046875","3777.322998046875","3777.322998046875","2968.52783203125","2968.52783203125","2968.52783203125","2342.6171875","2342.6171875","2342.6171875","3145.2421875","3145.2421875","3145.2421875","3069.612548828125","3069.612548828125","3069.612548828125"
"226","2964.519287109375","2964.519287109375","2964.519287109375","3311.53125","3311.53125","3311.53125","2397.8125","2397.8125","2397.8125","2123.203125","2123.203125","2123.203125","3076.145751953125","3076.145751953125","3076.145751953125","3587.125","3587.125","3587.125"
"227","3436.78125","3436.78125","3436.78125","3727.05615234375","3727.05615234375","3727.05615234375","2622.7578125","2622.7578125","2622.7578125","2048.39697265625","2048.39697265625","2048.39697265625","2599.21533203125","2599.21533203125","2599.21533203125","2575.203125","2575.203125","2575.203125"
"228","3700.60009765625","3700.60009765625","3700.60009765625","3888.708251953125","3888.708251953125","3888.708251953125","2443.5068359375","2443.5068359375","2443.5068359375","1963.375","1963.375","1963.375","2411.40966796875","2411.40966796875","2411.40966796875","2668.134033203125","2668.134033203125","2668.134033203125"
"229","3034.66259765625","3034.66259765625","3034.66259765625","3456.52490234375","3456.52490234375","3456.52490234375","2791.34033203125","2791.34033203125","2791.34033203125","2349.08935546875","2349.08935546875","2349.08935546875","2688.015625","2688.015625","2688.015625","2976.7421875","2976.7421875","2976.7421875"
"230","3513.641357421875","3513.641357421875","3513.641357421875","3564.10791015625","3564.10791015625","3564.10791015625","2894.864501953125","2894.864501953125","2894.864501953125","2394.263916015625","2394.263916015625","2394.263916015625","2922.987548828125","2922.987548828125","2922.987548828125","2755.490966796875","2755.490966796875","2755.490966796875"
"231","2564.8095703125","2564.8095703125","2564.8095703125","3167.676025390625","3167.676025390625","3167.676025390625","2825.5703125","2825.5703125","2825.5703125","2574.140625","2574.140625","2574.140625","2859.3203125","2859.3203125","2859.3203125","3133.865966796875","3133.865966796875","3133.865966796875"
"232","3258.40283203125","3258.40283203125","3258.40283203125","3609.96533203125","3609.96533203125","3609.96533203125","3107.6796875","3107.6796875","3107.6796875","2612.148193359375","2612.148193359375","2612.148193359375","2901.352294921875","2901.352294921875","2901.352294921875","3290.729248046875","3290.729248046875","3290.729248046875"
"233","3020.59716796875","3020.59716796875","3020.59716796875","3497.6943359375","3497.6943359375","3497.6943359375","2584.390625","2584.390625","2584.390625","2646.875","2646.875","2646.875","2769.458251953125","2769.458251953125","2769.458251953125","2970.8125","2970.8125","2970.8125"
"234","3048.318115234375","3048.318115234375","3048.318115234375","3025.375","3025.375","3025.375","2735.135498046875","2735.135498046875","2735.135498046875","2243.1875","2243.1875","2243.1875","3147.5","3147.5","3147.5","3343.84375","3343.84375","3343.84375"
"235","2978.3125","2978.3125","2978.3125","3107.625","3107.625","3107.625","2967.09375","2967.09375","2967.09375","3064.625","3064.625","3064.625","3009.447998046875","3009.447998046875","3009.447998046875","3231.1875","3231.1875","3231.1875"
"236","2999.208251953125","2999.208251953125","2999.208251953125","3350.326904296875","3350.326904296875","3350.326904296875","2408.0625","2408.0625","2408.0625","2223.696533203125","2223.696533203125","2223.696533203125","2816.979248046875","2816.979248046875","2816.979248046875","2613.859375","2613.859375","2613.859375"
"237","3602.258544921875","3602.258544921875","3602.258544921875","3798.808349609375","3798.808349609375","3798.808349609375","2757.890625","2757.890625","2757.890625","2236.76611328125","2236.76611328125","2236.76611328125","2931.791748046875","2931.791748046875","2931.791748046875","3098.46875","3098.46875","3098.46875"
"238","3289.833251953125","3289.833251953125","3289.833251953125","3598.286376953125","3598.286376953125","3598.286376953125","2964.425048828125","2964.425048828125","2964.425048828125","2438.85009765625","2438.85009765625","2438.85009765625","3028.761474609375","3028.761474609375","3028.761474609375","3395.15966796875","3395.15966796875","3395.15966796875"
"239","3404.3125","3404.3125","3404.3125","3673.416748046875","3673.416748046875","3673.416748046875","1948.3021240234375","1948.3021240234375","1948.3021240234375","1953.2059326171875","1953.2059326171875","1953.2059326171875","2149.166748046875","2149.166748046875","2149.166748046875","2262.015625","2262.015625","2262.015625"
"240","3769.25","3769.25","3769.25","3858.731201171875","3858.731201171875","3858.731201171875","2967.604248046875","2967.604248046875","2967.604248046875","2521.65185546875","2521.65185546875","2521.65185546875","3039.03564453125","3039.03564453125","3039.03564453125","3177.887451171875","3177.887451171875","3177.887451171875"
"241","3464.395751953125","3464.395751953125","3464.395751953125","3829.25","3829.25","3829.25","3364.99365234375","3364.99365234375","3364.99365234375","3015.945556640625","3015.945556640625","3015.945556640625","3364.738525390625","3364.738525390625","3364.738525390625","3429.050048828125","3429.050048828125","3429.050048828125"
"242","3548.75","3548.75","3548.75","3641.0078125","3641.0078125","3641.0078125","2713.40185546875","2713.40185546875","2713.40185546875","2025.3853759765625","2025.3853759765625","2025.3853759765625","2443.015625","2443.015625","2443.015625","2720.8046875","2720.8046875","2720.8046875"
"243","2355.70458984375","2355.70458984375","2355.70458984375","2897.139404296875","2897.139404296875","2897.139404296875","3002.625","3002.625","3002.625","2471.18994140625","2471.18994140625","2471.18994140625","3176.010498046875","3176.010498046875","3176.010498046875","3159.517822265625","3159.517822265625","3159.517822265625"
"244","2291.88330078125","2291.88330078125","2291.88330078125","3170.611083984375","3170.611083984375","3170.611083984375","2288.91259765625","2288.91259765625","2288.91259765625","2512.6875","2512.6875","2512.6875","2711.953125","2711.953125","2711.953125","2698.75","2698.75","2698.75"
"245","3066.823974609375","3066.823974609375","3066.823974609375","3376.76708984375","3376.76708984375","3376.76708984375","1797.9107666015625","1797.9107666015625","1797.9107666015625","1756.5089111328125","1756.5089111328125","1756.5089111328125","2083.737548828125","2083.737548828125","2083.737548828125","2074.35009765625","2074.35009765625","2074.35009765625"
"246","3368.54541015625","3368.54541015625","3368.54541015625","3552.28125","3552.28125","3552.28125","2635","2635","2635","2680.354248046875","2680.354248046875","2680.354248046875","3011.10009765625","3011.10009765625","3011.10009765625","2400.3125","2400.3125","2400.3125"
"247","2713.935546875","2713.935546875","2713.935546875","2891.6298828125","2891.6298828125","2891.6298828125","1818.5999755859375","1818.5999755859375","1818.5999755859375","1628.6785888671875","1628.6785888671875","1628.6785888671875","2558.84375","2558.84375","2558.84375","2208.1875","2208.1875","2208.1875"
"248","3062.939697265625","3062.939697265625","3062.939697265625","3479.326904296875","3479.326904296875","3479.326904296875","2496.365966796875","2496.365966796875","2496.365966796875","2317.04541015625","2317.04541015625","2317.04541015625","2626.770751953125","2626.770751953125","2626.770751953125","2867.416748046875","2867.416748046875","2867.416748046875"
"249","","","","3611.359375","3611.359375","3611.359375","2622.96240234375","2622.96240234375","2622.96240234375","2063.308837890625","2063.308837890625","2063.308837890625","2774.572998046875","2774.572998046875","2774.572998046875","2451.53564453125","2451.53564453125","2451.53564453125"
"250","","","","3545.33935546875","3545.33935546875","3545.33935546875","2732.25","2732.25","2732.25","2482.75","2482.75","2482.75","2734","2734","2734","2594.229248046875","2594.229248046875","2594.229248046875"
"251","","","","3641.9296875","3641.9296875","3641.9296875","2783.859375","2783.859375","2783.859375","2360.050048828125","2360.050048828125","2360.050048828125","2567.675048828125","2567.675048828125","2567.675048828125","2487.083251953125","2487.083251953125","2487.083251953125"
"252","","","","2956.765625","2956.765625","2956.765625","2745.449951171875","2745.449951171875","2745.449951171875","2082.228271484375","2082.228271484375","2082.228271484375","2657.484375","2657.484375","2657.484375","2521.770751953125","2521.770751953125","2521.770751953125"
"253","","","","3739.759033203125","3739.759033203125","3739.759033203125","2649.5","2649.5","2649.5","2555.078857421875","2555.078857421875","2555.078857421875","2770.046875","2770.046875","2770.046875","2640.365966796875","2640.365966796875","2640.365966796875"
"254","","","","3368.482177734375","3368.482177734375","3368.482177734375","2126.97314453125","2126.97314453125","2126.97314453125","1806.875","1806.875","1806.875","2207.053466796875","2207.053466796875","2207.053466796875","2353.203125","2353.203125","2353.203125"
"255","","","","3716.0625","3716.0625","3716.0625","2464.59375","2464.59375","2464.59375","1837.0625","1837.0625","1837.0625","2495.625","2495.625","2495.625","2710.734375","2710.734375","2710.734375"
"256","","","","3537.355712890625","3537.355712890625","3537.355712890625","2394.3828125","2394.3828125","2394.3828125","2265.840087890625","2265.840087890625","2265.840087890625","2833.770751953125","2833.770751953125","2833.770751953125","2688.50634765625","2688.50634765625","2688.50634765625"
"257","","","","3720.208251953125","3720.208251953125","3720.208251953125","2263.487548828125","2263.487548828125","2263.487548828125","2261.9443359375","2261.9443359375","2261.9443359375","2234.28759765625","2234.28759765625","2234.28759765625","2669.125","2669.125","2669.125"
"258","","","","3740.23291015625","3740.23291015625","3740.23291015625","2195.239501953125","2195.239501953125","2195.239501953125","1663.260009765625","1663.260009765625","1663.260009765625","2457.5625","2457.5625","2457.5625","2266.666748046875","2266.666748046875","2266.666748046875"
"259","","","","3237.699951171875","3237.699951171875","3237.699951171875","2378.0625","2378.0625","2378.0625","2447.52783203125","2447.52783203125","2447.52783203125","2905.625","2905.625","2905.625","2819.083251953125","2819.083251953125","2819.083251953125"
"260","","","","3469.552001953125","3469.552001953125","3469.552001953125","2211.083251953125","2211.083251953125","2211.083251953125","1368.300048828125","1368.300048828125","1368.300048828125","1766.953125","1766.953125","1766.953125","2829.0625","2829.0625","2829.0625"
"261","","","","3706.176025390625","3706.176025390625","3706.176025390625","2643.1328125","2643.1328125","2643.1328125","2520.338134765625","2520.338134765625","2520.338134765625","2892.178466796875","2892.178466796875","2892.178466796875","2660.328125","2660.328125","2660.328125"
"262","","","","3701.234375","3701.234375","3701.234375","2477.979248046875","2477.979248046875","2477.979248046875","2258.34716796875","2258.34716796875","2258.34716796875","2957.10009765625","2957.10009765625","2957.10009765625","2863.203125","2863.203125","2863.203125"
"263","","","","3302.91259765625","3302.91259765625","3302.91259765625","1626.3125","1626.3125","1626.3125","1314.2142333984375","1314.2142333984375","1314.2142333984375","2356.109375","2356.109375","2356.109375","2383.729248046875","2383.729248046875","2383.729248046875"
"264","","","","3503.25","3503.25","3503.25","2820.46875","2820.46875","2820.46875","2253.5","2253.5","2253.5","2811.612548828125","2811.612548828125","2811.612548828125","2817.828125","2817.828125","2817.828125"
"265","","","","3097.0283203125","3097.0283203125","3097.0283203125","2723.078125","2723.078125","2723.078125","2359.109375","2359.109375","2359.109375","3039.604248046875","3039.604248046875","3039.604248046875","2789.265625","2789.265625","2789.265625"
"266","","","","3348.0625","3348.0625","3348.0625","2547.135498046875","2547.135498046875","2547.135498046875","2092.068115234375","2092.068115234375","2092.068115234375","2843.364501953125","2843.364501953125","2843.364501953125","2844.177001953125","2844.177001953125","2844.177001953125"
"267","","","","3839.15625","3839.15625","3839.15625","2574.5","2574.5","2574.5","2513.550048828125","2513.550048828125","2513.550048828125","3050.553466796875","3050.553466796875","3050.553466796875","3005.455322265625","3005.455322265625","3005.455322265625"
"268","","","","3641.895751953125","3641.895751953125","3641.895751953125","3310.90185546875","3310.90185546875","3310.90185546875","2907.4404296875","2907.4404296875","2907.4404296875","3473.484375","3473.484375","3473.484375","3471.955322265625","3471.955322265625","3471.955322265625"
"269","","","","3783.2578125","3783.2578125","3783.2578125","2569.3125","2569.3125","2569.3125","2235.521728515625","2235.521728515625","2235.521728515625","2632.637451171875","2632.637451171875","2632.637451171875","2940.125","2940.125","2940.125"
"270","","","","3523.21533203125","3523.21533203125","3523.21533203125","2808.768798828125","2808.768798828125","2808.768798828125","2333.69287109375","2333.69287109375","2333.69287109375","2834.863525390625","2834.863525390625","2834.863525390625","2987.611083984375","2987.611083984375","2987.611083984375"
"271","","","","3579.86865234375","3579.86865234375","3579.86865234375","2747.91064453125","2747.91064453125","2747.91064453125","1888.5340576171875","1888.5340576171875","1888.5340576171875","3045.607177734375","3045.607177734375","3045.607177734375","2931.822998046875","2931.822998046875","2931.822998046875"
"272","","","","3446.57958984375","3446.57958984375","3446.57958984375","1668.425048828125","1668.425048828125","1668.425048828125","1559.1607666015625","1559.1607666015625","1559.1607666015625","1896.78125","1896.78125","1896.78125","1943.794677734375","1943.794677734375","1943.794677734375"
"273","","","","2343.3681640625","2343.3681640625","2343.3681640625","3196.114501953125","3196.114501953125","3196.114501953125","2361.112548828125","2361.112548828125","2361.112548828125","3275.145751953125","3275.145751953125","3275.145751953125","3392.08740234375","3392.08740234375","3392.08740234375"
"274","","","","3726.4296875","3726.4296875","3726.4296875","2160.050048828125","2160.050048828125","2160.050048828125","2132.8701171875","2132.8701171875","2132.8701171875","2508.550048828125","2508.550048828125","2508.550048828125","2472.125","2472.125","2472.125"
"275","","","","3239.27880859375","3239.27880859375","3239.27880859375","2488.671875","2488.671875","2488.671875","2248.6875","2248.6875","2248.6875","2791.010498046875","2791.010498046875","2791.010498046875","2721.03759765625","2721.03759765625","2721.03759765625"
"276","","","","3402.98291015625","3402.98291015625","3402.98291015625","2007.78125","2007.78125","2007.78125","2163.9833984375","2163.9833984375","2163.9833984375","2447.669677734375","2447.669677734375","2447.669677734375","2315.580322265625","2315.580322265625","2315.580322265625"
"277","","","","3864.1875","3864.1875","3864.1875","2418.425048828125","2418.425048828125","2418.425048828125","2384.333251953125","2384.333251953125","2384.333251953125","2900.08740234375","2900.08740234375","2900.08740234375","2762.140625","2762.140625","2762.140625"
"278","","","","3438.380615234375","3438.380615234375","3438.380615234375","2683.354248046875","2683.354248046875","2683.354248046875","1819.09033203125","1819.09033203125","1819.09033203125","2933.395751953125","2933.395751953125","2933.395751953125","3083.47509765625","3083.47509765625","3083.47509765625"
"279","","","","3852.739501953125","3852.739501953125","3852.739501953125","1711.5416259765625","1711.5416259765625","1711.5416259765625","1797.3846435546875","1797.3846435546875","1797.3846435546875","3004.40625","3004.40625","3004.40625","2061.208251953125","2061.208251953125","2061.208251953125"
"280","","","","3606.09716796875","3606.09716796875","3606.09716796875","2750.9296875","2750.9296875","2750.9296875","2567.360107421875","2567.360107421875","2567.360107421875","3234.104248046875","3234.104248046875","3234.104248046875","2861.06884765625","2861.06884765625","2861.06884765625"
"281","","","","3481.84033203125","3481.84033203125","3481.84033203125","2564.91064453125","2564.91064453125","2564.91064453125","2356.565673828125","2356.565673828125","2356.565673828125","2976.46875","2976.46875","2976.46875","2622.90625","2622.90625","2622.90625"
"282","","","","3296.236083984375","3296.236083984375","3296.236083984375","2216.58740234375","2216.58740234375","2216.58740234375","1709.5882568359375","1709.5882568359375","1709.5882568359375","2254.84375","2254.84375","2254.84375","2127.96875","2127.96875","2127.96875"
"283","","","","3467.90625","3467.90625","3467.90625","2672.1875","2672.1875","2672.1875","2066.865478515625","2066.865478515625","2066.865478515625","3196.25","3196.25","3196.25","2572.6875","2572.6875","2572.6875"
"284","","","","3829.3984375","3829.3984375","3829.3984375","3234.28125","3234.28125","3234.28125","3026.050048828125","3026.050048828125","3026.050048828125","2817.21875","2817.21875","2817.21875","3232.96875","3232.96875","3232.96875"
"285","","","","3753.34814453125","3753.34814453125","3753.34814453125","2911.328125","2911.328125","2911.328125","2705.861083984375","2705.861083984375","2705.861083984375","3383.634033203125","3383.634033203125","3383.634033203125","3263.52685546875","3263.52685546875","3263.52685546875"
"286","","","","3915.64990234375","3915.64990234375","3915.64990234375","2594.458251953125","2594.458251953125","2594.458251953125","1846.5833740234375","1846.5833740234375","1846.5833740234375","2920.520751953125","2920.520751953125","2920.520751953125","2914.020751953125","2914.020751953125","2914.020751953125"
"287","","","","3617.104248046875","3617.104248046875","3617.104248046875","2907.612548828125","2907.612548828125","2907.612548828125","2558.482177734375","2558.482177734375","2558.482177734375","2821.85009765625","2821.85009765625","2821.85009765625","2651.949951171875","2651.949951171875","2651.949951171875"
"288","","","","3407.119384765625","3407.119384765625","3407.119384765625","1915.359375","1915.359375","1915.359375","1426.7142333984375","1426.7142333984375","1426.7142333984375","2149.137451171875","2149.137451171875","2149.137451171875","2033.1458740234375","2033.1458740234375","2033.1458740234375"
"289","","","","3798.78369140625","3798.78369140625","3798.78369140625","2298.5625","2298.5625","2298.5625","2195.637939453125","2195.637939453125","2195.637939453125","2644.02783203125","2644.02783203125","2644.02783203125","2744.75","2744.75","2744.75"
"290","","","","3471.053466796875","3471.053466796875","3471.053466796875","2482.84375","2482.84375","2482.84375","2055.66259765625","2055.66259765625","2055.66259765625","2900.615966796875","2900.615966796875","2900.615966796875","2497.229248046875","2497.229248046875","2497.229248046875"
"291","","","","3811.4609375","3811.4609375","3811.4609375","2583.859375","2583.859375","2583.859375","2364.375","2364.375","2364.375","2739.955322265625","2739.955322265625","2739.955322265625","2940.72314453125","2940.72314453125","2940.72314453125"
"292","","","","2835.973876953125","2835.973876953125","2835.973876953125","1766.25","1766.25","1766.25","1692.3214111328125","1692.3214111328125","1692.3214111328125","2397.046875","2397.046875","2397.046875","2208.375","2208.375","2208.375"
"293","","","","2824.386474609375","2824.386474609375","2824.386474609375","2581.958251953125","2581.958251953125","2581.958251953125","1965.7916259765625","1965.7916259765625","1965.7916259765625","2515.890625","2515.890625","2515.890625","3121.6875","3121.6875","3121.6875"
"294","","","","3369.734375","3369.734375","3369.734375","2282.458251953125","2282.458251953125","2282.458251953125","2043","2043","2043","2523.875","2523.875","2523.875","2925.796875","2925.796875","2925.796875"
"295","","","","3690.0068359375","3690.0068359375","3690.0068359375","2006.0546875","2006.0546875","2006.0546875","1787.65478515625","1787.65478515625","1787.65478515625","2632.2578125","2632.2578125","2632.2578125","2751.916748046875","2751.916748046875","2751.916748046875"
"296","","","","3069.9375","3069.9375","3069.9375","1714.0625","1714.0625","1714.0625","1514.7833251953125","1514.7833251953125","1514.7833251953125","1802.234375","1802.234375","1802.234375","1660.53125","1660.53125","1660.53125"
"297","","","","3613.0625","3613.0625","3613.0625","2193.52783203125","2193.52783203125","2193.52783203125","2116.35595703125","2116.35595703125","2116.35595703125","2494.1875","2494.1875","2494.1875","2265.90185546875","2265.90185546875","2265.90185546875"
"298","","","","3726.86865234375","3726.86865234375","3726.86865234375","2218.732177734375","2218.732177734375","2218.732177734375","2408.166748046875","2408.166748046875","2408.166748046875","2644.635498046875","2644.635498046875","2644.635498046875","2660.635498046875","2660.635498046875","2660.635498046875"
"299","","","","3379.494384765625","3379.494384765625","3379.494384765625","3079.887451171875","3079.887451171875","3079.887451171875","2750.208251953125","2750.208251953125","2750.208251953125","2872.291748046875","2872.291748046875","2872.291748046875","3624.328125","3624.328125","3624.328125"
"300","","","","3745.375","3745.375","3745.375","2970.6484375","2970.6484375","2970.6484375","3048.470703125","3048.470703125","3048.470703125","3193.919677734375","3193.919677734375","3193.919677734375","3290.0234375","3290.0234375","3290.0234375"
"301","","","","3326.673095703125","3326.673095703125","3326.673095703125","1936.7708740234375","1936.7708740234375","1936.7708740234375","1700.6875","1700.6875","1700.6875","2176.482177734375","2176.482177734375","2176.482177734375","2829.625","2829.625","2829.625"
"302","","","","3337.611083984375","3337.611083984375","3337.611083984375","2398.65283203125","2398.65283203125","2398.65283203125","1967.6953125","1967.6953125","1967.6953125","3581.96240234375","3581.96240234375","3581.96240234375","2631.112548828125","2631.112548828125","2631.112548828125"
"303","","","","3772.7158203125","3772.7158203125","3772.7158203125","2379.041748046875","2379.041748046875","2379.041748046875","2317.306884765625","2317.306884765625","2317.306884765625","2648.40625","2648.40625","2648.40625","2935.359375","2935.359375","2935.359375"
"304","","","","3386.043701171875","3386.043701171875","3386.043701171875","2108","2108","2108","2002.1029052734375","2002.1029052734375","2002.1029052734375","2790.78125","2790.78125","2790.78125","2220.625","2220.625","2220.625"
"305","","","","3320.229248046875","3320.229248046875","3320.229248046875","2431.47509765625","2431.47509765625","2431.47509765625","2407.42041015625","2407.42041015625","2407.42041015625","3195.71240234375","3195.71240234375","3195.71240234375","3300.60009765625","3300.60009765625","3300.60009765625"
"306","","","","3684.333251953125","3684.333251953125","3684.333251953125","2453.15185546875","2453.15185546875","2453.15185546875","2234.238037109375","2234.238037109375","2234.238037109375","2682.395751953125","2682.395751953125","2682.395751953125","2643.33740234375","2643.33740234375","2643.33740234375"
"307","","","","3219.67041015625","3219.67041015625","3219.67041015625","2034.765625","2034.765625","2034.765625","1954.5374755859375","1954.5374755859375","1954.5374755859375","2601.050048828125","2601.050048828125","2601.050048828125","2357.270751953125","2357.270751953125","2357.270751953125"
"308","","","","3891.574951171875","3891.574951171875","3891.574951171875","2023.734375","2023.734375","2023.734375","2323.125","2323.125","2323.125","2515.90625","2515.90625","2515.90625","2612.020751953125","2612.020751953125","2612.020751953125"
"309","","","","2730.3681640625","2730.3681640625","2730.3681640625","2495.9296875","2495.9296875","2495.9296875","2072.8798828125","2072.8798828125","2072.8798828125","2707.0234375","2707.0234375","2707.0234375","2924.52490234375","2924.52490234375","2924.52490234375"
"310","","","","3140.1591796875","3140.1591796875","3140.1591796875","2698.78125","2698.78125","2698.78125","2430.375","2430.375","2430.375","3342.419677734375","3342.419677734375","3342.419677734375","3313.3125","3313.3125","3313.3125"
"311","","","","3754.3818359375","3754.3818359375","3754.3818359375","2207.449951171875","2207.449951171875","2207.449951171875","1816.3853759765625","1816.3853759765625","1816.3853759765625","2599.987548828125","2599.987548828125","2599.987548828125","2607.625","2607.625","2607.625"
"312","","","","3530.09814453125","3530.09814453125","3530.09814453125","2665.28125","2665.28125","2665.28125","2260.761474609375","2260.761474609375","2260.761474609375","2914.625","2914.625","2914.625","3136.64990234375","3136.64990234375","3136.64990234375"
"313","","","","3288.22509765625","3288.22509765625","3288.22509765625","2473.791748046875","2473.791748046875","2473.791748046875","1826.2916259765625","1826.2916259765625","1826.2916259765625","2401.5625","2401.5625","2401.5625","2585.484375","2585.484375","2585.484375"
"314","","","","3623.1181640625","3623.1181640625","3623.1181640625","2111.387451171875","2111.387451171875","2111.387451171875","2040.1666259765625","2040.1666259765625","2040.1666259765625","2244.354248046875","2244.354248046875","2244.354248046875","2570.25","2570.25","2570.25"
"315","","","","3738.104248046875","3738.104248046875","3738.104248046875","2693.637451171875","2693.637451171875","2693.637451171875","2409.0908203125","2409.0908203125","2409.0908203125","3641.520751953125","3641.520751953125","3641.520751953125","3058.890625","3058.890625","3058.890625"
"316","","","","3530.70458984375","3530.70458984375","3530.70458984375","2916.375","2916.375","2916.375","2460.8076171875","2460.8076171875","2460.8076171875","2928.112548828125","2928.112548828125","2928.112548828125","2873.34814453125","2873.34814453125","2873.34814453125"
"317","","","","3532.800048828125","3532.800048828125","3532.800048828125","3068.009033203125","3068.009033203125","3068.009033203125","2395.86962890625","2395.86962890625","2395.86962890625","2956.267822265625","2956.267822265625","2956.267822265625","2980.734375","2980.734375","2980.734375"
"318","","","","3450.2734375","3450.2734375","3450.2734375","2486.46875","2486.46875","2486.46875","1857.8043212890625","1857.8043212890625","1857.8043212890625","2572.552001953125","2572.552001953125","2572.552001953125","2562.729248046875","2562.729248046875","2562.729248046875"
"319","","","","3392.818115234375","3392.818115234375","3392.818115234375","3138.927001953125","3138.927001953125","3138.927001953125","2368.02783203125","2368.02783203125","2368.02783203125","2984.21240234375","2984.21240234375","2984.21240234375","3053.1796875","3053.1796875","3053.1796875"
"320","","","","3857.8818359375","3857.8818359375","3857.8818359375","2211.239501953125","2211.239501953125","2211.239501953125","1862.4305419921875","1862.4305419921875","1862.4305419921875","2659.364501953125","2659.364501953125","2659.364501953125","2322.580322265625","2322.580322265625","2322.580322265625"
"321","","","","3572.0390625","3572.0390625","3572.0390625","2162.8193359375","2162.8193359375","2162.8193359375","1767.4464111328125","1767.4464111328125","1767.4464111328125","2821.458251953125","2821.458251953125","2821.458251953125","2439.5","2439.5","2439.5"
"322","","","","3453.41259765625","3453.41259765625","3453.41259765625","2182.425048828125","2182.425048828125","2182.425048828125","2748.800048828125","2748.800048828125","2748.800048828125","2866.612548828125","2866.612548828125","2866.612548828125","2854.862548828125","2854.862548828125","2854.862548828125"
"323","","","","3797.9296875","3797.9296875","3797.9296875","2534.074951171875","2534.074951171875","2534.074951171875","3044.03125","3044.03125","3044.03125","2894.928466796875","2894.928466796875","2894.928466796875","3549.208251953125","3549.208251953125","3549.208251953125"
"324","","","","3440.99365234375","3440.99365234375","3440.99365234375","2294.392822265625","2294.392822265625","2294.392822265625","2076.306884765625","2076.306884765625","2076.306884765625","2669.0390625","2669.0390625","2669.0390625","3153.47509765625","3153.47509765625","3153.47509765625"
"325","","","","3576.0068359375","3576.0068359375","3576.0068359375","1732.25","1732.25","1732.25","1321.047607421875","1321.047607421875","1321.047607421875","2428.3125","2428.3125","2428.3125","1824.6875","1824.6875","1824.6875"
"326","","","","3610.081298828125","3610.081298828125","3610.081298828125","2749.294677734375","2749.294677734375","2749.294677734375","1975.2413330078125","1975.2413330078125","1975.2413330078125","2703.6318359375","2703.6318359375","2703.6318359375","2885.421875","2885.421875","2885.421875"
"327","","","","3432.875","3432.875","3432.875","1794.449951171875","1794.449951171875","1794.449951171875","1789.984375","1789.984375","1789.984375","2341.887451171875","2341.887451171875","2341.887451171875","2547.824951171875","2547.824951171875","2547.824951171875"
"328","","","","3652.59375","3652.59375","3652.59375","2181.41064453125","2181.41064453125","2181.41064453125","2082.99169921875","2082.99169921875","2082.99169921875","2462.3984375","2462.3984375","2462.3984375","2482.072998046875","2482.072998046875","2482.072998046875"
"329","","","","3413.5","3413.5","3413.5","2327.703125","2327.703125","2327.703125","2099.08935546875","2099.08935546875","2099.08935546875","2689.40625","2689.40625","2689.40625","3044.895751953125","3044.895751953125","3044.895751953125"
"330","","","","3237.46533203125","3237.46533203125","3237.46533203125","2986.2890625","2986.2890625","2986.2890625","2384.236083984375","2384.236083984375","2384.236083984375","3270.3515625","3270.3515625","3270.3515625","2957.75","2957.75","2957.75"
"331","","","","3307.362548828125","3307.362548828125","3307.362548828125","2630.34375","2630.34375","2630.34375","2314.4833984375","2314.4833984375","2314.4833984375","2832.821533203125","2832.821533203125","2832.821533203125","3033.9375","3033.9375","3033.9375"
"332","","","","3546.861083984375","3546.861083984375","3546.861083984375","2304.16259765625","2304.16259765625","2304.16259765625","2741.884521484375","2741.884521484375","2741.884521484375","2687.53125","2687.53125","2687.53125","2728.137451171875","2728.137451171875","2728.137451171875"
"333","","","","3626.6591796875","3626.6591796875","3626.6591796875","2790.8125","2790.8125","2790.8125","2370.959716796875","2370.959716796875","2370.959716796875","3100.578125","3100.578125","3100.578125","3076.375","3076.375","3076.375"
"334","","","","3629.5234375","3629.5234375","3629.5234375","2582.14990234375","2582.14990234375","2582.14990234375","2206.03857421875","2206.03857421875","2206.03857421875","2633.765625","2633.765625","2633.765625","2915.171875","2915.171875","2915.171875"
"335","","","","3167.068115234375","3167.068115234375","3167.068115234375","2681.84814453125","2681.84814453125","2681.84814453125","2187.41064453125","2187.41064453125","2187.41064453125","2747.509033203125","2747.509033203125","2747.509033203125","2859.169677734375","2859.169677734375","2859.169677734375"
"336","","","","3501.5546875","3501.5546875","3501.5546875","2404.916748046875","2404.916748046875","2404.916748046875","2113.605224609375","2113.605224609375","2113.605224609375","3061.21875","3061.21875","3061.21875","3026.800048828125","3026.800048828125","3026.800048828125"
"337","","","","3356.09375","3356.09375","3356.09375","2850.5625","2850.5625","2850.5625","2178.902099609375","2178.902099609375","2178.902099609375","3515.916748046875","3515.916748046875","3515.916748046875","3022.824951171875","3022.824951171875","3022.824951171875"
"338","","","","3801.446533203125","3801.446533203125","3801.446533203125","2798.1875","2798.1875","2798.1875","2601.041748046875","2601.041748046875","2601.041748046875","3239.375","3239.375","3239.375","2672.583251953125","2672.583251953125","2672.583251953125"
"339","","","","3905.634033203125","3905.634033203125","3905.634033203125","2872.669677734375","2872.669677734375","2872.669677734375","2599.45458984375","2599.45458984375","2599.45458984375","3386.25","3386.25","3386.25","3383.166748046875","3383.166748046875","3383.166748046875"
"340","","","","3242.76708984375","3242.76708984375","3242.76708984375","2088.385498046875","2088.385498046875","2088.385498046875","2503.861083984375","2503.861083984375","2503.861083984375","2154.03125","2154.03125","2154.03125","2328.53759765625","2328.53759765625","2328.53759765625"
"341","","","","3804.9296875","3804.9296875","3804.9296875","3009.5","3009.5","3009.5","2509.08642578125","2509.08642578125","2509.08642578125","3368.5625","3368.5625","3368.5625","3652.65625","3652.65625","3652.65625"
"342","","","","2822.426025390625","2822.426025390625","2822.426025390625","2883.77490234375","2883.77490234375","2883.77490234375","2739.546875","2739.546875","2739.546875","3267.375","3267.375","3267.375","2880.895751953125","2880.895751953125","2880.895751953125"
"343","","","","3490.040283203125","3490.040283203125","3490.040283203125","1855.612548828125","1855.612548828125","1855.612548828125","1764.558349609375","1764.558349609375","1764.558349609375","2548.322998046875","2548.322998046875","2548.322998046875","2222.114501953125","2222.114501953125","2222.114501953125"
"344","","","","3206.848876953125","3206.848876953125","3206.848876953125","2043.2421875","2043.2421875","2043.2421875","1982.7174072265625","1982.7174072265625","1982.7174072265625","2418.90283203125","2418.90283203125","2418.90283203125","2716.41064453125","2716.41064453125","2716.41064453125"
"345","","","","3235.28125","3235.28125","3235.28125","2399.322998046875","2399.322998046875","2399.322998046875","1731.5","1731.5","1731.5","2530.3125","2530.3125","2530.3125","3144.020751953125","3144.020751953125","3144.020751953125"
"346","","","","3648.821533203125","3648.821533203125","3648.821533203125","2338.5625","2338.5625","2338.5625","1890","1890","1890","2891.60009765625","2891.60009765625","2891.60009765625","2818.114501953125","2818.114501953125","2818.114501953125"
"347","","","","3506.625","3506.625","3506.625","2602.543701171875","2602.543701171875","2602.543701171875","2424.53271484375","2424.53271484375","2424.53271484375","3343.824951171875","3343.824951171875","3343.824951171875","2990.240966796875","2990.240966796875","2990.240966796875"
"348","","","","3416.1875","3416.1875","3416.1875","1743.3646240234375","1743.3646240234375","1743.3646240234375","1581.984375","1581.984375","1581.984375","2232.41259765625","2232.41259765625","2232.41259765625","2268.734375","2268.734375","2268.734375"
"349","","","","3765.15283203125","3765.15283203125","3765.15283203125","2463.9375","2463.9375","2463.9375","2177.78759765625","2177.78759765625","2177.78759765625","2956.982177734375","2956.982177734375","2956.982177734375","2699.96240234375","2699.96240234375","2699.96240234375"
"350","","","","3066.15966796875","3066.15966796875","3066.15966796875","2369.08935546875","2369.08935546875","2369.08935546875","2180.89697265625","2180.89697265625","2180.89697265625","3206.864501953125","3206.864501953125","3206.864501953125","3021.884033203125","3021.884033203125","3021.884033203125"
"351","","","","3724.880126953125","3724.880126953125","3724.880126953125","2391.6953125","2391.6953125","2391.6953125","2254.270751953125","2254.270751953125","2254.270751953125","2765.5703125","2765.5703125","2765.5703125","2931.365966796875","2931.365966796875","2931.365966796875"
"352","","","","3105.859375","3105.859375","3105.859375","2325.28125","2325.28125","2325.28125","1691.2125244140625","1691.2125244140625","1691.2125244140625","2784.09375","2784.09375","2784.09375","3011.5625","3011.5625","3011.5625"
"353","","","","3568.5","3568.5","3568.5","3050.984375","3050.984375","3050.984375","2534.5859375","2534.5859375","2534.5859375","3303.52490234375","3303.52490234375","3303.52490234375","3379.736083984375","3379.736083984375","3379.736083984375"
"354","","","","3044.630615234375","3044.630615234375","3044.630615234375","2369.1953125","2369.1953125","2369.1953125","2148.4404296875","2148.4404296875","2148.4404296875","2784.574951171875","2784.574951171875","2784.574951171875","2726.109375","2726.109375","2726.109375"
"355","","","","4035.59375","4035.59375","4035.59375","2855.4375","2855.4375","2855.4375","2139.75","2139.75","2139.75","3016.074951171875","3016.074951171875","3016.074951171875","2258.012451171875","2258.012451171875","2258.012451171875"
"356","","","","3261.208251953125","3261.208251953125","3261.208251953125","2107.947998046875","2107.947998046875","2107.947998046875","2172.65625","2172.65625","2172.65625","2535.895751953125","2535.895751953125","2535.895751953125","2712.979248046875","2712.979248046875","2712.979248046875"
"357","","","","3809.96240234375","3809.96240234375","3809.96240234375","2292.3466796875","2292.3466796875","2292.3466796875","2170.20458984375","2170.20458984375","2170.20458984375","3149.59375","3149.59375","3149.59375","2996.3193359375","2996.3193359375","2996.3193359375"
"358","","","","3645.6318359375","3645.6318359375","3645.6318359375","2354.09375","2354.09375","2354.09375","2278.9423828125","2278.9423828125","2278.9423828125","2874.41259765625","2874.41259765625","2874.41259765625","2482.854248046875","2482.854248046875","2482.854248046875"
"359","","","","3715.543701171875","3715.543701171875","3715.543701171875","2284.828125","2284.828125","2284.828125","2038.0103759765625","2038.0103759765625","2038.0103759765625","2984.40185546875","2984.40185546875","2984.40185546875","2790.71240234375","2790.71240234375","2790.71240234375"
"360","","","","3552.268798828125","3552.268798828125","3552.268798828125","2518.074951171875","2518.074951171875","2518.074951171875","1917.691162109375","1917.691162109375","1917.691162109375","3169.64990234375","3169.64990234375","3169.64990234375","3086.3125","3086.3125","3086.3125"
"361","","","","3593.9375","3593.9375","3593.9375","2024.3958740234375","2024.3958740234375","2024.3958740234375","2022.78125","2022.78125","2022.78125","2417.9375","2417.9375","2417.9375","2268.8515625","2268.8515625","2268.8515625"
"362","","","","3471.4140625","3471.4140625","3471.4140625","1970.111083984375","1970.111083984375","1970.111083984375","1918.040283203125","1918.040283203125","1918.040283203125","2789.625","2789.625","2789.625","2539.3125","2539.3125","2539.3125"
"363","","","","3406.49365234375","3406.49365234375","3406.49365234375","2297.0078125","2297.0078125","2297.0078125","1899.2291259765625","1899.2291259765625","1899.2291259765625","2767.0390625","2767.0390625","2767.0390625","2658.59375","2658.59375","2658.59375"
"364","","","","3190.630126953125","3190.630126953125","3190.630126953125","2473.03125","2473.03125","2473.03125","2066.119140625","2066.119140625","2066.119140625","2654.395751953125","2654.395751953125","2654.395751953125","3048.453125","3048.453125","3048.453125"
"365","","","","3737.6640625","3737.6640625","3737.6640625","1853.175048828125","1853.175048828125","1853.175048828125","1604.6875","1604.6875","1604.6875","2242.510498046875","2242.510498046875","2242.510498046875","2060.203125","2060.203125","2060.203125"
"366","","","","2418.732177734375","2418.732177734375","2418.732177734375","2212.9375","2212.9375","2212.9375","1521.934814453125","1521.934814453125","1521.934814453125","2327.3125","2327.3125","2327.3125","2502.78759765625","2502.78759765625","2502.78759765625"
"367","","","","2552.548583984375","2552.548583984375","2552.548583984375","2523.46875","2523.46875","2523.46875","1730.9166259765625","1730.9166259765625","1730.9166259765625","3113.791748046875","3113.791748046875","3113.791748046875","2515.9375","2515.9375","2515.9375"
"368","","","","3259.96875","3259.96875","3259.96875","2119.9609375","2119.9609375","2119.9609375","1935.3646240234375","1935.3646240234375","1935.3646240234375","2399.1875","2399.1875","2399.1875","2271.7265625","2271.7265625","2271.7265625"
"369","","","","3429.543701171875","3429.543701171875","3429.543701171875","1853.4625244140625","1853.4625244140625","1853.4625244140625","1809.870361328125","1809.870361328125","1809.870361328125","2407.303466796875","2407.303466796875","2407.303466796875","2540.205322265625","2540.205322265625","2540.205322265625"
"370","","","","3589.520751953125","3589.520751953125","3589.520751953125","2860.705322265625","2860.705322265625","2860.705322265625","2014.8846435546875","2014.8846435546875","2014.8846435546875","3292.669677734375","3292.669677734375","3292.669677734375","3318.59375","3318.59375","3318.59375"
"371","","","","3564.14208984375","3564.14208984375","3564.14208984375","1760.6353759765625","1760.6353759765625","1760.6353759765625","1473.0440673828125","1473.0440673828125","1473.0440673828125","2582.012451171875","2582.012451171875","2582.012451171875","2261.050048828125","2261.050048828125","2261.050048828125"
"372","","","","3426.60009765625","3426.60009765625","3426.60009765625","1968.298583984375","1968.298583984375","1968.298583984375","1929.6624755859375","1929.6624755859375","1929.6624755859375","2969.16259765625","2969.16259765625","2969.16259765625","2494.887451171875","2494.887451171875","2494.887451171875"
"373","","","","3810.83740234375","3810.83740234375","3810.83740234375","2112.875","2112.875","2112.875","2075.892822265625","2075.892822265625","2075.892822265625","2979.833251953125","2979.833251953125","2979.833251953125","2741.91064453125","2741.91064453125","2741.91064453125"
"374","","","","3758.09814453125","3758.09814453125","3758.09814453125","1736.46875","1736.46875","1736.46875","1810.2059326171875","1810.2059326171875","1810.2059326171875","2617.645751953125","2617.645751953125","2617.645751953125","2670","2670","2670"
"375","","","","3010.96240234375","3010.96240234375","3010.96240234375","2059.3359375","2059.3359375","2059.3359375","1750.4814453125","1750.4814453125","1750.4814453125","2610.78466796875","2610.78466796875","2610.78466796875","2301.1171875","2301.1171875","2301.1171875"
"376","","","","3782.875","3782.875","3782.875","1821.40625","1821.40625","1821.40625","1710.97216796875","1710.97216796875","1710.97216796875","2869.0625","2869.0625","2869.0625","2013.734375","2013.734375","2013.734375"
"377","","","","3701.677001953125","3701.677001953125","3701.677001953125","2549.203125","2549.203125","2549.203125","2103.907470703125","2103.907470703125","2103.907470703125","3675.59375","3675.59375","3675.59375","3196.919677734375","3196.919677734375","3196.919677734375"
"378","","","","2582.89208984375","2582.89208984375","2582.89208984375","2741.25","2741.25","2741.25","1735.7794189453125","1735.7794189453125","1735.7794189453125","3058.385498046875","3058.385498046875","3058.385498046875","3049.78125","3049.78125","3049.78125"
"379","","","","3381.759521484375","3381.759521484375","3381.759521484375","2021.0892333984375","2021.0892333984375","2021.0892333984375","2807.375","2807.375","2807.375","2933.574951171875","2933.574951171875","2933.574951171875","2174.645751953125","2174.645751953125","2174.645751953125"
"380","","","","3703.171875","3703.171875","3703.171875","1767.4140625","1767.4140625","1767.4140625","1598.2215576171875","1598.2215576171875","1598.2215576171875","2386.104248046875","2386.104248046875","2386.104248046875","2267.517822265625","2267.517822265625","2267.517822265625"
"381","","","","3209.104248046875","3209.104248046875","3209.104248046875","2122.357177734375","2122.357177734375","2122.357177734375","1915.1875","1915.1875","1915.1875","2983.699951171875","2983.699951171875","2983.699951171875","2926.175048828125","2926.175048828125","2926.175048828125"
"382","","","","3831.356201171875","3831.356201171875","3831.356201171875","1921.828125","1921.828125","1921.828125","1944.1851806640625","1944.1851806640625","1944.1851806640625","2544.729248046875","2544.729248046875","2544.729248046875","2432.425048828125","2432.425048828125","2432.425048828125"
"383","","","","3867.65625","3867.65625","3867.65625","2142.3125","2142.3125","2142.3125","2477.15380859375","2477.15380859375","2477.15380859375","3065.6875","3065.6875","3065.6875","2597.46240234375","2597.46240234375","2597.46240234375"
"384","","","","3624.729248046875","3624.729248046875","3624.729248046875","2133.166748046875","2133.166748046875","2133.166748046875","1864.4210205078125","1864.4210205078125","1864.4210205078125","2641.885498046875","2641.885498046875","2641.885498046875","2494.135498046875","2494.135498046875","2494.135498046875"
"385","","","","2701.9609375","2701.9609375","2701.9609375","1548.65625","1548.65625","1548.65625","1456.6500244140625","1456.6500244140625","1456.6500244140625","2253.34375","2253.34375","2253.34375","2351.5625","2351.5625","2351.5625"
"386","","","","3803.96875","3803.96875","3803.96875","2063.052001953125","2063.052001953125","2063.052001953125","1823.324951171875","1823.324951171875","1823.324951171875","2652.291748046875","2652.291748046875","2652.291748046875","2632.453125","2632.453125","2632.453125"
"387","","","","2985.84033203125","2985.84033203125","2985.84033203125","1878.7410888671875","1878.7410888671875","1878.7410888671875","1995.25","1995.25","1995.25","2685.015625","2685.015625","2685.015625","3388.833251953125","3388.833251953125","3388.833251953125"
"388","","","","3509.1875","3509.1875","3509.1875","2203.34375","2203.34375","2203.34375","2454.666748046875","2454.666748046875","2454.666748046875","2760.6875","2760.6875","2760.6875","2656.270751953125","2656.270751953125","2656.270751953125"
"389","","","","3677.080322265625","3677.080322265625","3677.080322265625","2088.791748046875","2088.791748046875","2088.791748046875","1985.2708740234375","1985.2708740234375","1985.2708740234375","2826.375","2826.375","2826.375","3031.46875","3031.46875","3031.46875"
"390","","","","3715.767822265625","3715.767822265625","3715.767822265625","2612.84375","2612.84375","2612.84375","2310.142822265625","2310.142822265625","2310.142822265625","3236.989501953125","3236.989501953125","3236.989501953125","2676.321533203125","2676.321533203125","2676.321533203125"
"391","","","","3218.6015625","3218.6015625","3218.6015625","2386.703125","2386.703125","2386.703125","2351.40283203125","2351.40283203125","2351.40283203125","3177.625","3177.625","3177.625","2974.7421875","2974.7421875","2974.7421875"
"392","","","","3749.423583984375","3749.423583984375","3749.423583984375","1782.609375","1782.609375","1782.609375","1893.2833251953125","1893.2833251953125","1893.2833251953125","2605","2605","2605","2550.453125","2550.453125","2550.453125"
"393","","","","3684.40966796875","3684.40966796875","3684.40966796875","1913.732177734375","1913.732177734375","1913.732177734375","2001.2916259765625","2001.2916259765625","2001.2916259765625","2422.22314453125","2422.22314453125","2422.22314453125","2115.419677734375","2115.419677734375","2115.419677734375"
"394","","","","2705.821533203125","2705.821533203125","2705.821533203125","2522.0625","2522.0625","2522.0625","2130.54541015625","2130.54541015625","2130.54541015625","3115.65625","3115.65625","3115.65625","3033.1875","3033.1875","3033.1875"
"395","","","","3790.28466796875","3790.28466796875","3790.28466796875","2191.875","2191.875","2191.875","2082.208251953125","2082.208251953125","2082.208251953125","2563.65625","2563.65625","2563.65625","2640.8125","2640.8125","2640.8125"
"396","","","","3696.59814453125","3696.59814453125","3696.59814453125","2198.5","2198.5","2198.5","1843.00927734375","1843.00927734375","1843.00927734375","2849.21240234375","2849.21240234375","2849.21240234375","2759.3125","2759.3125","2759.3125"
"397","","","","2562.625","2562.625","2562.625","1936.9166259765625","1936.9166259765625","1936.9166259765625","1388.702392578125","1388.702392578125","1388.702392578125","2719.635498046875","2719.635498046875","2719.635498046875","2563.27490234375","2563.27490234375","2563.27490234375"
"398","","","","2936.276123046875","2936.276123046875","2936.276123046875","2167.84375","2167.84375","2167.84375","2160.666748046875","2160.666748046875","2160.666748046875","2917.425048828125","2917.425048828125","2917.425048828125","2685.177001953125","2685.177001953125","2685.177001953125"
"399","","","","3902.52490234375","3902.52490234375","3902.52490234375","2114.8056640625","2114.8056640625","2114.8056640625","1612.683349609375","1612.683349609375","1612.683349609375","2533.272705078125","2533.272705078125","2533.272705078125","2306.142822265625","2306.142822265625","2306.142822265625"
"400","","","","3478.893798828125","3478.893798828125","3478.893798828125","1711.4896240234375","1711.4896240234375","1711.4896240234375","1490.769287109375","1490.769287109375","1490.769287109375","2653.419677734375","2653.419677734375","2653.419677734375","2111.699951171875","2111.699951171875","2111.699951171875"
"401","","","","3409","3409","3409","1860.455322265625","1860.455322265625","1860.455322265625","1663.90380859375","1663.90380859375","1663.90380859375","2369.3359375","2369.3359375","2369.3359375","2303.645751953125","2303.645751953125","2303.645751953125"
"402","","","","3645.197998046875","3645.197998046875","3645.197998046875","2130.552001953125","2130.552001953125","2130.552001953125","1857.3917236328125","1857.3917236328125","1857.3917236328125","2701.15185546875","2701.15185546875","2701.15185546875","2336.53466796875","2336.53466796875","2336.53466796875"
"403","","","","2735.856201171875","2735.856201171875","2735.856201171875","1756.9107666015625","1756.9107666015625","1756.9107666015625","1744.951904296875","1744.951904296875","1744.951904296875","2737.15185546875","2737.15185546875","2737.15185546875","2639.21435546875","2639.21435546875","2639.21435546875"
"404","","","","3838.897705078125","3838.897705078125","3838.897705078125","2448.8125","2448.8125","2448.8125","2221.800048828125","2221.800048828125","2221.800048828125","3088.5","3088.5","3088.5","3213.612548828125","3213.612548828125","3213.612548828125"
"405","","","","3480.52783203125","3480.52783203125","3480.52783203125","2804.296875","2804.296875","2804.296875","2301.14990234375","2301.14990234375","2301.14990234375","3791.666748046875","3791.666748046875","3791.666748046875","2998.25","2998.25","2998.25"
"406","","","","3732.7548828125","3732.7548828125","3732.7548828125","2118.446533203125","2118.446533203125","2118.446533203125","2016.9000244140625","2016.9000244140625","2016.9000244140625","2628.96240234375","2628.96240234375","2628.96240234375","2529.09375","2529.09375","2529.09375"
"407","","","","4021.125","4021.125","4021.125","3146.979248046875","3146.979248046875","3146.979248046875","2887.25","2887.25","2887.25","3237.0859375","3237.0859375","3237.0859375","3197.322998046875","3197.322998046875","3197.322998046875"
"408","","","","3337.826416015625","3337.826416015625","3337.826416015625","1440.6666259765625","1440.6666259765625","1440.6666259765625","1059.5294189453125","1059.5294189453125","1059.5294189453125","2736.625","2736.625","2736.625","2431.104248046875","2431.104248046875","2431.104248046875"
"409","","","","3509.5859375","3509.5859375","3509.5859375","1885.517822265625","1885.517822265625","1885.517822265625","1595.9285888671875","1595.9285888671875","1595.9285888671875","2893.625","2893.625","2893.625","2801.671875","2801.671875","2801.671875"
"410","","","","3284.8818359375","3284.8818359375","3284.8818359375","2055.989501953125","2055.989501953125","2055.989501953125","2303.666748046875","2303.666748046875","2303.666748046875","2949.416748046875","2949.416748046875","2949.416748046875","2723.85009765625","2723.85009765625","2723.85009765625"
"411","","","","3084.645751953125","3084.645751953125","3084.645751953125","1971.3958740234375","1971.3958740234375","1971.3958740234375","1744.8792724609375","1744.8792724609375","1744.8792724609375","3366.296875","3366.296875","3366.296875","2306.8203125","2306.8203125","2306.8203125"
"412","","","","3763.604248046875","3763.604248046875","3763.604248046875","2159.583251953125","2159.583251953125","2159.583251953125","2142.83642578125","2142.83642578125","2142.83642578125","3063.90625","3063.90625","3063.90625","2889.759033203125","2889.759033203125","2889.759033203125"
"413","","","","3115.4609375","3115.4609375","3115.4609375","2449.27685546875","2449.27685546875","2449.27685546875","2107.659912109375","2107.659912109375","2107.659912109375","3091.40185546875","3091.40185546875","3091.40185546875","3343.854248046875","3343.854248046875","3343.854248046875"
"414","","","","3172.125","3172.125","3172.125","2654.449951171875","2654.449951171875","2654.449951171875","2407.90380859375","2407.90380859375","2407.90380859375","3264.510498046875","3264.510498046875","3264.510498046875","3376.1875","3376.1875","3376.1875"
"415","","","","3547.71875","3547.71875","3547.71875","2878.010498046875","2878.010498046875","2878.010498046875","2542.234375","2542.234375","2542.234375","3037.34814453125","3037.34814453125","3037.34814453125","3271.35009765625","3271.35009765625","3271.35009765625"
"416","","","","3848.041748046875","3848.041748046875","3848.041748046875","2554.64990234375","2554.64990234375","2554.64990234375","2145.728271484375","2145.728271484375","2145.728271484375","3202.3681640625","3202.3681640625","3202.3681640625","2958.5556640625","2958.5556640625","2958.5556640625"
"417","","","","3512.5556640625","3512.5556640625","3512.5556640625","2104.60009765625","2104.60009765625","2104.60009765625","2080.46435546875","2080.46435546875","2080.46435546875","2218.925048828125","2218.925048828125","2218.925048828125","2427.479248046875","2427.479248046875","2427.479248046875"
"418","","","","3559.984375","3559.984375","3559.984375","2658.302001953125","2658.302001953125","2658.302001953125","2055.511474609375","2055.511474609375","2055.511474609375","3164.862548828125","3164.862548828125","3164.862548828125","2928.166748046875","2928.166748046875","2928.166748046875"
"419","","","","3425.65625","3425.65625","3425.65625","1750.09375","1750.09375","1750.09375","1802.8333740234375","1802.8333740234375","1802.8333740234375","2296.59375","2296.59375","2296.59375","2105","2105","2105"
"420","","","","3555.734375","3555.734375","3555.734375","1794.8125","1794.8125","1794.8125","1317.42041015625","1317.42041015625","1317.42041015625","2629.5","2629.5","2629.5","2505.53125","2505.53125","2505.53125"
"421","","","","3869.363525390625","3869.363525390625","3869.363525390625","1899.4937744140625","1899.4937744140625","1899.4937744140625","1962.3515625","1962.3515625","1962.3515625","2447.9765625","2447.9765625","2447.9765625","2483.5","2483.5","2483.5"
"422","","","","3628.893798828125","3628.893798828125","3628.893798828125","1936.1640625","1936.1640625","1936.1640625","1646.3900146484375","1646.3900146484375","1646.3900146484375","3056.75","3056.75","3056.75","2442.35009765625","2442.35009765625","2442.35009765625"
"423","","","","3477.77783203125","3477.77783203125","3477.77783203125","2078.515625","2078.515625","2078.515625","1901.2037353515625","1901.2037353515625","1901.2037353515625","2899.020751953125","2899.020751953125","2899.020751953125","2547.321533203125","2547.321533203125","2547.321533203125"
"424","","","","3965.5390625","3965.5390625","3965.5390625","1864.8807373046875","1864.8807373046875","1864.8807373046875","1769.29052734375","1769.29052734375","1769.29052734375","2874.203125","2874.203125","2874.203125","2148.073974609375","2148.073974609375","2148.073974609375"
"425","","","","3732.03125","3732.03125","3732.03125","1892.8125","1892.8125","1892.8125","1777.477294921875","1777.477294921875","1777.477294921875","2800.458251953125","2800.458251953125","2800.458251953125","2313.6015625","2313.6015625","2313.6015625"
"426","","","","3344.81884765625","3344.81884765625","3344.81884765625","2049.53125","2049.53125","2049.53125","1639.2825927734375","1639.2825927734375","1639.2825927734375","2698.729248046875","2698.729248046875","2698.729248046875","2575.59375","2575.59375","2575.59375"
"427","","","","2964.34814453125","2964.34814453125","2964.34814453125","2216.1875","2216.1875","2216.1875","1544.4305419921875","1544.4305419921875","1544.4305419921875","2860.6875","2860.6875","2860.6875","3650.5625","3650.5625","3650.5625"
"428","","","","3755.3125","3755.3125","3755.3125","2186.52685546875","2186.52685546875","2186.52685546875","1726.9100341796875","1726.9100341796875","1726.9100341796875","3018.645751953125","3018.645751953125","3018.645751953125","2328.169677734375","2328.169677734375","2328.169677734375"
"429","","","","3723.71875","3723.71875","3723.71875","2001.5208740234375","2001.5208740234375","2001.5208740234375","1433.90380859375","1433.90380859375","1433.90380859375","2421.449951171875","2421.449951171875","2421.449951171875","2116.0625","2116.0625","2116.0625"
"430","","","","3701.732177734375","3701.732177734375","3701.732177734375","2598.875","2598.875","2598.875","2147.380859375","2147.380859375","2147.380859375","3129.322998046875","3129.322998046875","3129.322998046875","2944.416748046875","2944.416748046875","2944.416748046875"
"431","","","","3450.699951171875","3450.699951171875","3450.699951171875","1474.96875","1474.96875","1474.96875","1260.42041015625","1260.42041015625","1260.42041015625","2180.229248046875","2180.229248046875","2180.229248046875","2138.75","2138.75","2138.75"
"432","","","","3366.0703125","3366.0703125","3366.0703125","2329.333251953125","2329.333251953125","2329.333251953125","2230.83935546875","2230.83935546875","2230.83935546875","3292.765625","3292.765625","3292.765625","2660.25","2660.25","2660.25"
"433","","","","3398.604248046875","3398.604248046875","3398.604248046875","1553.4375","1553.4375","1553.4375","1254.0789794921875","1254.0789794921875","1254.0789794921875","2179.736083984375","2179.736083984375","2179.736083984375","2052.5","2052.5","2052.5"
"434","","","","3786.833251953125","3786.833251953125","3786.833251953125","2429.5234375","2429.5234375","2429.5234375","1990.875","1990.875","1990.875","3076.861083984375","3076.861083984375","3076.861083984375","2774.6806640625","2774.6806640625","2774.6806640625"
"435","","","","3559.740966796875","3559.740966796875","3559.740966796875","2523.8125","2523.8125","2523.8125","1460.7083740234375","1460.7083740234375","1460.7083740234375","2915.1875","2915.1875","2915.1875","2571.125","2571.125","2571.125"
"436","","","","3364.963623046875","3364.963623046875","3364.963623046875","1680.1328125","1680.1328125","1680.1328125","1686.6160888671875","1686.6160888671875","1686.6160888671875","2434.65185546875","2434.65185546875","2434.65185546875","2383.074951171875","2383.074951171875","2383.074951171875"
"437","","","","3912.7841796875","3912.7841796875","3912.7841796875","2307.859375","2307.859375","2307.859375","2152.71435546875","2152.71435546875","2152.71435546875","2939.875","2939.875","2939.875","2657.859375","2657.859375","2657.859375"
"438","","","","3119.6796875","3119.6796875","3119.6796875","3060.27490234375","3060.27490234375","3060.27490234375","2328.388916015625","2328.388916015625","2328.388916015625","3755.5","3755.5","3755.5","2942.012451171875","2942.012451171875","2942.012451171875"
"439","","","","3279.03466796875","3279.03466796875","3279.03466796875","2223.3359375","2223.3359375","2223.3359375","2118.39990234375","2118.39990234375","2118.39990234375","2786.3125","2786.3125","2786.3125","2754.875","2754.875","2754.875"
"440","","","","3664.365966796875","3664.365966796875","3664.365966796875","2458.854248046875","2458.854248046875","2458.854248046875","2175.261474609375","2175.261474609375","2175.261474609375","3077.4375","3077.4375","3077.4375","2642.802001953125","2642.802001953125","2642.802001953125"
"441","","","","3824.8056640625","3824.8056640625","3824.8056640625","2189.9765625","2189.9765625","2189.9765625","1801.201904296875","1801.201904296875","1801.201904296875","3595.66259765625","3595.66259765625","3595.66259765625","2713.428466796875","2713.428466796875","2713.428466796875"
"442","","","","3424.3408203125","3424.3408203125","3424.3408203125","2320.884033203125","2320.884033203125","2320.884033203125","2096.6484375","2096.6484375","2096.6484375","2996.9140625","2996.9140625","2996.9140625","2636.53759765625","2636.53759765625","2636.53759765625"
"443","","","","3702.90625","3702.90625","3702.90625","2123.392822265625","2123.392822265625","2123.392822265625","1979.8095703125","1979.8095703125","1979.8095703125","2857.321533203125","2857.321533203125","2857.321533203125","2262.5","2262.5","2262.5"
"444","","","","3681.85009765625","3681.85009765625","3681.85009765625","2159.57958984375","2159.57958984375","2159.57958984375","2298.185546875","2298.185546875","2298.185546875","3203.09033203125","3203.09033203125","3203.09033203125","2748.229248046875","2748.229248046875","2748.229248046875"
"445","","","","3651.916748046875","3651.916748046875","3651.916748046875","2036.2734375","2036.2734375","2036.2734375","1679.75","1679.75","1679.75","2747.52783203125","2747.52783203125","2747.52783203125","2618.544677734375","2618.544677734375","2618.544677734375"
"446","","","","3365.036376953125","3365.036376953125","3365.036376953125","1741.0357666015625","1741.0357666015625","1741.0357666015625","1670.6522216796875","1670.6522216796875","1670.6522216796875","2422.544677734375","2422.544677734375","2422.544677734375","2450.640625","2450.640625","2450.640625"
"447","","","","2454.455322265625","2454.455322265625","2454.455322265625","2615.46435546875","2615.46435546875","2615.46435546875","2597.769287109375","2597.769287109375","2597.769287109375","3419.21875","3419.21875","3419.21875","3050.1875","3050.1875","3050.1875"
"448","","","","2924.0625","2924.0625","2924.0625","2054.53759765625","2054.53759765625","2054.53759765625","2138.9130859375","2138.9130859375","2138.9130859375","2914.552001953125","2914.552001953125","2914.552001953125","2580.46240234375","2580.46240234375","2580.46240234375"
"449","","","","3671.835205078125","3671.835205078125","3671.835205078125","2038.0416259765625","2038.0416259765625","2038.0416259765625","1786.934814453125","1786.934814453125","1786.934814453125","3138.4375","3138.4375","3138.4375","2843.637451171875","2843.637451171875","2843.637451171875"
"450","","","","3530.302001953125","3530.302001953125","3530.302001953125","1619.8187255859375","1619.8187255859375","1619.8187255859375","1623.381591796875","1623.381591796875","1623.381591796875","2471.4453125","2471.4453125","2471.4453125","2248.5234375","2248.5234375","2248.5234375"
"451","","","","3733.89990234375","3733.89990234375","3733.89990234375","1761.234375","1761.234375","1761.234375","1793.0882568359375","1793.0882568359375","1793.0882568359375","2685.015625","2685.015625","2685.015625","2066.300048828125","2066.300048828125","2066.300048828125"
"452","","","","3649.854248046875","3649.854248046875","3649.854248046875","2442.512451171875","2442.512451171875","2442.512451171875","1676.8333740234375","1676.8333740234375","1676.8333740234375","2991.59375","2991.59375","2991.59375","2606.760498046875","2606.760498046875","2606.760498046875"
"453","","","","3462.703125","3462.703125","3462.703125","2528.300048828125","2528.300048828125","2528.300048828125","2215.541748046875","2215.541748046875","2215.541748046875","2783.22314453125","2783.22314453125","2783.22314453125","3421.574951171875","3421.574951171875","3421.574951171875"
"454","","","","4008.90185546875","4008.90185546875","4008.90185546875","1687.0078125","1687.0078125","1687.0078125","1816.0999755859375","1816.0999755859375","1816.0999755859375","2409.0546875","2409.0546875","2409.0546875","2455.760498046875","2455.760498046875","2455.760498046875"
"455","","","","3667.484375","3667.484375","3667.484375","2446.60009765625","2446.60009765625","2446.60009765625","1644.2261962890625","1644.2261962890625","1644.2261962890625","3032.5","3032.5","3032.5","2557.6875","2557.6875","2557.6875"
"456","","","","3805.6171875","3805.6171875","3805.6171875","2043.9271240234375","2043.9271240234375","2043.9271240234375","1704.941162109375","1704.941162109375","1704.941162109375","2581.675048828125","2581.675048828125","2581.675048828125","3108.4375","3108.4375","3108.4375"
"457","","","","2678.2265625","2678.2265625","2678.2265625","2060.604248046875","2060.604248046875","2060.604248046875","1775.4749755859375","1775.4749755859375","1775.4749755859375","3253.03125","3253.03125","3253.03125","2957.166748046875","2957.166748046875","2957.166748046875"
"458","","","","3230.449951171875","3230.449951171875","3230.449951171875","1556.4749755859375","1556.4749755859375","1556.4749755859375","1593.65380859375","1593.65380859375","1593.65380859375","2713.416748046875","2713.416748046875","2713.416748046875","2756.0625","2756.0625","2756.0625"
"459","","","","3396.177001953125","3396.177001953125","3396.177001953125","1891.9375","1891.9375","1891.9375","1618.43994140625","1618.43994140625","1618.43994140625","1655.875","1655.875","1655.875","2946.375","2946.375","2946.375"
"460","","","","3993.884033203125","3993.884033203125","3993.884033203125","2686.15185546875","2686.15185546875","2686.15185546875","2464.9736328125","2464.9736328125","2464.9736328125","3196.739501953125","3196.739501953125","3196.739501953125","3624.012451171875","3624.012451171875","3624.012451171875"
"461","","","","3740.34375","3740.34375","3740.34375","1792.3958740234375","1792.3958740234375","1792.3958740234375","1578.4130859375","1578.4130859375","1578.4130859375","2630.625","2630.625","2630.625","2552.364501953125","2552.364501953125","2552.364501953125"
"462","","","","3282.541748046875","3282.541748046875","3282.541748046875","1750.1875","1750.1875","1750.1875","1210.78125","1210.78125","1210.78125","2112.328125","2112.328125","2112.328125","2214.8125","2214.8125","2214.8125"
"463","","","","3414.58740234375","3414.58740234375","3414.58740234375","2145.66064453125","2145.66064453125","2145.66064453125","1893.9891357421875","1893.9891357421875","1893.9891357421875","2696.5","2696.5","2696.5","3040.71875","3040.71875","3040.71875"
"464","","","","3404.84375","3404.84375","3404.84375","2050.239501953125","2050.239501953125","2050.239501953125","1660.25","1660.25","1660.25","2710.328125","2710.328125","2710.328125","3583.0625","3583.0625","3583.0625"
"465","","","","3703.4931640625","3703.4931640625","3703.4931640625","1477.890625","1477.890625","1477.890625","1372.42041015625","1372.42041015625","1372.42041015625","2150.375","2150.375","2150.375","1836.887451171875","1836.887451171875","1836.887451171875"
"466","","","","3602.2568359375","3602.2568359375","3602.2568359375","2061.41064453125","2061.41064453125","2061.41064453125","1527.7667236328125","1527.7667236328125","1527.7667236328125","2760.10009765625","2760.10009765625","2760.10009765625","2680.770751953125","2680.770751953125","2680.770751953125"
"467","","","","3601.22216796875","3601.22216796875","3601.22216796875","1829.3646240234375","1829.3646240234375","1829.3646240234375","1701.607177734375","1701.607177734375","1701.607177734375","2523.421875","2523.421875","2523.421875","2628.21875","2628.21875","2628.21875"
"468","","","","3675.865966796875","3675.865966796875","3675.865966796875","2752.59375","2752.59375","2752.59375","1831.75","1831.75","1831.75","2862.107177734375","2862.107177734375","2862.107177734375","2792.02685546875","2792.02685546875","2792.02685546875"
"469","","","","3748.760498046875","3748.760498046875","3748.760498046875","2329.479248046875","2329.479248046875","2329.479248046875","1752.484375","1752.484375","1752.484375","2773.44384765625","2773.44384765625","2773.44384765625","3201.166748046875","3201.166748046875","3201.166748046875"
"470","","","","3069.886474609375","3069.886474609375","3069.886474609375","1995.2410888671875","1995.2410888671875","1995.2410888671875","1940.4422607421875","1940.4422607421875","1940.4422607421875","3176","3176","3176","2921.796875","2921.796875","2921.796875"
"471","","","","3594.375","3594.375","3594.375","1688.390625","1688.390625","1688.390625","1906.7142333984375","1906.7142333984375","1906.7142333984375","2016.84375","2016.84375","2016.84375","2505.21875","2505.21875","2505.21875"
"472","","","","3201.490966796875","3201.490966796875","3201.490966796875","1864.15625","1864.15625","1864.15625","1868.8299560546875","1868.8299560546875","1868.8299560546875","2735.625","2735.625","2735.625","2791.984375","2791.984375","2791.984375"
"473","","","","3952.66259765625","3952.66259765625","3952.66259765625","1934.4285888671875","1934.4285888671875","1934.4285888671875","1965.4583740234375","1965.4583740234375","1965.4583740234375","2925.59375","2925.59375","2925.59375","3088.1875","3088.1875","3088.1875"
"474","","","","3436.557373046875","3436.557373046875","3436.557373046875","2163.625","2163.625","2163.625","2382.5625","2382.5625","2382.5625","3211.479248046875","3211.479248046875","3211.479248046875","3104.765625","3104.765625","3104.765625"
"475","","","","3026.572021484375","3026.572021484375","3026.572021484375","1716","1716","1716","1406.390625","1406.390625","1406.390625","2549.359375","2549.359375","2549.359375","1821.96875","1821.96875","1821.96875"
"476","","","","3897.395751953125","3897.395751953125","3897.395751953125","1780.0208740234375","1780.0208740234375","1780.0208740234375","1643.3382568359375","1643.3382568359375","1643.3382568359375","2614.958251953125","2614.958251953125","2614.958251953125","2820.34375","2820.34375","2820.34375"
"477","","","","3457.4375","3457.4375","3457.4375","1986.2410888671875","1986.2410888671875","1986.2410888671875","1782.82958984375","1782.82958984375","1782.82958984375","2357.46240234375","2357.46240234375","2357.46240234375","2477.375","2477.375","2477.375"
"478","","","","3782.8515625","3782.8515625","3782.8515625","2016.828125","2016.828125","2016.828125","1723.520263671875","1723.520263671875","1723.520263671875","2605.6171875","2605.6171875","2605.6171875","3231.96240234375","3231.96240234375","3231.96240234375"
"479","","","","3556.4375","3556.4375","3556.4375","2091.28125","2091.28125","2091.28125","1651.6136474609375","1651.6136474609375","1651.6136474609375","3027.14990234375","3027.14990234375","3027.14990234375","2777.66259765625","2777.66259765625","2777.66259765625"
"480","","","","3539.5068359375","3539.5068359375","3539.5068359375","2177.112548828125","2177.112548828125","2177.112548828125","1879.5384521484375","1879.5384521484375","1879.5384521484375","2126.291748046875","2126.291748046875","2126.291748046875","2536.21240234375","2536.21240234375","2536.21240234375"
"481","","","","3446.1875","3446.1875","3446.1875","1602.4000244140625","1602.4000244140625","1602.4000244140625","1912.5833740234375","1912.5833740234375","1912.5833740234375","2111.64990234375","2111.64990234375","2111.64990234375","2547.96875","2547.96875","2547.96875"
"482","","","","3263.302001953125","3263.302001953125","3263.302001953125","1883.7291259765625","1883.7291259765625","1883.7291259765625","1567.9896240234375","1567.9896240234375","1567.9896240234375","2644.0625","2644.0625","2644.0625","2728.8125","2728.8125","2728.8125"
"483","","","","3653.71533203125","3653.71533203125","3653.71533203125","2613.865966796875","2613.865966796875","2613.865966796875","2149.28564453125","2149.28564453125","2149.28564453125","3362.52490234375","3362.52490234375","3362.52490234375","3172.614501953125","3172.614501953125","3172.614501953125"
"484","","","","3381.041748046875","3381.041748046875","3381.041748046875","1416.65625","1416.65625","1416.65625","1144.36669921875","1144.36669921875","1144.36669921875","2017.175048828125","2017.175048828125","2017.175048828125","1969.078125","1969.078125","1969.078125"
"485","","","","3980.53125","3980.53125","3980.53125","1828.5567626953125","1828.5567626953125","1828.5567626953125","1750.49169921875","1750.49169921875","1750.49169921875","2412.15185546875","2412.15185546875","2412.15185546875","2488.112548828125","2488.112548828125","2488.112548828125"
"486","","","","3807.8125","3807.8125","3807.8125","2147.3125","2147.3125","2147.3125","1960.1817626953125","1960.1817626953125","1960.1817626953125","2941.65625","2941.65625","2941.65625","3492.3125","3492.3125","3492.3125"
"487","","","","3697.625","3697.625","3697.625","2220.423583984375","2220.423583984375","2220.423583984375","1498.6964111328125","1498.6964111328125","1498.6964111328125","2655.86865234375","2655.86865234375","2655.86865234375","2911.66064453125","2911.66064453125","2911.66064453125"
"488","","","","3206.1875","3206.1875","3206.1875","2009.419677734375","2009.419677734375","2009.419677734375","1774.5369873046875","1774.5369873046875","1774.5369873046875","2883.919677734375","2883.919677734375","2883.919677734375","2977.697998046875","2977.697998046875","2977.697998046875"
"489","","","","3505.013916015625","3505.013916015625","3505.013916015625","1842.5892333984375","1842.5892333984375","1842.5892333984375","1642.1817626953125","1642.1817626953125","1642.1817626953125","2583.375","2583.375","2583.375","3284.375","3284.375","3284.375"
"490","","","","3789.015625","3789.015625","3789.015625","2075.104248046875","2075.104248046875","2075.104248046875","1765.8541259765625","1765.8541259765625","1765.8541259765625","2853.625","2853.625","2853.625","2764.302001953125","2764.302001953125","2764.302001953125"
"491","","","","3927.615966796875","3927.615966796875","3927.615966796875","2177.375","2177.375","2177.375","1750.0357666015625","1750.0357666015625","1750.0357666015625","3282.416748046875","3282.416748046875","3282.416748046875","3134.0625","3134.0625","3134.0625"
"492","","","","3509.15625","3509.15625","3509.15625","1701.59716796875","1701.59716796875","1701.59716796875","1500.9732666015625","1500.9732666015625","1500.9732666015625","2389.15625","2389.15625","2389.15625","2651.677001953125","2651.677001953125","2651.677001953125"
"493","","","","3074.4443359375","3074.4443359375","3074.4443359375","1457.7857666015625","1457.7857666015625","1457.7857666015625","1253.71875","1253.71875","1253.71875","2265.708251953125","2265.708251953125","2265.708251953125","2241.0625","2241.0625","2241.0625"
"494","","","","3637.740966796875","3637.740966796875","3637.740966796875","1586.125","1586.125","1586.125","1311.5999755859375","1311.5999755859375","1311.5999755859375","2378.40625","2378.40625","2378.40625","2667.6875","2667.6875","2667.6875"
"495","","","","3612.763916015625","3612.763916015625","3612.763916015625","2496.634033203125","2496.634033203125","2496.634033203125","2285.47607421875","2285.47607421875","2285.47607421875","2927.78759765625","2927.78759765625","2927.78759765625","3182.546875","3182.546875","3182.546875"
"496","","","","3979.322998046875","3979.322998046875","3979.322998046875","1524.887451171875","1524.887451171875","1524.887451171875","1539.125","1539.125","1539.125","2786.5625","2786.5625","2786.5625","2454.925048828125","2454.925048828125","2454.925048828125"
"497","","","","3666.395751953125","3666.395751953125","3666.395751953125","1406.9464111328125","1406.9464111328125","1406.9464111328125","1151.3299560546875","1151.3299560546875","1151.3299560546875","1768.5521240234375","1768.5521240234375","1768.5521240234375","2024.550048828125","2024.550048828125","2024.550048828125"
"498","","","","3257.9375","3257.9375","3257.9375","1279.8125","1279.8125","1279.8125","1017.6500244140625","1017.6500244140625","1017.6500244140625","1937.5416259765625","1937.5416259765625","1937.5416259765625","2321.125","2321.125","2321.125"
"499","","","","3226.7158203125","3226.7158203125","3226.7158203125","1657.03125","1657.03125","1657.03125","1854.1666259765625","1854.1666259765625","1854.1666259765625","2827.90625","2827.90625","2827.90625","2895.9375","2895.9375","2895.9375"
"500","","","","3761.012451171875","3761.012451171875","3761.012451171875","1980.7569580078125","1980.7569580078125","1980.7569580078125","1751.765625","1751.765625","1751.765625","2674.7568359375","2674.7568359375","2674.7568359375","2647.8359375","2647.8359375","2647.8359375"
"501","","","","3098.359375","3098.359375","3098.359375","1771.580322265625","1771.580322265625","1771.580322265625","1790.4210205078125","1790.4210205078125","1790.4210205078125","2591.982177734375","2591.982177734375","2591.982177734375","2422.197998046875","2422.197998046875","2422.197998046875"
"502","","","","3436.192626953125","3436.192626953125","3436.192626953125","1946.03125","1946.03125","1946.03125","1681.3365478515625","1681.3365478515625","1681.3365478515625","2511.64990234375","2511.64990234375","2511.64990234375","2534.125","2534.125","2534.125"
"503","","","","3240.3203125","3240.3203125","3240.3203125","1826.2750244140625","1826.2750244140625","1826.2750244140625","1424.9903564453125","1424.9903564453125","1424.9903564453125","2356.078125","2356.078125","2356.078125","2855.109375","2855.109375","2855.109375"
"504","","","","3259.4375","3259.4375","3259.4375","1713.112548828125","1713.112548828125","1713.112548828125","1468.6739501953125","1468.6739501953125","1468.6739501953125","2255.015625","2255.015625","2255.015625","2821.479248046875","2821.479248046875","2821.479248046875"
"505","","","","3259.125","3259.125","3259.125","1653.2430419921875","1653.2430419921875","1653.2430419921875","1528.1944580078125","1528.1944580078125","1528.1944580078125","2529.791748046875","2529.791748046875","2529.791748046875","2651.979248046875","2651.979248046875","2651.979248046875"
"506","","","","3471.2890625","3471.2890625","3471.2890625","1652.074951171875","1652.074951171875","1652.074951171875","1438.5086669921875","1438.5086669921875","1438.5086669921875","2462.375","2462.375","2462.375","2549.91259765625","2549.91259765625","2549.91259765625"
"507","","","","3612.171875","3612.171875","3612.171875","2057.64990234375","2057.64990234375","2057.64990234375","1638.22119140625","1638.22119140625","1638.22119140625","2853.364501953125","2853.364501953125","2853.364501953125","2506.47509765625","2506.47509765625","2506.47509765625"
"508","","","","3699.72216796875","3699.72216796875","3699.72216796875","1740.199951171875","1740.199951171875","1740.199951171875","1311.0833740234375","1311.0833740234375","1311.0833740234375","2743.3125","2743.3125","2743.3125","2762.125","2762.125","2762.125"
"509","","","","3634.2783203125","3634.2783203125","3634.2783203125","1735.015625","1735.015625","1735.015625","1694.392822265625","1694.392822265625","1694.392822265625","2571.78564453125","2571.78564453125","2571.78564453125","2479.375","2479.375","2479.375"
"510","","","","3880.21240234375","3880.21240234375","3880.21240234375","2115.914794921875","2115.914794921875","2115.914794921875","1777.729736328125","1777.729736328125","1777.729736328125","3047.0234375","3047.0234375","3047.0234375","3158.615966796875","3158.615966796875","3158.615966796875"
"511","","","","3393.21533203125","3393.21533203125","3393.21533203125","2508.208251953125","2508.208251953125","2508.208251953125","2528.065673828125","2528.065673828125","2528.065673828125","3348.35009765625","3348.35009765625","3348.35009765625","3707.046875","3707.046875","3707.046875"
"512","","","","3469.5068359375","3469.5068359375","3469.5068359375","1297.125","1297.125","1297.125","1186.173095703125","1186.173095703125","1186.173095703125","2298.58740234375","2298.58740234375","2298.58740234375","2562.0625","2562.0625","2562.0625"
"513","","","","2574.856201171875","2574.856201171875","2574.856201171875","1501.9375","1501.9375","1501.9375","1551.6800537109375","1551.6800537109375","1551.6800537109375","2839.541748046875","2839.541748046875","2839.541748046875","2650.979248046875","2650.979248046875","2650.979248046875"
"514","","","","3638.317626953125","3638.317626953125","3638.317626953125","1796.5","1796.5","1796.5","1632.5357666015625","1632.5357666015625","1632.5357666015625","2643.739501953125","2643.739501953125","2643.739501953125","2489.90625","2489.90625","2489.90625"
"515","","","","3073.71875","3073.71875","3073.71875","2488.675048828125","2488.675048828125","2488.675048828125","1999.513916015625","1999.513916015625","1999.513916015625","3848.77490234375","3848.77490234375","3848.77490234375","3505.824951171875","3505.824951171875","3505.824951171875"
"516","","","","3843.612548828125","3843.612548828125","3843.612548828125","2242.53125","2242.53125","2242.53125","1774.205078125","1774.205078125","1774.205078125","3189.830322265625","3189.830322265625","3189.830322265625","3254.8125","3254.8125","3254.8125"
"517","","","","2755.6806640625","2755.6806640625","2755.6806640625","1632.699951171875","1632.699951171875","1632.699951171875","1672.28125","1672.28125","1672.28125","2340.78564453125","2340.78564453125","2340.78564453125","2435.677001953125","2435.677001953125","2435.677001953125"
"518","","","","3907.176025390625","3907.176025390625","3907.176025390625","1666.449951171875","1666.449951171875","1666.449951171875","1601.737548828125","1601.737548828125","1601.737548828125","3017.760498046875","3017.760498046875","3017.760498046875","2975.205322265625","2975.205322265625","2975.205322265625"
"519","","","","3745.6953125","3745.6953125","3745.6953125","1795.8062744140625","1795.8062744140625","1795.8062744140625","1766.551513671875","1766.551513671875","1766.551513671875","2995.125","2995.125","2995.125","2824.375","2824.375","2824.375"
"520","","","","2960.4609375","2960.4609375","2960.4609375","1930.0521240234375","1930.0521240234375","1930.0521240234375","1451.9625244140625","1451.9625244140625","1451.9625244140625","2966.9375","2966.9375","2966.9375","3090.046875","3090.046875","3090.046875"
"521","","","","3414.75","3414.75","3414.75","1723.5999755859375","1723.5999755859375","1723.5999755859375","1493.5577392578125","1493.5577392578125","1493.5577392578125","2459.262451171875","2459.262451171875","2459.262451171875","2422.330322265625","2422.330322265625","2422.330322265625"
"522","","","","3628.017822265625","3628.017822265625","3628.017822265625","2074.270751953125","2074.270751953125","2074.270751953125","2076.25","2076.25","2076.25","3109.5","3109.5","3109.5","2830.71240234375","2830.71240234375","2830.71240234375"
"523","","","","2886.3359375","2886.3359375","2886.3359375","1868.5208740234375","1868.5208740234375","1868.5208740234375","2077.697265625","2077.697265625","2077.697265625","2837.3125","2837.3125","2837.3125","2912.5625","2912.5625","2912.5625"
"524","","","","3493.239501953125","3493.239501953125","3493.239501953125","2318.583251953125","2318.583251953125","2318.583251953125","1853.125","1853.125","1853.125","3256.625","3256.625","3256.625","3158.134033203125","3158.134033203125","3158.134033203125"
"525","","","","3545.8125","3545.8125","3545.8125","1840.890625","1840.890625","1840.890625","1778.3125","1778.3125","1778.3125","2824.828125","2824.828125","2824.828125","2978.34375","2978.34375","2978.34375"
"526","","","","3180.03369140625","3180.03369140625","3180.03369140625","1787.8853759765625","1787.8853759765625","1787.8853759765625","1774.125","1774.125","1774.125","2614.697998046875","2614.697998046875","2614.697998046875","3252.958251953125","3252.958251953125","3252.958251953125"
"527","","","","3521.673583984375","3521.673583984375","3521.673583984375","1874.6875","1874.6875","1874.6875","1982.1875","1982.1875","1982.1875","2797.28759765625","2797.28759765625","2797.28759765625","3053.15625","3053.15625","3053.15625"
"528","","","","3754.53759765625","3754.53759765625","3754.53759765625","2897.625","2897.625","2897.625","1638.800048828125","1638.800048828125","1638.800048828125","","","","2848.58740234375","2848.58740234375","2848.58740234375"
"529","","","","3524.01708984375","3524.01708984375","3524.01708984375","2129.671875","2129.671875","2129.671875","1519.65625","1519.65625","1519.65625","","","","2818.294677734375","2818.294677734375","2818.294677734375"
"530","","","","3522.8466796875","3522.8466796875","3522.8466796875","1932.449951171875","1932.449951171875","1932.449951171875","1660.9107666015625","1660.9107666015625","1660.9107666015625","","","","2280.46240234375","2280.46240234375","2280.46240234375"
"531","","","","3501.6171875","3501.6171875","3501.6171875","2636.1875","2636.1875","2636.1875","1276.74072265625","1276.74072265625","1276.74072265625","","","","2829.953125","2829.953125","2829.953125"
"532","","","","3476.0625","3476.0625","3476.0625","2448.267822265625","2448.267822265625","2448.267822265625","2141.02490234375","2141.02490234375","2141.02490234375","","","","2894.385498046875","2894.385498046875","2894.385498046875"
"533","","","","3507.9296875","3507.9296875","3507.9296875","1980.0859375","1980.0859375","1980.0859375","1628.477294921875","1628.477294921875","1628.477294921875","","","","2790.583251953125","2790.583251953125","2790.583251953125"
"534","","","","3748.169677734375","3748.169677734375","3748.169677734375","2462.9375","2462.9375","2462.9375","1494.3958740234375","1494.3958740234375","1494.3958740234375","","","","2548.02490234375","2548.02490234375","2548.02490234375"
"535","","","","3597.263916015625","3597.263916015625","3597.263916015625","2499.546875","2499.546875","2499.546875","1787.142822265625","1787.142822265625","1787.142822265625","","","","3290.291748046875","3290.291748046875","3290.291748046875"
"536","","","","2932.206298828125","2932.206298828125","2932.206298828125","2104.696533203125","2104.696533203125","2104.696533203125","1237.2403564453125","1237.2403564453125","1237.2403564453125","","","","2992","2992","2992"
"537","","","","3442.335205078125","3442.335205078125","3442.335205078125","2052.75","2052.75","2052.75","1328.27783203125","1328.27783203125","1328.27783203125","","","","2036.90625","2036.90625","2036.90625"
"538","","","","3632.984375","3632.984375","3632.984375","1981.699951171875","1981.699951171875","1981.699951171875","1779.862060546875","1779.862060546875","1779.862060546875","","","","2732.390625","2732.390625","2732.390625"
"539","","","","3446.668212890625","3446.668212890625","3446.668212890625","1846.7562255859375","1846.7562255859375","1846.7562255859375","1488.8629150390625","1488.8629150390625","1488.8629150390625","","","","2794.705322265625","2794.705322265625","2794.705322265625"
"540","","","","3392.375","3392.375","3392.375","1977.75","1977.75","1977.75","1959.3333740234375","1959.3333740234375","1959.3333740234375","","","","3513.208251953125","3513.208251953125","3513.208251953125"
"541","","","","3235.298095703125","3235.298095703125","3235.298095703125","1573.449951171875","1573.449951171875","1573.449951171875","1364.20458984375","1364.20458984375","1364.20458984375","","","","2510.14990234375","2510.14990234375","2510.14990234375"
"542","","","","3755.981201171875","3755.981201171875","3755.981201171875","1527.199951171875","1527.199951171875","1527.199951171875","1251.1099853515625","1251.1099853515625","1251.1099853515625","","","","2589.3984375","2589.3984375","2589.3984375"
"543","","","","3763.166748046875","3763.166748046875","3763.166748046875","1439.53125","1439.53125","1439.53125","1069.5535888671875","1069.5535888671875","1069.5535888671875","","","","1868.34375","1868.34375","1868.34375"
"544","","","","3668.5","3668.5","3668.5","1813.1875","1813.1875","1813.1875","1553.5625","1553.5625","1553.5625","","","","2945.140625","2945.140625","2945.140625"
"545","","","","3050.6171875","3050.6171875","3050.6171875","2856.9375","2856.9375","2856.9375","1216.199951171875","1216.199951171875","1216.199951171875","","","","3893.6875","3893.6875","3893.6875"
"546","","","","2932.9375","2932.9375","2932.9375","2874.484375","2874.484375","2874.484375","1609.7940673828125","1609.7940673828125","1609.7940673828125","","","","2592.114501953125","2592.114501953125","2592.114501953125"
"547","","","","3818.893798828125","3818.893798828125","3818.893798828125","1785.4000244140625","1785.4000244140625","1785.4000244140625","1479.5682373046875","1479.5682373046875","1479.5682373046875","","","","2456.22509765625","2456.22509765625","2456.22509765625"
"548","","","","3049.22216796875","3049.22216796875","3049.22216796875","2277.615966796875","2277.615966796875","2277.615966796875","1976.0865478515625","1976.0865478515625","1976.0865478515625","","","","3201.046875","3201.046875","3201.046875"
"549","","","","3381.333251953125","3381.333251953125","3381.333251953125","1927.050048828125","1927.050048828125","1927.050048828125","1288.53125","1288.53125","1288.53125","","","","2424.614501953125","2424.614501953125","2424.614501953125"
"550","","","","3908.7568359375","3908.7568359375","3908.7568359375","1820.3021240234375","1820.3021240234375","1820.3021240234375","1335.7115478515625","1335.7115478515625","1335.7115478515625","","","","3092.884033203125","3092.884033203125","3092.884033203125"
"551","","","","3658.505615234375","3658.505615234375","3658.505615234375","2325.875","2325.875","2325.875","1763.7874755859375","1763.7874755859375","1763.7874755859375","","","","2516.824951171875","2516.824951171875","2516.824951171875"
"552","","","","2702.6796875","2702.6796875","2702.6796875","2451.421875","2451.421875","2451.421875","1633.9615478515625","1633.9615478515625","1633.9615478515625","","","","2850.175048828125","2850.175048828125","2850.175048828125"
"553","","","","3198.46875","3198.46875","3198.46875","936.84375","936.84375","936.84375","2199.607177734375","2199.607177734375","2199.607177734375","","","","2922.75","2922.75","2922.75"
"554","","","","3734.1875","3734.1875","3734.1875","1553.5728759765625","1553.5728759765625","1553.5728759765625","1269.4761962890625","1269.4761962890625","1269.4761962890625","","","","2483.953125","2483.953125","2483.953125"
"555","","","","3395.3125","3395.3125","3395.3125","1308.90625","1308.90625","1308.90625","873.3870849609375","873.3870849609375","873.3870849609375","","","","2320.3125","2320.3125","2320.3125"
"556","","","","3522.487548828125","3522.487548828125","3522.487548828125","1710.7708740234375","1710.7708740234375","1710.7708740234375","1311.355224609375","1311.355224609375","1311.355224609375","","","","2982.833251953125","2982.833251953125","2982.833251953125"
"557","","","","3397.701416015625","3397.701416015625","3397.701416015625","2380.484375","2380.484375","2380.484375","1630.3699951171875","1630.3699951171875","1630.3699951171875","","","","3132.791748046875","3132.791748046875","3132.791748046875"
"558","","","","3445.354248046875","3445.354248046875","3445.354248046875","1344.449951171875","1344.449951171875","1344.449951171875","1054.5968017578125","1054.5968017578125","1054.5968017578125","","","","2354.145751953125","2354.145751953125","2354.145751953125"
"559","","","","3126.365966796875","3126.365966796875","3126.365966796875","1590.9166259765625","1590.9166259765625","1590.9166259765625","1329.046875","1329.046875","1329.046875","","","","2030.625","2030.625","2030.625"
"560","","","","3483.25","3483.25","3483.25","1771.96875","1771.96875","1771.96875","1463.2413330078125","1463.2413330078125","1463.2413330078125","","","","2820.259033203125","2820.259033203125","2820.259033203125"
"561","","","","3563.106201171875","3563.106201171875","3563.106201171875","1419.5892333984375","1419.5892333984375","1419.5892333984375","1301.297607421875","1301.297607421875","1301.297607421875","","","","2180.104248046875","2180.104248046875","2180.104248046875"
"562","","","","3767.682373046875","3767.682373046875","3767.682373046875","2010.59716796875","2010.59716796875","2010.59716796875","1636.4482421875","1636.4482421875","1636.4482421875","","","","3141.4453125","3141.4453125","3141.4453125"
"563","","","","3625.583251953125","3625.583251953125","3625.583251953125","1716.484375","1716.484375","1716.484375","1086.92236328125","1086.92236328125","1086.92236328125","","","","2595.72509765625","2595.72509765625","2595.72509765625"
"564","","","","3881.240966796875","3881.240966796875","3881.240966796875","2308.145751953125","2308.145751953125","2308.145751953125","2047.078125","2047.078125","2047.078125","","","","2863.10009765625","2863.10009765625","2863.10009765625"
"565","","","","3795.96875","3795.96875","3795.96875","1760.387451171875","1760.387451171875","1760.387451171875","1585.7972412109375","1585.7972412109375","1585.7972412109375","","","","3200.484375","3200.484375","3200.484375"
"566","","","","3618.25","3618.25","3618.25","2719.137451171875","2719.137451171875","2719.137451171875","1548.9659423828125","1548.9659423828125","1548.9659423828125","","","","3697.6875","3697.6875","3697.6875"
"567","","","","3628.111083984375","3628.111083984375","3628.111083984375","2234.1875","2234.1875","2234.1875","1516.6514892578125","1516.6514892578125","1516.6514892578125","","","","2652.03125","2652.03125","2652.03125"
"568","","","","3603.80615234375","3603.80615234375","3603.80615234375","1878.796875","1878.796875","1878.796875","1500.263916015625","1500.263916015625","1500.263916015625","","","","2708.201416015625","2708.201416015625","2708.201416015625"
"569","","","","3765.8125","3765.8125","3765.8125","1871.5859375","1871.5859375","1871.5859375","1471.4000244140625","1471.4000244140625","1471.4000244140625","","","","2775.696533203125","2775.696533203125","2775.696533203125"
"570","","","","3527.425048828125","3527.425048828125","3527.425048828125","1070.4375","1070.4375","1070.4375","1067.5999755859375","1067.5999755859375","1067.5999755859375","","","","1844.1875","1844.1875","1844.1875"
"571","","","","3436.362548828125","3436.362548828125","3436.362548828125","2005.53125","2005.53125","2005.53125","1433.1710205078125","1433.1710205078125","1433.1710205078125","","","","2781.666748046875","2781.666748046875","2781.666748046875"
"572","","","","3559.550048828125","3559.550048828125","3559.550048828125","1328.25","1328.25","1328.25","947.2045288085938","947.2045288085938","947.2045288085938","","","","1897.8333740234375","1897.8333740234375","1897.8333740234375"
"573","","","","3722.794677734375","3722.794677734375","3722.794677734375","2040.300048828125","2040.300048828125","2040.300048828125","1306.1607666015625","1306.1607666015625","1306.1607666015625","","","","2736.1875","2736.1875","2736.1875"
"574","","","","3738.40185546875","3738.40185546875","3738.40185546875","2082.447998046875","2082.447998046875","2082.447998046875","1367.1744384765625","1367.1744384765625","1367.1744384765625","","","","3263.604248046875","3263.604248046875","3263.604248046875"
"575","","","","3524.5","3524.5","3524.5","1824.0625","1824.0625","1824.0625","1644.9285888671875","1644.9285888671875","1644.9285888671875","","","","3067.044677734375","3067.044677734375","3067.044677734375"
"576","","","","3423.6318359375","3423.6318359375","3423.6318359375","1714.2857666015625","1714.2857666015625","1714.2857666015625","1103.6875","1103.6875","1103.6875","","","","2374.041748046875","2374.041748046875","2374.041748046875"
"577","","","","3281.75634765625","3281.75634765625","3281.75634765625","1396.75","1396.75","1396.75","1045.1500244140625","1045.1500244140625","1045.1500244140625","","","","1894.25","1894.25","1894.25"
"578","","","","3524.013916015625","3524.013916015625","3524.013916015625","1807.387451171875","1807.387451171875","1807.387451171875","1670.9559326171875","1670.9559326171875","1670.9559326171875","","","","2852.625","2852.625","2852.625"
"579","","","","3465.791748046875","3465.791748046875","3465.791748046875","2321.53564453125","2321.53564453125","2321.53564453125","1519.5428466796875","1519.5428466796875","1519.5428466796875","","","","3094.390625","3094.390625","3094.390625"
"580","","","","3180.168701171875","3180.168701171875","3180.168701171875","1964.421875","1964.421875","1964.421875","1223.1904296875","1223.1904296875","1223.1904296875","","","","2776.390625","2776.390625","2776.390625"
"581","","","","3987.3046875","3987.3046875","3987.3046875","1877.15966796875","1877.15966796875","1877.15966796875","1608.375","1608.375","1608.375","","","","2727.33935546875","2727.33935546875","2727.33935546875"
"582","","","","3602.395751953125","3602.395751953125","3602.395751953125","1384.580322265625","1384.580322265625","1384.580322265625","1027.4666748046875","1027.4666748046875","1027.4666748046875","","","","2650.666748046875","2650.666748046875","2650.666748046875"
"583","","","","3779.914794921875","3779.914794921875","3779.914794921875","2153.861083984375","2153.861083984375","2153.861083984375","1775.8333740234375","1775.8333740234375","1775.8333740234375","","","","3123.7578125","3123.7578125","3123.7578125"
"584","","","","3702.65625","3702.65625","3702.65625","1636.1339111328125","1636.1339111328125","1636.1339111328125","1239.625","1239.625","1239.625","","","","3139.125","3139.125","3139.125"
"585","","","","3404.331298828125","3404.331298828125","3404.331298828125","2629.25","2629.25","2629.25","1956.25","1956.25","1956.25","","","","3181.859375","3181.859375","3181.859375"
"586","","","","3638.9140625","3638.9140625","3638.9140625","1847.107177734375","1847.107177734375","1847.107177734375","1375.7357177734375","1375.7357177734375","1375.7357177734375","","","","3081.84375","3081.84375","3081.84375"
"587","","","","3433.8671875","3433.8671875","3433.8671875","2287.3681640625","2287.3681640625","2287.3681640625","1518.816650390625","1518.816650390625","1518.816650390625","","","","3492.260498046875","3492.260498046875","3492.260498046875"
"588","","","","3546.986083984375","3546.986083984375","3546.986083984375","1606.107177734375","1606.107177734375","1606.107177734375","1184.6630859375","1184.6630859375","1184.6630859375","","","","2501.15625","2501.15625","2501.15625"
"589","","","","3580.578125","3580.578125","3580.578125","1731.4625244140625","1731.4625244140625","1731.4625244140625","1842.78125","1842.78125","1842.78125","","","","3323.083251953125","3323.083251953125","3323.083251953125"
"590","","","","3091.102294921875","3091.102294921875","3091.102294921875","1697.65966796875","1697.65966796875","1697.65966796875","1361.25927734375","1361.25927734375","1361.25927734375","","","","3091.78759765625","3091.78759765625","3091.78759765625"
"591","","","","3599.419677734375","3599.419677734375","3599.419677734375","1278.109375","1278.109375","1278.109375","992.9107055664062","992.9107055664062","992.9107055664062","","","","2565.890625","2565.890625","2565.890625"
"592","","","","3294.354248046875","3294.354248046875","3294.354248046875","1637.9375","1637.9375","1637.9375","1076.2410888671875","1076.2410888671875","1076.2410888671875","","","","2621.78759765625","2621.78759765625","2621.78759765625"
"593","","","","3634.335205078125","3634.335205078125","3634.335205078125","1815.1805419921875","1815.1805419921875","1815.1805419921875","1206.862548828125","1206.862548828125","1206.862548828125","","","","2803.5","2803.5","2803.5"
"594","","","","3575.8125","3575.8125","3575.8125","1565.925048828125","1565.925048828125","1565.925048828125","1284.5185546875","1284.5185546875","1284.5185546875","","","","3225.854248046875","3225.854248046875","3225.854248046875"
"595","","","","3632.1875","3632.1875","3632.1875","1321.949951171875","1321.949951171875","1321.949951171875","994.2984008789062","994.2984008789062","994.2984008789062","","","","2351.3515625","2351.3515625","2351.3515625"
"596","","","","3758.65283203125","3758.65283203125","3758.65283203125","1879.46875","1879.46875","1879.46875","1196.0535888671875","1196.0535888671875","1196.0535888671875","","","","4006.6875","4006.6875","4006.6875"
"597","","","","3829.50634765625","3829.50634765625","3829.50634765625","1734.640625","1734.640625","1734.640625","1206.605224609375","1206.605224609375","1206.605224609375","","","","2077.166748046875","2077.166748046875","2077.166748046875"
"598","","","","3693.010498046875","3693.010498046875","3693.010498046875","1629.8853759765625","1629.8853759765625","1629.8853759765625","1023.897705078125","1023.897705078125","1023.897705078125","","","","2461.916748046875","2461.916748046875","2461.916748046875"
"599","","","","3363.4375","3363.4375","3363.4375","2205.59375","2205.59375","2205.59375","1311.96875","1311.96875","1311.96875","","","","3173.578125","3173.578125","3173.578125"
"600","","","","3678.90625","3678.90625","3678.90625","1600.6875","1600.6875","1600.6875","1006.0750122070312","1006.0750122070312","1006.0750122070312","","","","2675.84375","2675.84375","2675.84375"
"601","","","","3738.19384765625","3738.19384765625","3738.19384765625","1542.734375","1542.734375","1542.734375","1000.8020629882812","1000.8020629882812","1000.8020629882812","","","","2389.678466796875","2389.678466796875","2389.678466796875"
"602","","","","3494.0341796875","3494.0341796875","3494.0341796875","1783.3958740234375","1783.3958740234375","1783.3958740234375","1363.0625","1363.0625","1363.0625","","","","2572.390625","2572.390625","2572.390625"
"603","","","","3772.640625","3772.640625","3772.640625","1415.3021240234375","1415.3021240234375","1415.3021240234375","993.4658813476562","993.4658813476562","993.4658813476562","","","","2830.895751953125","2830.895751953125","2830.895751953125"
"604","","","","3764.104248046875","3764.104248046875","3764.104248046875","1788.9910888671875","1788.9910888671875","1788.9910888671875","1077.060546875","1077.060546875","1077.060546875","","","","2753.053466796875","2753.053466796875","2753.053466796875"
"605","","","","3644.35791015625","3644.35791015625","3644.35791015625","1669.7232666015625","1669.7232666015625","1669.7232666015625","975.6770629882812","975.6770629882812","975.6770629882812","","","","2276.580322265625","2276.580322265625","2276.580322265625"
"606","","","","3627.22314453125","3627.22314453125","3627.22314453125","2056.5625","2056.5625","2056.5625","1240.0833740234375","1240.0833740234375","1240.0833740234375","","","","2517.10009765625","2517.10009765625","2517.10009765625"
"607","","","","3487.572998046875","3487.572998046875","3487.572998046875","1980.140625","1980.140625","1980.140625","1214.1458740234375","1214.1458740234375","1214.1458740234375","","","","3217.08740234375","3217.08740234375","3217.08740234375"
"608","","","","3736.776123046875","3736.776123046875","3736.776123046875","1626.8984375","1626.8984375","1626.8984375","902.2166748046875","902.2166748046875","902.2166748046875","","","","2563.395751953125","2563.395751953125","2563.395751953125"
"609","","","","3618.229248046875","3618.229248046875","3618.229248046875","1458.4921875","1458.4921875","1458.4921875","1210.3846435546875","1210.3846435546875","1210.3846435546875","","","","2860.16259765625","2860.16259765625","2860.16259765625"
"610","","","","3725.88134765625","3725.88134765625","3725.88134765625","1891.9791259765625","1891.9791259765625","1891.9791259765625","936.25","936.25","936.25","","","","2623.21875","2623.21875","2623.21875"
"611","","","","3795.6591796875","3795.6591796875","3795.6591796875","1783.8203125","1783.8203125","1783.8203125","1020.4642944335938","1020.4642944335938","1020.4642944335938","","","","2962.800048828125","2962.800048828125","2962.800048828125"
"612","","","","3694.518798828125","3694.518798828125","3694.518798828125","1682.4791259765625","1682.4791259765625","1682.4791259765625","1243.1922607421875","1243.1922607421875","1243.1922607421875","","","","2933.015625","2933.015625","2933.015625"
"613","","","","3368.1875","3368.1875","3368.1875","1503.2109375","1503.2109375","1503.2109375","770.3863525390625","770.3863525390625","770.3863525390625","","","","2783.884033203125","2783.884033203125","2783.884033203125"
"614","","","","3610.6953125","3610.6953125","3610.6953125","1497.112548828125","1497.112548828125","1497.112548828125","1006.25","1006.25","1006.25","","","","2421.2890625","2421.2890625","2421.2890625"
"615","","","","3612.38134765625","3612.38134765625","3612.38134765625","1404.8125","1404.8125","1404.8125","746.4444580078125","746.4444580078125","746.4444580078125","","","","2603.375","2603.375","2603.375"
"616","","","","3666.0966796875","3666.0966796875","3666.0966796875","1649.4166259765625","1649.4166259765625","1649.4166259765625","865.4807739257812","865.4807739257812","865.4807739257812","","","","2817.53125","2817.53125","2817.53125"
"617","","","","2963.130126953125","2963.130126953125","2963.130126953125","1443.8375244140625","1443.8375244140625","1443.8375244140625","957.7954711914062","957.7954711914062","957.7954711914062","","","","2758.765625","2758.765625","2758.765625"
"618","","","","3582.831787109375","3582.831787109375","3582.831787109375","1493.2589111328125","1493.2589111328125","1493.2589111328125","871.5645141601562","871.5645141601562","871.5645141601562","","","","2559.96875","2559.96875","2559.96875"
"619","","","","3473.5341796875","3473.5341796875","3473.5341796875","1865.111083984375","1865.111083984375","1865.111083984375","930.1500244140625","930.1500244140625","930.1500244140625","","","","3095.482177734375","3095.482177734375","3095.482177734375"
"620","","","","4001.380615234375","4001.380615234375","4001.380615234375","1347.5234375","1347.5234375","1347.5234375","853.272705078125","853.272705078125","853.272705078125","","","","2997.1875","2997.1875","2997.1875"
"621","","","","3969.645751953125","3969.645751953125","3969.645751953125","1810.84375","1810.84375","1810.84375","1102.3365478515625","1102.3365478515625","1102.3365478515625","","","","3289.697998046875","3289.697998046875","3289.697998046875"
"622","","","","3704.675048828125","3704.675048828125","3704.675048828125","1954.09375","1954.09375","1954.09375","786.9722290039062","786.9722290039062","786.9722290039062","","","","2680.260498046875","2680.260498046875","2680.260498046875"
"623","","","","3206.2109375","3206.2109375","3206.2109375","2647.125","2647.125","2647.125","1866.675048828125","1866.675048828125","1866.675048828125","","","","3604.4375","3604.4375","3604.4375"
"624","","","","3487.2841796875","3487.2841796875","3487.2841796875","1460.5535888671875","1460.5535888671875","1460.5535888671875","906.25","906.25","906.25","","","","2502.90625","2502.90625","2502.90625"
"625","","","","3654.72216796875","3654.72216796875","3654.72216796875","1882.5892333984375","1882.5892333984375","1882.5892333984375","916.3846435546875","916.3846435546875","916.3846435546875","","","","3238.703125","3238.703125","3238.703125"
"626","","","","3709.914794921875","3709.914794921875","3709.914794921875","1490.0521240234375","1490.0521240234375","1490.0521240234375","839.8624877929688","839.8624877929688","839.8624877929688","","","","2315.3125","2315.3125","2315.3125"
"627","","","","3150.416748046875","3150.416748046875","3150.416748046875","1750.5521240234375","1750.5521240234375","1750.5521240234375","606.2567749023438","606.2567749023438","606.2567749023438","","","","2671.02490234375","2671.02490234375","2671.02490234375"
"628","","","","3869.83740234375","3869.83740234375","3869.83740234375","1941.675048828125","1941.675048828125","1941.675048828125","982.3636474609375","982.3636474609375","982.3636474609375","","","","3205.921875","3205.921875","3205.921875"
"629","","","","3711.13134765625","3711.13134765625","3711.13134765625","1673.1875","1673.1875","1673.1875","613.8981323242188","613.8981323242188","613.8981323242188","","","","2836.515625","2836.515625","2836.515625"
"630","","","","3880.78759765625","3880.78759765625","3880.78759765625","1772.125","1772.125","1772.125","859.489990234375","859.489990234375","859.489990234375","","","","3403.1875","3403.1875","3403.1875"
"631","","","","3175.2568359375","3175.2568359375","3175.2568359375","1331.96875","1331.96875","1331.96875","522.047607421875","522.047607421875","522.047607421875","","","","2656.203125","2656.203125","2656.203125"
"632","","","","3638.78466796875","3638.78466796875","3638.78466796875","1377.0703125","1377.0703125","1377.0703125","685.868408203125","685.868408203125","685.868408203125","","","","2861.175048828125","2861.175048828125","2861.175048828125"
"633","","","","3334.076904296875","3334.076904296875","3334.076904296875","1466.206298828125","1466.206298828125","1466.206298828125","783.6964111328125","783.6964111328125","783.6964111328125","","","","2505.25","2505.25","2505.25"
"634","","","","3515.2109375","3515.2109375","3515.2109375","1595.199951171875","1595.199951171875","1595.199951171875","714.1029663085938","714.1029663085938","714.1029663085938","","","","2767.25","2767.25","2767.25"
"635","","","","3556.0625","3556.0625","3556.0625","1848.96875","1848.96875","1848.96875","831.984375","831.984375","831.984375","","","","3096.762451171875","3096.762451171875","3096.762451171875"
"636","","","","2930.244384765625","2930.244384765625","2930.244384765625","2182.759033203125","2182.759033203125","2182.759033203125","565.7261962890625","565.7261962890625","565.7261962890625","","","","2677.65185546875","2677.65185546875","2677.65185546875"
"637","","","","3045.990966796875","3045.990966796875","3045.990966796875","1824.0625","1824.0625","1824.0625","822.923095703125","822.923095703125","822.923095703125","","","","2880.364501953125","2880.364501953125","2880.364501953125"
"638","","","","3359.3125","3359.3125","3359.3125","1481.987548828125","1481.987548828125","1481.987548828125","897.7870483398438","897.7870483398438","897.7870483398438","","","","2642.6796875","2642.6796875","2642.6796875"
"639","","","","3395.119873046875","3395.119873046875","3395.119873046875","1208.5625","1208.5625","1208.5625","622.4609375","622.4609375","622.4609375","","","","2645.9375","2645.9375","2645.9375"
"640","","","","3767.886474609375","3767.886474609375","3767.886474609375","1661.6015625","1661.6015625","1661.6015625","782.137939453125","782.137939453125","782.137939453125","","","","2848.9375","2848.9375","2848.9375"
"641","","","","2314.380126953125","2314.380126953125","2314.380126953125","1342.732177734375","1342.732177734375","1342.732177734375","357.8374938964844","357.8374938964844","357.8374938964844","","","","2773.71240234375","2773.71240234375","2773.71240234375"
"642","","","","3374.66259765625","3374.66259765625","3374.66259765625","1557.0625","1557.0625","1557.0625","596.2105102539062","596.2105102539062","596.2105102539062","","","","2894.08740234375","2894.08740234375","2894.08740234375"
"643","","","","3106.732177734375","3106.732177734375","3106.732177734375","1817.9166259765625","1817.9166259765625","1817.9166259765625","797.5681762695312","797.5681762695312","797.5681762695312","","","","2539.302001953125","2539.302001953125","2539.302001953125"
"644","","","","3529.93115234375","3529.93115234375","3529.93115234375","1552.4732666015625","1552.4732666015625","1552.4732666015625","686.3240966796875","686.3240966796875","686.3240966796875","","","","2555.109375","2555.109375","2555.109375"
"645","","","","2430.375","2430.375","2430.375","1479.949951171875","1479.949951171875","1479.949951171875","417.5952453613281","417.5952453613281","417.5952453613281","","","","2831.328125","2831.328125","2831.328125"
"646","","","","3510.578125","3510.578125","3510.578125","1439.90625","1439.90625","1439.90625","733.9347534179688","733.9347534179688","733.9347534179688","","","","2943.60009765625","2943.60009765625","2943.60009765625"
"647","","","","3671.013916015625","3671.013916015625","3671.013916015625","1877.3055419921875","1877.3055419921875","1877.3055419921875","859.6083374023438","859.6083374023438","859.6083374023438","","","","2939.25","2939.25","2939.25"
"648","","","","3345.395751953125","3345.395751953125","3345.395751953125","1216.0625","1216.0625","1216.0625","487.47369384765625","487.47369384765625","487.47369384765625","","","","3248.125","3248.125","3248.125"
"649","","","","3337.661376953125","3337.661376953125","3337.661376953125","1879.512451171875","1879.512451171875","1879.512451171875","651.75","651.75","651.75","","","","2565.8125","2565.8125","2565.8125"
"650","","","","3436.895751953125","3436.895751953125","3436.895751953125","1198.59716796875","1198.59716796875","1198.59716796875","584.0484008789062","584.0484008789062","584.0484008789062","","","","2418.96875","2418.96875","2418.96875"
"651","","","","3296.75","3296.75","3296.75","966.3875122070312","966.3875122070312","966.3875122070312","427.4907531738281","427.4907531738281","427.4907531738281","","","","2654.046875","2654.046875","2654.046875"
"652","","","","2993.043701171875","2993.043701171875","2993.043701171875","1961.7708740234375","1961.7708740234375","1961.7708740234375","984.125","984.125","984.125","","","","3557.640625","3557.640625","3557.640625"
"653","","","","3314.83935546875","3314.83935546875","3314.83935546875","2419.15625","2419.15625","2419.15625","772.47998046875","772.47998046875","772.47998046875","","","","3449.453125","3449.453125","3449.453125"
"654","","","","3055.91357421875","3055.91357421875","3055.91357421875","1278.40625","1278.40625","1278.40625","455.4351806640625","455.4351806640625","455.4351806640625","","","","2595.75","2595.75","2595.75"
"655","","","","3202.28369140625","3202.28369140625","3202.28369140625","1564.7767333984375","1564.7767333984375","1564.7767333984375","612.95654296875","612.95654296875","612.95654296875","","","","1767.2083740234375","1767.2083740234375","1767.2083740234375"
"656","","","","3601.511474609375","3601.511474609375","3601.511474609375","1341.3499755859375","1341.3499755859375","1341.3499755859375","535.4099731445312","535.4099731445312","535.4099731445312","","","","2318.239501953125","2318.239501953125","2318.239501953125"
"657","","","","3490.109375","3490.109375","3490.109375","1814.044677734375","1814.044677734375","1814.044677734375","619.52587890625","619.52587890625","619.52587890625","","","","3011.729248046875","3011.729248046875","3011.729248046875"
"658","","","","3603","3603","3603","1734.7916259765625","1734.7916259765625","1734.7916259765625","664.3152465820312","664.3152465820312","664.3152465820312","","","","2556.982177734375","2556.982177734375","2556.982177734375"
"659","","","","3354.115966796875","3354.115966796875","3354.115966796875","1602.1875","1602.1875","1602.1875","701.875","701.875","701.875","","","","2945.015625","2945.015625","2945.015625"
"660","","","","3259.143798828125","3259.143798828125","3259.143798828125","1586.888916015625","1586.888916015625","1586.888916015625","758.55712890625","758.55712890625","758.55712890625","","","","3117.03125","3117.03125","3117.03125"
"661","","","","","","","2603.5693359375","2603.5693359375","2603.5693359375","1021.8472290039062","1021.8472290039062","1021.8472290039062","","","","3399.1796875","3399.1796875","3399.1796875"
"662","","","","","","","3121.15625","3121.15625","3121.15625","1220.72216796875","1220.72216796875","1220.72216796875","","","","3636.16259765625","3636.16259765625","3636.16259765625"
"663","","","","","","","1677.0625","1677.0625","1677.0625","479.1176452636719","479.1176452636719","479.1176452636719","","","","3134.5","3134.5","3134.5"
"664","","","","","","","1846.2916259765625","1846.2916259765625","1846.2916259765625","491.4285583496094","491.4285583496094","491.4285583496094","","","","3464.208251953125","3464.208251953125","3464.208251953125"
"665","","","","","","","1872.4910888671875","1872.4910888671875","1872.4910888671875","503.1111145019531","503.1111145019531","503.1111145019531","","","","3034.58740234375","3034.58740234375","3034.58740234375"
"666","","","","","","","2086.0703125","2086.0703125","2086.0703125","582.1923217773438","582.1923217773438","582.1923217773438","","","","3447.4375","3447.4375","3447.4375"
"667","","","","","","","2142.34375","2142.34375","2142.34375","439.0384521484375","439.0384521484375","439.0384521484375","","","","3441.75","3441.75","3441.75"
"668","","","","","","","2236.083251953125","2236.083251953125","2236.083251953125","583.7884521484375","583.7884521484375","583.7884521484375","","","","3328.5625","3328.5625","3328.5625"
"669","","","","","","","2003.1500244140625","2003.1500244140625","2003.1500244140625","563.941162109375","563.941162109375","563.941162109375","","","","2733.6640625","2733.6640625","2733.6640625"
"670","","","","","","","2217.84814453125","2217.84814453125","2217.84814453125","836.9166870117188","836.9166870117188","836.9166870117188","","","","2889.03759765625","2889.03759765625","2889.03759765625"
"671","","","","","","","2681.38134765625","2681.38134765625","2681.38134765625","1155.0789794921875","1155.0789794921875","1155.0789794921875","","","","3512.3193359375","3512.3193359375","3512.3193359375"
"672","","","","","","","2542.039794921875","2542.039794921875","2542.039794921875","1110.4404296875","1110.4404296875","1110.4404296875","","","","3741.265625","3741.265625","3741.265625"
"673","","","","","","","1840.53125","1840.53125","1840.53125","783.7777709960938","783.7777709960938","783.7777709960938","","","","3661.64990234375","3661.64990234375","3661.64990234375"
"674","","","","","","","2435.300048828125","2435.300048828125","2435.300048828125","816","816","816","","","","3880.9375","3880.9375","3880.9375"
"675","","","","","","","1779.4375","1779.4375","1779.4375","441.5833435058594","441.5833435058594","441.5833435058594","","","","2816.770751953125","2816.770751953125","2816.770751953125"
"676","","","","","","","1414.3807373046875","1414.3807373046875","1414.3807373046875","630.6944580078125","630.6944580078125","630.6944580078125","","","","3239.552001953125","3239.552001953125","3239.552001953125"
"677","","","","","","","2407.205322265625","2407.205322265625","2407.205322265625","760.140625","760.140625","760.140625","","","","3309.7578125","3309.7578125","3309.7578125"
"678","","","","","","","2503.696533203125","2503.696533203125","2503.696533203125","710.6153564453125","710.6153564453125","710.6153564453125","","","","3541.884033203125","3541.884033203125","3541.884033203125"
"679","","","","","","","1937.450927734375","1937.450927734375","1937.450927734375","1031.3125","1031.3125","1031.3125","","","","3437.602783203125","3437.602783203125","3437.602783203125"
"680","","","","","","","2178.7578125","2178.7578125","2178.7578125","1184.984375","1184.984375","1184.984375","","","","3498.041748046875","3498.041748046875","3498.041748046875"
"681","","","","","","","2131.143798828125","2131.143798828125","2131.143798828125","1101.9886474609375","1101.9886474609375","1101.9886474609375","","","","3382.90625","3382.90625","3382.90625"
"682","","","","","","","2012.2396240234375","2012.2396240234375","2012.2396240234375","683.4444580078125","683.4444580078125","683.4444580078125","","","","3061.046875","3061.046875","3061.046875"
"683","","","","","","","1451.5","1451.5","1451.5","603.28125","603.28125","603.28125","","","","3205.362548828125","3205.362548828125","3205.362548828125"
"684","","","","","","","2371.90625","2371.90625","2371.90625","958.7750244140625","958.7750244140625","958.7750244140625","","","","3643.25","3643.25","3643.25"
"685","","","","","","","1814.0625","1814.0625","1814.0625","275.875","275.875","275.875","","","","3456.328125","3456.328125","3456.328125"
"686","","","","","","","2205.0908203125","2205.0908203125","2205.0908203125","1196.227294921875","1196.227294921875","1196.227294921875","","","","3621.083251953125","3621.083251953125","3621.083251953125"
"687","","","","","","","2665.145751953125","2665.145751953125","2665.145751953125","1783.3333740234375","1783.3333740234375","1783.3333740234375","","","","3332.328125","3332.328125","3332.328125"
"688","","","","","","","2173.053466796875","2173.053466796875","2173.053466796875","1254.5714111328125","1254.5714111328125","1254.5714111328125","","","","3421.354248046875","3421.354248046875","3421.354248046875"
"689","","","","","","","1703.3125","1703.3125","1703.3125","693.140625","693.140625","693.140625","","","","2915.1953125","2915.1953125","2915.1953125"
"690","","","","","","","2280.8203125","2280.8203125","2280.8203125","652.296875","652.296875","652.296875","","","","3204.453125","3204.453125","3204.453125"
"691","","","","","","","2398.58740234375","2398.58740234375","2398.58740234375","725.8636474609375","725.8636474609375","725.8636474609375","","","","3246.6875","3246.6875","3246.6875"
"692","","","","","","","2015.109375","2015.109375","2015.109375","796.6428833007812","796.6428833007812","796.6428833007812","","","","3065.96240234375","3065.96240234375","3065.96240234375"
"693","","","","","","","2383.625","2383.625","2383.625","595.4318237304688","595.4318237304688","595.4318237304688","","","","3208.08740234375","3208.08740234375","3208.08740234375"
"694","","","","","","","2961.050048828125","2961.050048828125","2961.050048828125","539.8055419921875","539.8055419921875","539.8055419921875","","","","3017.234375","3017.234375","3017.234375"
"695","","","","","","","2095.240966796875","2095.240966796875","2095.240966796875","817.4166870117188","817.4166870117188","817.4166870117188","","","","3127.553466796875","3127.553466796875","3127.553466796875"
"696","","","","","","","2348.046875","2348.046875","2348.046875","772.51318359375","772.51318359375","772.51318359375","","","","2986.571533203125","2986.571533203125","2986.571533203125"
"697","","","","","","","1718.421875","1718.421875","1718.421875","657.6052856445312","657.6052856445312","657.6052856445312","","","","3163.28125","3163.28125","3163.28125"
"698","","","","","","","1599.5728759765625","1599.5728759765625","1599.5728759765625","626.4722290039062","626.4722290039062","626.4722290039062","","","","3052.510498046875","3052.510498046875","3052.510498046875"
"699","","","","","","","1855.732177734375","1855.732177734375","1855.732177734375","703.5416870117188","703.5416870117188","703.5416870117188","","","","3559.71875","3559.71875","3559.71875"
"700","","","","","","","2045.3203125","2045.3203125","2045.3203125","582.2083129882812","582.2083129882812","582.2083129882812","","","","2846.6796875","2846.6796875","2846.6796875"
"701","","","","","","","1802.296875","1802.296875","1802.296875","602.5576782226562","602.5576782226562","602.5576782226562","","","","3198.5625","3198.5625","3198.5625"
"702","","","","","","","1312.017822265625","1312.017822265625","1312.017822265625","370.4583435058594","370.4583435058594","370.4583435058594","","","","2626.0625","2626.0625","2626.0625"
"703","","","","","","","1806.7767333984375","1806.7767333984375","1806.7767333984375","494.8035583496094","494.8035583496094","494.8035583496094","","","","3263.703125","3263.703125","3263.703125"
"704","","","","","","","1191.3333740234375","1191.3333740234375","1191.3333740234375","433.9285583496094","433.9285583496094","433.9285583496094","","","","2814.15625","2814.15625","2814.15625"
"705","","","","","","","1731.1953125","1731.1953125","1731.1953125","432.03570556640625","432.03570556640625","432.03570556640625","","","","3067.125","3067.125","3067.125"
"706","","","","","","","2156.604248046875","2156.604248046875","2156.604248046875","1217.699951171875","1217.699951171875","1217.699951171875","","","","3096.25","3096.25","3096.25"
"707","","","","","","","2203.34375","2203.34375","2203.34375","691.96875","691.96875","691.96875","","","","3393.833251953125","3393.833251953125","3393.833251953125"
"708","","","","","","","1768.2708740234375","1768.2708740234375","1768.2708740234375","275.16070556640625","275.16070556640625","275.16070556640625","","","","3098.484375","3098.484375","3098.484375"
"709","","","","","","","1873.1500244140625","1873.1500244140625","1873.1500244140625","442.6333312988281","442.6333312988281","442.6333312988281","","","","3081.050048828125","3081.050048828125","3081.050048828125"
"710","","","","","","","1617.0999755859375","1617.0999755859375","1617.0999755859375","505.3636474609375","505.3636474609375","505.3636474609375","","","","2641.322998046875","2641.322998046875","2641.322998046875"
"711","","","","","","","1971.6932373046875","1971.6932373046875","1971.6932373046875","478.6538391113281","478.6538391113281","478.6538391113281","","","","3430.791748046875","3430.791748046875","3430.791748046875"
"712","","","","","","","2111.857177734375","2111.857177734375","2111.857177734375","397.51922607421875","397.51922607421875","397.51922607421875","","","","2807.65625","2807.65625","2807.65625"
"713","","","","","","","2151.947998046875","2151.947998046875","2151.947998046875","685.0999755859375","685.0999755859375","685.0999755859375","","","","3180.40625","3180.40625","3180.40625"
"714","","","","","","","1375.1875","1375.1875","1375.1875","280.078125","280.078125","280.078125","","","","3273.765625","3273.765625","3273.765625"
"715","","","","","","","2241.22216796875","2241.22216796875","2241.22216796875","232.28125","232.28125","232.28125","","","","3474.425048828125","3474.425048828125","3474.425048828125"
"716","","","","","","","1746.6517333984375","1746.6517333984375","1746.6517333984375","315.27777099609375","315.27777099609375","315.27777099609375","","","","3061.106201171875","3061.106201171875","3061.106201171875"
"717","","","","","","","2261.238525390625","2261.238525390625","2261.238525390625","574.5","574.5","574.5","","","","3577.7216796875","3577.7216796875","3577.7216796875"
"718","","","","","","","2450.5693359375","2450.5693359375","2450.5693359375","269.92498779296875","269.92498779296875","269.92498779296875","","","","3200.2578125","3200.2578125","3200.2578125"
"719","","","","","","","1355.8499755859375","1355.8499755859375","1355.8499755859375","257.0249938964844","257.0249938964844","257.0249938964844","","","","2555.229248046875","2555.229248046875","2555.229248046875"
"720","","","","","","","1937.09375","1937.09375","1937.09375","132.73333740234375","132.73333740234375","132.73333740234375","","","","957.375","957.375","957.375"
"721","","","","","","","1233.1875","1233.1875","1233.1875","205.52499389648438","205.52499389648438","205.52499389648438","","","","2507.800048828125","2507.800048828125","2507.800048828125"
"722","","","","","","","2199.77685546875","2199.77685546875","2199.77685546875","128.6875","128.6875","128.6875","","","","2986.606201171875","2986.606201171875","2986.606201171875"
"723","","","","","","","2111.862548828125","2111.862548828125","2111.862548828125","134.8000030517578","134.8000030517578","134.8000030517578","","","","2920.572998046875","2920.572998046875","2920.572998046875"
"724","","","","","","","2194.489501953125","2194.489501953125","2194.489501953125","179.25","179.25","179.25","","","","3657.324951171875","3657.324951171875","3657.324951171875"
"725","","","","","","","2003.52783203125","2003.52783203125","2003.52783203125","174.5892791748047","174.5892791748047","174.5892791748047","","","","2695.927001953125","2695.927001953125","2695.927001953125"
"726","","","","","","","2076.90625","2076.90625","2076.90625","197","197","197","","","","3251.5625","3251.5625","3251.5625"
"727","","","","","","","2728.89990234375","2728.89990234375","2728.89990234375","216.75","216.75","216.75","","","","3963.03564453125","3963.03564453125","3963.03564453125"
"728","","","","","","","2437.173583984375","2437.173583984375","2437.173583984375","200.5576934814453","200.5576934814453","200.5576934814453","","","","3276.59716796875","3276.59716796875","3276.59716796875"
"729","","","","","","","2683.425048828125","2683.425048828125","2683.425048828125","242.75","242.75","242.75","","","","4071.375","4071.375","4071.375"
"730","","","","","","","1631.6458740234375","1631.6458740234375","1631.6458740234375","389.8999938964844","389.8999938964844","389.8999938964844","","","","3352.1875","3352.1875","3352.1875"
"731","","","","","","","2942.8125","2942.8125","2942.8125","401.75","401.75","401.75","","","","3978.0625","3978.0625","3978.0625"
"732","","","","","","","3079.875","3079.875","3079.875","629.8333129882812","629.8333129882812","629.8333129882812","","","","3772.921875","3772.921875","3772.921875"
"733","","","","","","","2448.208251953125","2448.208251953125","2448.208251953125","55.625","55.625","55.625","","","","3814.387451171875","3814.387451171875","3814.387451171875"
"734","","","","","","","3320.864501953125","3320.864501953125","3320.864501953125","113.69999694824219","113.69999694824219","113.69999694824219","","","","3934.330322265625","3934.330322265625","3934.330322265625"
"735","","","","","","","2284.520751953125","2284.520751953125","2284.520751953125","160.97727966308594","160.97727966308594","160.97727966308594","","","","3823.78125","3823.78125","3823.78125"
"736","","","","","","","2321.833251953125","2321.833251953125","2321.833251953125","91.0999984741211","91.0999984741211","91.0999984741211","","","","3483.421875","3483.421875","3483.421875"
"737","","","","","","","2367.949951171875","2367.949951171875","2367.949951171875","606.375","606.375","606.375","","","","3678.166748046875","3678.166748046875","3678.166748046875"
"738","","","","","","","2380.322998046875","2380.322998046875","2380.322998046875","76.875","76.875","76.875","","","","3309.66259765625","3309.66259765625","3309.66259765625"
"739","","","","","","","2227.359375","2227.359375","2227.359375","30.25","30.25","30.25","","","","3614.375","3614.375","3614.375"
"740","","","","","","","2183.15625","2183.15625","2183.15625","31.45833396911621","31.45833396911621","31.45833396911621","","","","3295.604248046875","3295.604248046875","3295.604248046875"
"741","","","","","","","2547.416748046875","2547.416748046875","2547.416748046875","49.625","49.625","49.625","","","","3498.0625","3498.0625","3498.0625"
"742","","","","","","","2804.115966796875","2804.115966796875","2804.115966796875","35.75","35.75","35.75","","","","3876.9375","3876.9375","3876.9375"
"743","","","","","","","2094.75","2094.75","2094.75","50","50","50","","","","3458.803466796875","3458.803466796875","3458.803466796875"
"744","","","","","","","2315.9375","2315.9375","2315.9375","102.625","102.625","102.625","","","","3612.3125","3612.3125","3612.3125"
"745","","","","","","","2320.4453125","2320.4453125","2320.4453125","33.16666793823242","33.16666793823242","33.16666793823242","","","","3790.65625","3790.65625","3790.65625"
"746","","","","","","","3367.9443359375","3367.9443359375","3367.9443359375","33.875","33.875","33.875","","","","3999.140625","3999.140625","3999.140625"
"747","","","","","","","2345.875","2345.875","2345.875","33.04999923706055","33.04999923706055","33.04999923706055","","","","3844.3125","3844.3125","3844.3125"
"748","","","","","","","2813.125","2813.125","2813.125","15","15","15","","","","3356.5","3356.5","3356.5"
"749","","","","","","","1732.5625","1732.5625","1732.5625","11","11","11","","","","3247.487548828125","3247.487548828125","3247.487548828125"
"750","","","","","","","2703.7734375","2703.7734375","2703.7734375","11","11","11","","","","3807.14990234375","3807.14990234375","3807.14990234375"
"751","","","","","","","2933.8671875","2933.8671875","2933.8671875","15","15","15","","","","3660.34814453125","3660.34814453125","3660.34814453125"
"752","","","","","","","2887.03125","2887.03125","2887.03125","10","10","10","","","","3534.734375","3534.734375","3534.734375"
"753","","","","","","","2111.489501953125","2111.489501953125","2111.489501953125","11.625","10","13.25","","","","3303.22509765625","3303.22509765625","3303.22509765625"
"754","","","","","","","3210.59375","3210.59375","3210.59375","11.833333492279053","10","13.666666984558105","","","","4045.012451171875","4045.012451171875","4045.012451171875"
"755","","","","","","","2835.41259765625","2835.41259765625","2835.41259765625","11.261363506317139","10","12.522727012634277","","","","3594.625","3594.625","3594.625"
"756","","","","","","","2521.885498046875","2521.885498046875","2521.885498046875","11.875","10","13.75","","","","3654.0703125","3654.0703125","3654.0703125"
"757","","","","","","","2676.875","2676.875","2676.875","10.4375","10","10.875","","","","3440.60009765625","3440.60009765625","3440.60009765625"
"758","","","","","","","2220.59033203125","2220.59033203125","2220.59033203125","11.375","10.75","12","","","","3163.03125","3163.03125","3163.03125"
"759","","","","","","","2641.265625","2641.265625","2641.265625","12.75","11","14.5","","","","3009.359375","3009.359375","3009.359375"
"760","","","","","","","2404.552001953125","2404.552001953125","2404.552001953125","11.40625","10","12.8125","","","","3232.828125","3232.828125","3232.828125"
"761","","","","","","","2426.1015625","2426.1015625","2426.1015625","12.946428775787354","11","14.892857551574707","","","","3577.52490234375","3577.52490234375","3577.52490234375"
"762","","","","","","","2674.989501953125","2674.989501953125","2674.989501953125","16.25","12.75","19.75","","","","3701.458251953125","3701.458251953125","3701.458251953125"
"763","","","","","","","2971.84716796875","2971.84716796875","2971.84716796875","15.4375","11","19.875","","","","3608.875","3608.875","3608.875"
"764","","","","","","","2475.9375","2475.9375","2475.9375","16.458333015441895","10","22.91666603088379","","","","3680.895751953125","3680.895751953125","3680.895751953125"
"765","","","","","","","1990.78125","1990.78125","1990.78125","12.5","10","15","","","","3492.625","3492.625","3492.625"
"766","","","","","","","2632.737548828125","2632.737548828125","2632.737548828125","11.25","10","12.5","","","","3637.104248046875","3637.104248046875","3637.104248046875"
"767","","","","","","","2354.265625","2354.265625","2354.265625","11","11","11","","","","3219.637451171875","3219.637451171875","3219.637451171875"
"768","","","","","","","1542.1875","1542.1875","1542.1875","14.125","13","15.25","","","","2923.625","2923.625","2923.625"
"769","","","","","","","1974.90625","1974.90625","1974.90625","14.208333492279053","11.416666984558105","17","","","","3023.828125","3023.828125","3023.828125"
"770","","","","","","","2753.083251953125","2753.083251953125","2753.083251953125","16.0625","13","19.125","","","","3678.987548828125","3678.987548828125","3678.987548828125"
"771","","","","","","","2783.604248046875","2783.604248046875","2783.604248046875","17.38888931274414","17","17.77777862548828","","","","3822.08740234375","3822.08740234375","3822.08740234375"
"772","","","","","","","2512.265625","2512.265625","2512.265625","13.25","10","16.5","","","","3496.635498046875","3496.635498046875","3496.635498046875"
"773","","","","","","","3529.791748046875","3529.791748046875","3529.791748046875","21.625","21","22.25","","","","3350.395751953125","3350.395751953125","3350.395751953125"
"774","","","","","","","2459.706298828125","2459.706298828125","2459.706298828125","16.125","11.75","20.5","","","","3384.736083984375","3384.736083984375","3384.736083984375"
"775","","","","","","","2653.303466796875","2653.303466796875","2653.303466796875","17.625","13.25","22","","","","3668.177001953125","3668.177001953125","3668.177001953125"
"776","","","","","","","2442.8125","2442.8125","2442.8125","15.90625","14.8125","17","","","","3218.609375","3218.609375","3218.609375"
"777","","","","","","","3341.6171875","3341.6171875","3341.6171875","20.125","10","30.25","","","","3832.923583984375","3832.923583984375","3832.923583984375"
"778","","","","","","","2878.794677734375","2878.794677734375","2878.794677734375","15.800000190734863","15","16.600000381469727","","","","3625.0390625","3625.0390625","3625.0390625"
"779","","","","","","","2246.541748046875","2246.541748046875","2246.541748046875","35.71249961853027","21.125","50.29999923706055","","","","3046.958251953125","3046.958251953125","3046.958251953125"
"780","","","","","","","2076.791748046875","2076.791748046875","2076.791748046875","14.375","11.5","17.25","","","","3338.5","3338.5","3338.5"
"781","","","","","","","2583.923583984375","2583.923583984375","2583.923583984375","23.421875","19.25","27.59375","","","","3182.890625","3182.890625","3182.890625"
"782","","","","","","","3053.58935546875","3053.58935546875","3053.58935546875","16.5","11.5","21.5","","","","3912.734375","3912.734375","3912.734375"
"783","","","","","","","3116.375","3116.375","3116.375","21.4375","11.875","31","","","","3204.27783203125","3204.27783203125","3204.27783203125"
"784","","","","","","","2870.41064453125","2870.41064453125","2870.41064453125","23.5","14","33","","","","3646.955322265625","3646.955322265625","3646.955322265625"
"785","","","","","","","2386.35009765625","2386.35009765625","2386.35009765625","13.583333492279053","12","15.166666984558105","","","","3372.9375","3372.9375","3372.9375"
"786","","","","","","","3271.34375","3271.34375","3271.34375","15.625","10.25","21","","","","3400.609375","3400.609375","3400.609375"
"787","","","","","","","2148.3125","2148.3125","2148.3125","14.416666984558105","10.5","18.33333396911621","","","","3457.574951171875","3457.574951171875","3457.574951171875"
"788","","","","","","","2979.71240234375","2979.71240234375","2979.71240234375","16","11","21","","","","2927.09375","2927.09375","2927.09375"
"789","","","","","","","2583.78759765625","2583.78759765625","2583.78759765625","16.6875","13","20.375","","","","3047.927001953125","3047.927001953125","3047.927001953125"
"790","","","","","","","2801.2265625","2801.2265625","2801.2265625","21.875","12","31.75","","","","3498.40625","3498.40625","3498.40625"
"791","","","","","","","2046.0374755859375","2046.0374755859375","2046.0374755859375","30.274999618530273","15","45.54999923706055","","","","3135.982177734375","3135.982177734375","3135.982177734375"
"792","","","","","","","3104.33740234375","3104.33740234375","3104.33740234375","15.625","15","16.25","","","","3830.15283203125","3830.15283203125","3830.15283203125"
"793","","","","","","","2919.830322265625","2919.830322265625","2919.830322265625","28.45833396911621","15.75","41.16666793823242","","","","3740.142822265625","3740.142822265625","3740.142822265625"
"794","","","","","","","3782.09375","3782.09375","3782.09375","17.640625","13","22.28125","","","","3300.875","3300.875","3300.875"
"795","","","","","","","2353.541748046875","2353.541748046875","2353.541748046875","15.25","11.75","18.75","","","","3508.58740234375","3508.58740234375","3508.58740234375"
"796","","","","","","","2662.96875","2662.96875","2662.96875","16.46875","14","18.9375","","","","3633.625","3633.625","3633.625"
"797","","","","","","","2301.75","2301.75","2301.75","17.767857551574707","15","20.535715103149414","","","","3087.052001953125","3087.052001953125","3087.052001953125"
"798","","","","","","","2228.862548828125","2228.862548828125","2228.862548828125","15","11","19","","","","2737.15625","2737.15625","2737.15625"
"799","","","","","","","3288.125","3288.125","3288.125","15.75","11","20.5","","","","3422.375","3422.375","3422.375"
"800","","","","","","","2788.831298828125","2788.831298828125","2788.831298828125","22","22","22","","","","3394.3125","3394.3125","3394.3125"
"801","","","","","","","2518.955322265625","2518.955322265625","2518.955322265625","11.916666984558105","11.916666984558105","11.916666984558105","","","","3300.84814453125","3300.84814453125","3300.84814453125"
"802","","","","","","","2339.59375","2339.59375","2339.59375","13.083333015441895","13.083333015441895","13.083333015441895","","","","3263.625","3263.625","3263.625"
"803","","","","","","","3495.833251953125","3495.833251953125","3495.833251953125","19.5","19.5","19.5","","","","3366.27490234375","3366.27490234375","3366.27490234375"
"804","","","","","","","2162.58740234375","2162.58740234375","2162.58740234375","10.375","10.375","10.375","","","","3154.125","3154.125","3154.125"
"805","","","","","","","2785.625","2785.625","2785.625","19.75","19.75","19.75","","","","3353.678466796875","3353.678466796875","3353.678466796875"
"806","","","","","","","2950.446533203125","2950.446533203125","2950.446533203125","11.125","11.125","11.125","","","","3716.0693359375","3716.0693359375","3716.0693359375"
"807","","","","","","","3346.625","3346.625","3346.625","16","16","16","","","","3745.3125","3745.3125","3745.3125"
"808","","","","","","","3635.375","3635.375","3635.375","15","15","15","","","","3695.91259765625","3695.91259765625","3695.91259765625"
"809","","","","","","","2594.6181640625","2594.6181640625","2594.6181640625","16","16","16","","","","3334.08740234375","3334.08740234375","3334.08740234375"
"810","","","","","","","3264.34375","3264.34375","3264.34375","11","11","11","","","","3608.484375","3608.484375","3608.484375"
"811","","","","","","","2840.791748046875","2840.791748046875","2840.791748046875","13.5","13.5","13.5","","","","3643.6875","3643.6875","3643.6875"
"812","","","","","","","2197.52490234375","2197.52490234375","2197.52490234375","14.583333015441895","14.583333015441895","14.583333015441895","","","","2638.28125","2638.28125","2638.28125"
"813","","","","","","","2979.125","2979.125","2979.125","43.25","43.25","43.25","","","","3543.114501953125","3543.114501953125","3543.114501953125"
"814","","","","","","","2587.5703125","2587.5703125","2587.5703125","12.125","12.125","12.125","","","","3453.71875","3453.71875","3453.71875"
"815","","","","","","","2677.375","2677.375","2677.375","10.8125","10.8125","10.8125","","","","3195.864501953125","3195.864501953125","3195.864501953125"
"816","","","","","","","1697.3125","1697.3125","1697.3125","11.75","11.75","11.75","","","","3411.791748046875","3411.791748046875","3411.791748046875"
"817","","","","","","","3293.821533203125","3293.821533203125","3293.821533203125","13","13","13","","","","3690.234375","3690.234375","3690.234375"
"818","","","","","","","3155.8203125","3155.8203125","3155.8203125","13","13","13","","","","3709.546875","3709.546875","3709.546875"
"819","","","","","","","2113.669677734375","2113.669677734375","2113.669677734375","11","11","11","","","","3099.0078125","3099.0078125","3099.0078125"
"820","","","","","","","2488.071533203125","2488.071533203125","2488.071533203125","14","14","14","","","","3397.40625","3397.40625","3397.40625"
"821","","","","","","","2698.759033203125","2698.759033203125","2698.759033203125","11","11","11","","","","3667.66064453125","3667.66064453125","3667.66064453125"
"822","","","","","","","3443.47509765625","3443.47509765625","3443.47509765625","35.375","35.375","35.375","","","","3831.885498046875","3831.885498046875","3831.885498046875"
"823","","","","","","","3043.34375","3043.34375","3043.34375","26.5","26.5","26.5","","","","3598.625","3598.625","3598.625"
"824","","","","","","","2395.6875","2395.6875","2395.6875","17","17","17","","","","3683.3125","3683.3125","3683.3125"
"825","","","","","","","2478.203125","2478.203125","2478.203125","18.875","18.875","18.875","","","","3092.08740234375","3092.08740234375","3092.08740234375"
"826","","","","","","","1889.203125","1889.203125","1889.203125","11.9375","11.9375","11.9375","","","","3231.1875","3231.1875","3231.1875"
"827","","","","","","","1917.7874755859375","1917.7874755859375","1917.7874755859375","11.75","11.75","11.75","","","","3194.75","3194.75","3194.75"
"828","","","","","","","1814.625","1814.625","1814.625","11.25","11.25","11.25","","","","2934.427001953125","2934.427001953125","2934.427001953125"
"829","","","","","","","1963.34375","1963.34375","1963.34375","11","11","11","","","","3034.15185546875","3034.15185546875","3034.15185546875"
"830","","","","","","","1536.578125","1536.578125","1536.578125","19.16666603088379","19.16666603088379","19.16666603088379","","","","2713.125","2713.125","2713.125"
"831","","","","","","","2280.8984375","2280.8984375","2280.8984375","12.25","12.25","12.25","","","","2931.02783203125","2931.02783203125","2931.02783203125"
"832","","","","","","","2203.875","2203.875","2203.875","10","10","10","","","","3429.737548828125","3429.737548828125","3429.737548828125"
"833","","","","","","","2067.65966796875","2067.65966796875","2067.65966796875","15","15","15","","","","3269.375","3269.375","3269.375"
"834","","","","","","","2091.677001953125","2091.677001953125","2091.677001953125","11.833333015441895","11.833333015441895","11.833333015441895","","","","2898.3515625","2898.3515625","2898.3515625"
"835","","","","","","","2289.675048828125","2289.675048828125","2289.675048828125","12","12","12","","","","3167.75","3167.75","3167.75"
"836","","","","","","","2483.28564453125","2483.28564453125","2483.28564453125","10.833333015441895","10.833333015441895","10.833333015441895","","","","3313.125","3313.125","3313.125"
"837","","","","","","","2809.03125","2809.03125","2809.03125","12","12","12","","","","3738.892822265625","3738.892822265625","3738.892822265625"
"838","","","","","","","3332.71875","3332.71875","3332.71875","11","11","11","","","","3648.75","3648.75","3648.75"
"839","","","","","","","2386.21435546875","2386.21435546875","2386.21435546875","10.333333015441895","10.333333015441895","10.333333015441895","","","","3444.864501953125","3444.864501953125","3444.864501953125"
"840","","","","","","","2692.28759765625","2692.28759765625","2692.28759765625","13.916666984558105","13.916666984558105","13.916666984558105","","","","3318.425048828125","3318.425048828125","3318.425048828125"
"841","","","","","","","2759.203125","2759.203125","2759.203125","12.25","12.25","12.25","","","","3484.90625","3484.90625","3484.90625"
"842","","","","","","","2838.125","2838.125","2838.125","13","13","13","","","","3290.59375","3290.59375","3290.59375"
"843","","","","","","","1492.5833740234375","1492.5833740234375","1492.5833740234375","11","11","11","","","","1791.015625","1791.015625","1791.015625"
"844","","","","","","","1168.59375","1168.59375","1168.59375","39.16666793823242","39.16666793823242","39.16666793823242","","","","2202","2202","2202"
"845","","","","","","","1646.1339111328125","1646.1339111328125","1646.1339111328125","26.91666603088379","26.91666603088379","26.91666603088379","","","","3294.65625","3294.65625","3294.65625"
"846","","","","","","","2706.678466796875","2706.678466796875","2706.678466796875","20.5","20.5","20.5","","","","3681.447998046875","3681.447998046875","3681.447998046875"
"847","","","","","","","2886.125","2886.125","2886.125","20.14285659790039","20.14285659790039","20.14285659790039","","","","3562.828125","3562.828125","3562.828125"
"848","","","","","","","2300.1875","2300.1875","2300.1875","20.4375","20.4375","20.4375","","","","2831.52685546875","2831.52685546875","2831.52685546875"
"849","","","","","","","2965.84033203125","2965.84033203125","2965.84033203125","11","11","11","","","","3481.951416015625","3481.951416015625","3481.951416015625"
"850","","","","","","","2642.229248046875","2642.229248046875","2642.229248046875","12.5","12.5","12.5","","","","3590.859375","3590.859375","3590.859375"
"851","","","","","","","2064.574951171875","2064.574951171875","2064.574951171875","14","14","14","","","","3525.134033203125","3525.134033203125","3525.134033203125"
"852","","","","","","","2475.375","2475.375","2475.375","12.75","12.75","12.75","","","","3274.65625","3274.65625","3274.65625"
"853","","","","","","","2499.388916015625","2499.388916015625","2499.388916015625","18.375","18.375","18.375","","","","3529.043701171875","3529.043701171875","3529.043701171875"
"854","","","","","","","3053.044677734375","3053.044677734375","3053.044677734375","16","16","16","","","","3765.08740234375","3765.08740234375","3765.08740234375"
"855","","","","","","","2950.8125","2950.8125","2950.8125","10","10","10","","","","3527.3359375","3527.3359375","3527.3359375"
"856","","","","","","","2560.78759765625","2560.78759765625","2560.78759765625","16.4375","16.4375","16.4375","","","","3243.5625","3243.5625","3243.5625"
"857","","","","","","","3026.4375","3026.4375","3026.4375","13","13","13","","","","3440.90625","3440.90625","3440.90625"
"858","","","","","","","3158.044677734375","3158.044677734375","3158.044677734375","16.75","16.75","16.75","","","","3501.125","3501.125","3501.125"
"859","","","","","","","3019.1875","3019.1875","3019.1875","21.16666603088379","21.16666603088379","21.16666603088379","","","","3305.28125","3305.28125","3305.28125"
"860","","","","","","","2648.6875","2648.6875","2648.6875","18.454545974731445","18.454545974731445","18.454545974731445","","","","3410.800048828125","3410.800048828125","3410.800048828125"
"861","","","","","","","3180.84814453125","3180.84814453125","3180.84814453125","22.75","22.75","22.75","","","","3733.22509765625","3733.22509765625","3733.22509765625"
"862","","","","","","","3336.578125","3336.578125","3336.578125","15.5","15.5","15.5","","","","3637.734375","3637.734375","3637.734375"
"863","","","","","","","3353.875","3353.875","3353.875","16.75","16.75","16.75","","","","3880.625","3880.625","3880.625"
"864","","","","","","","2178.96875","2178.96875","2178.96875","12.75","12.75","12.75","","","","3605.833251953125","3605.833251953125","3605.833251953125"
"865","","","","","","","2726.411376953125","2726.411376953125","2726.411376953125","24","24","24","","","","3240.96875","3240.96875","3240.96875"
"866","","","","","","","2531.734375","2531.734375","2531.734375","14.75","14.75","14.75","","","","3190.0068359375","3190.0068359375","3190.0068359375"
"867","","","","","","","2845.7421875","2845.7421875","2845.7421875","11","11","11","","","","2907.125","2907.125","2907.125"
"868","","","","","","","2368.585205078125","2368.585205078125","2368.585205078125","17.83333396911621","17.83333396911621","17.83333396911621","","","","3134.54541015625","3134.54541015625","3134.54541015625"
"869","","","","","","","2524.362548828125","2524.362548828125","2524.362548828125","10","10","10","","","","3185.9091796875","3185.9091796875","3185.9091796875"
"870","","","","","","","3070.5625","3070.5625","3070.5625","17.049999237060547","17.049999237060547","17.049999237060547","","","","3570.541748046875","3570.541748046875","3570.541748046875"
"871","","","","","","","2934.6875","2934.6875","2934.6875","19.75","19.75","19.75","","","","3271.6875","3271.6875","3271.6875"
"872","","","","","","","3455.240966796875","3455.240966796875","3455.240966796875","11","11","11","","","","3682.984375","3682.984375","3682.984375"
"873","","","","","","","3428.052001953125","3428.052001953125","3428.052001953125","15.149999618530273","15.149999618530273","15.149999618530273","","","","3621.375","3621.375","3621.375"
"874","","","","","","","3149.75","3149.75","3149.75","9.833333015441895","9.833333015441895","9.833333015441895","","","","3215.4326171875","3215.4326171875","3215.4326171875"
"875","","","","","","","3630.77685546875","3630.77685546875","3630.77685546875","13.75","13.75","13.75","","","","3423.447998046875","3423.447998046875","3423.447998046875"
"876","","","","","","","3032.60009765625","3032.60009765625","3032.60009765625","10.600000381469727","10.600000381469727","10.600000381469727","","","","3379.9921875","3379.9921875","3379.9921875"
"877","","","","","","","3253.416748046875","3253.416748046875","3253.416748046875","30.75","30.75","30.75","","","","3387.46240234375","3387.46240234375","3387.46240234375"
"878","","","","","","","3002.77490234375","3002.77490234375","3002.77490234375","19.6875","19.6875","19.6875","","","","3195.458251953125","3195.458251953125","3195.458251953125"
"879","","","","","","","2369.361083984375","2369.361083984375","2369.361083984375","18.33333396911621","18.33333396911621","18.33333396911621","","","","3274.201416015625","3274.201416015625","3274.201416015625"
"880","","","","","","","2750.322998046875","2750.322998046875","2750.322998046875","10.375","10.375","10.375","","","","3320.625","3320.625","3320.625"
"881","","","","","","","3061.59375","3061.59375","3061.59375","16","16","16","","","","3558.543701171875","3558.543701171875","3558.543701171875"
"882","","","","","","","3284.916748046875","3284.916748046875","3284.916748046875","12.5","12.5","12.5","","","","3544.2734375","3544.2734375","3544.2734375"
"883","","","","","","","3299.362548828125","3299.362548828125","3299.362548828125","13","13","13","","","","3431.5703125","3431.5703125","3431.5703125"
"884","","","","","","","3124.6953125","3124.6953125","3124.6953125","10.5","10.5","10.5","","","","3348.385498046875","3348.385498046875","3348.385498046875"
"885","","","","","","","3716.875","3716.875","3716.875","13","13","13","","","","3817.96533203125","3817.96533203125","3817.96533203125"
"886","","","","","","","3564.705322265625","3564.705322265625","3564.705322265625","12.5","12.5","12.5","","","","3623.03125","3623.03125","3623.03125"
"887","","","","","","","3157.798583984375","3157.798583984375","3157.798583984375","9","9","9","","","","3286.512451171875","3286.512451171875","3286.512451171875"
"888","","","","","","","3815.862548828125","3815.862548828125","3815.862548828125","9.666666984558105","9.666666984558105","9.666666984558105","","","","3829.75","3829.75","3829.75"
"889","","","","","","","3342.6875","3342.6875","3342.6875","10","10","10","","","","3808.5068359375","3808.5068359375","3808.5068359375"
"890","","","","","","","3136.854248046875","3136.854248046875","3136.854248046875","11.375","11.375","11.375","","","","3504.928466796875","3504.928466796875","3504.928466796875"
"891","","","","","","","3461.6328125","3461.6328125","3461.6328125","9.75","9.75","9.75","","","","3336.739501953125","3336.739501953125","3336.739501953125"
"892","","","","","","","2925.990966796875","2925.990966796875","2925.990966796875","16.25","16.25","16.25","","","","3177.09814453125","3177.09814453125","3177.09814453125"
"893","","","","","","","2693.28125","2693.28125","2693.28125","16","16","16","","","","3102.78564453125","3102.78564453125","3102.78564453125"
"894","","","","","","","3280.75","3280.75","3280.75","14.875","14.875","14.875","","","","3365.46875","3365.46875","3365.46875"
"895","","","","","","","3617.3046875","3617.3046875","3617.3046875","24","24","24","","","","3566.134033203125","3566.134033203125","3566.134033203125"
"896","","","","","","","3337.5","3337.5","3337.5","9","9","9","","","","3556.65625","3556.65625","3556.65625"
"897","","","","","","","3074.550048828125","3074.550048828125","3074.550048828125","8.678571701049805","8.678571701049805","8.678571701049805","","","","3301.40625","3301.40625","3301.40625"
"898","","","","","","","3063.833251953125","3063.833251953125","3063.833251953125","11.818181991577148","11.818181991577148","11.818181991577148","","","","3403.828125","3403.828125","3403.828125"
"899","","","","","","","3014.40283203125","3014.40283203125","3014.40283203125","9","9","9","","","","2994.078125","2994.078125","2994.078125"
"900","","","","","","","2221.49169921875","2221.49169921875","2221.49169921875","14.4375","14.4375","14.4375","","","","2501.737548828125","2501.737548828125","2501.737548828125"
"901","","","","","","","2566.890625","2566.890625","2566.890625","16","16","16","","","","2932.677978515625","2932.677978515625","2932.677978515625"
"902","","","","","","","2635.489501953125","2635.489501953125","2635.489501953125","10.5","10.5","10.5","","","","2929.302001953125","2929.302001953125","2929.302001953125"
"903","","","","","","","2154.9033203125","2154.9033203125","2154.9033203125","11","11","11","","","","2595.951904296875","2595.951904296875","2595.951904296875"
"904","","","","","","","2736.7548828125","2736.7548828125","2736.7548828125","10","10","10","","","","2761.234375","2761.234375","2761.234375"
"905","","","","","","","2050.048095703125","2050.048095703125","2050.048095703125","14.375","14.375","14.375","","","","2595.15380859375","2595.15380859375","2595.15380859375"
"906","","","","","","","2809.169677734375","2809.169677734375","2809.169677734375","16.25","16.25","16.25","","","","2954.02490234375","2954.02490234375","2954.02490234375"
"907","","","","","","","1951.199951171875","1951.199951171875","1951.199951171875","9","9","9","","","","2535.201904296875","2535.201904296875","2535.201904296875"
"908","","","","","","","2784.1875","2784.1875","2784.1875","9","9","9","","","","2958.338623046875","2958.338623046875","2958.338623046875"
"909","","","","","","","2523.8125","2523.8125","2523.8125","9","9","9","","","","2811.572998046875","2811.572998046875","2811.572998046875"
"910","","","","","","","2688.451904296875","2688.451904296875","2688.451904296875","9.625","9.625","9.625","","","","3199.645751953125","3199.645751953125","3199.645751953125"
"911","","","","","","","2456.884033203125","2456.884033203125","2456.884033203125","12.75","12.75","12.75","","","","2633.5556640625","2633.5556640625","2633.5556640625"
"912","","","","","","","2856.668212890625","2856.668212890625","2856.668212890625","12.208333015441895","12.208333015441895","12.208333015441895","","","","3179.385498046875","3179.385498046875","3179.385498046875"
"913","","","","","","","2470.505615234375","2470.505615234375","2470.505615234375","28","28","28","","","","2708.453125","2708.453125","2708.453125"
"914","","","","","","","2640.65625","2640.65625","2640.65625","9","9","9","","","","2834.018798828125","2834.018798828125","2834.018798828125"
"915","","","","","","","2830.5283203125","2830.5283203125","2830.5283203125","9","9","9","","","","3096.5625","3096.5625","3096.5625"
"916","","","","","","","2564.95458984375","2564.95458984375","2564.95458984375","10","10","10","","","","2865.666748046875","2865.666748046875","2865.666748046875"
"917","","","","","","","2609.414794921875","2609.414794921875","2609.414794921875","9.800000190734863","9.800000190734863","9.800000190734863","","","","3077.859375","3077.859375","3077.859375"
"918","","","","","","","2665.12060546875","2665.12060546875","2665.12060546875","9","9","9","","","","3145.036376953125","3145.036376953125","3145.036376953125"
"919","","","","","","","2144.0625","2144.0625","2144.0625","9","9","9","","","","2623.880615234375","2623.880615234375","2623.880615234375"
"920","","","","","","","2933.919677734375","2933.919677734375","2933.919677734375","11.5","11.5","11.5","","","","3253.49560546875","3253.49560546875","3253.49560546875"
"921","","","","","","","2528.7451171875","2528.7451171875","2528.7451171875","13","13","13","","","","2958.8515625","2958.8515625","2958.8515625"
"922","","","","","","","2125.59619140625","2125.59619140625","2125.59619140625","15","15","15","","","","2689.65869140625","2689.65869140625","2689.65869140625"
"923","","","","","","","2530.200927734375","2530.200927734375","2530.200927734375","11.333333015441895","11.333333015441895","11.333333015441895","","","","2904.010498046875","2904.010498046875","2904.010498046875"
"924","","","","","","","2134.9375","2134.9375","2134.9375","9","9","9","","","","2831.166748046875","2831.166748046875","2831.166748046875"
"925","","","","","","","2319.634033203125","2319.634033203125","2319.634033203125","9","9","9","","","","2832.28759765625","2832.28759765625","2832.28759765625"
"926","","","","","","","2450.487548828125","2450.487548828125","2450.487548828125","11","11","11","","","","3221.203125","3221.203125","3221.203125"
"927","","","","","","","2785.513427734375","2785.513427734375","2785.513427734375","12.0625","12.0625","12.0625","","","","3117.78125","3117.78125","3117.78125"
"928","","","","","","","2738.1591796875","2738.1591796875","2738.1591796875","19.58333396911621","19.58333396911621","19.58333396911621","","","","3260.3408203125","3260.3408203125","3260.3408203125"
"929","","","","","","","2511.988525390625","2511.988525390625","2511.988525390625","9","9","9","","","","3235.014404296875","3235.014404296875","3235.014404296875"
"930","","","","","","","2230.515625","2230.515625","2230.515625","9","9","9","","","","2947.455322265625","2947.455322265625","2947.455322265625"
"931","","","","","","","2022.1922607421875","2022.1922607421875","2022.1922607421875","13","13","13","","","","2759.4375","2759.4375","2759.4375"
"932","","","","","","","2312.889404296875","2312.889404296875","2312.889404296875","11.899999618530273","11.899999618530273","11.899999618530273","","","","2987.755126953125","2987.755126953125","2987.755126953125"
"933","","","","","","","2574.692626953125","2574.692626953125","2574.692626953125","12","12","12","","","","3337.3466796875","3337.3466796875","3337.3466796875"
"934","","","","","","","2166.135498046875","2166.135498046875","2166.135498046875","16","16","16","","","","3140.90966796875","3140.90966796875","3140.90966796875"
"935","","","","","","","2747.354248046875","2747.354248046875","2747.354248046875","9","9","9","","","","3320.022705078125","3320.022705078125","3320.022705078125"
"936","","","","","","","2608.049072265625","2608.049072265625","2608.049072265625","9","9","9","","","","3108.267822265625","3108.267822265625","3108.267822265625"
"937","","","","","","","2466.831787109375","2466.831787109375","2466.831787109375","12","12","12","","","","3224.34619140625","3224.34619140625","3224.34619140625"
"938","","","","","","","2005.0528564453125","2005.0528564453125","2005.0528564453125","14","14","14","","","","2973.2548828125","2973.2548828125","2973.2548828125"
"939","","","","","","","2465.55810546875","2465.55810546875","2465.55810546875","16","16","16","","","","3166.64892578125","3166.64892578125","3166.64892578125"
"940","","","","","","","2650.15380859375","2650.15380859375","2650.15380859375","9","9","9","","","","3067.52392578125","3067.52392578125","3067.52392578125"
"941","","","","","","","2408.076904296875","2408.076904296875","2408.076904296875","16","16","16","","","","3086.076904296875","3086.076904296875","3086.076904296875"
"942","","","","","","","2901.14208984375","2901.14208984375","2901.14208984375","9.166666984558105","9.166666984558105","9.166666984558105","","","","3399.90283203125","3399.90283203125","3399.90283203125"
"943","","","","","","","2992.263427734375","2992.263427734375","2992.263427734375","11","11","11","","","","3110.01171875","3110.01171875","3110.01171875"
"944","","","","","","","2641.8291015625","2641.8291015625","2641.8291015625","11","11","11","","","","3332.979248046875","3332.979248046875","3332.979248046875"
"945","","","","","","","2511.27392578125","2511.27392578125","2511.27392578125","13","13","13","","","","3245.539794921875","3245.539794921875","3245.539794921875"
"946","","","","","","","2363.009521484375","2363.009521484375","2363.009521484375","18.16666603088379","18.16666603088379","18.16666603088379","","","","3052.84375","3052.84375","3052.84375"
"947","","","","","","","2323.860595703125","2323.860595703125","2323.860595703125","17.049999237060547","17.049999237060547","17.049999237060547","","","","2822.4375","2822.4375","2822.4375"
"948","","","","","","","2389.625","2389.625","2389.625","38.650001525878906","38.650001525878906","38.650001525878906","","","","3049.5","3049.5","3049.5"
"949","","","","","","","1946.9134521484375","1946.9134521484375","1946.9134521484375","10","10","10","","","","3076.331787109375","3076.331787109375","3076.331787109375"
"950","","","","","","","2173.802978515625","2173.802978515625","2173.802978515625","13","13","13","","","","2894.74365234375","2894.74365234375","2894.74365234375"
"951","","","","","","","2565.03759765625","2565.03759765625","2565.03759765625","21.625","21.625","21.625","","","","2947.22314453125","2947.22314453125","2947.22314453125"
"952","","","","","","","2072.40185546875","2072.40185546875","2072.40185546875","9","9","9","","","","2875.0048828125","2875.0048828125","2875.0048828125"
"953","","","","","","","2482.947021484375","2482.947021484375","2482.947021484375","19","19","19","","","","3204.890625","3204.890625","3204.890625"
"954","","","","","","","2289.705322265625","2289.705322265625","2289.705322265625","10.75","10.75","10.75","","","","2956.831298828125","2956.831298828125","2956.831298828125"
"955","","","","","","","2102.072021484375","2102.072021484375","2102.072021484375","12.3125","12.3125","12.3125","","","","2800.270751953125","2800.270751953125","2800.270751953125"
"956","","","","","","","2918.760498046875","2918.760498046875","2918.760498046875","15.875","15.875","15.875","","","","3496.255126953125","3496.255126953125","3496.255126953125"
"957","","","","","","","2416.318115234375","2416.318115234375","2416.318115234375","13","13","13","","","","3270.989501953125","3270.989501953125","3270.989501953125"
"958","","","","","","","2300.573974609375","2300.573974609375","2300.573974609375","13","13","13","","","","3070.798583984375","3070.798583984375","3070.798583984375"
"959","","","","","","","1863.1651611328125","1863.1651611328125","1863.1651611328125","11.300000190734863","11.300000190734863","11.300000190734863","","","","2707.64990234375","2707.64990234375","2707.64990234375"
"960","","","","","","","1721.544677734375","1721.544677734375","1721.544677734375","11.375","11.375","11.375","","","","2569.681884765625","2569.681884765625","2569.681884765625"
"961","","","","","","","2145.875","2145.875","2145.875","10.75","10.75","10.75","","","","3030.625","3030.625","3030.625"
"962","","","","","","","2350.072021484375","2350.072021484375","2350.072021484375","12.5","12.5","12.5","","","","2948.177978515625","2948.177978515625","2948.177978515625"
"963","","","","","","","2421.09375","2421.09375","2421.09375","9","9","9","","","","3356.481201171875","3356.481201171875","3356.481201171875"
"964","","","","","","","2407.227783203125","2407.227783203125","2407.227783203125","22","22","22","","","","3230.08740234375","3230.08740234375","3230.08740234375"
"965","","","","","","","2829.869873046875","2829.869873046875","2829.869873046875","10","10","10","","","","3093.7158203125","3093.7158203125","3093.7158203125"
"966","","","","","","","2371.994873046875","2371.994873046875","2371.994873046875","11","11","11","","","","3195.5673828125","3195.5673828125","3195.5673828125"
"967","","","","","","","2346.988525390625","2346.988525390625","2346.988525390625","8.6875","8.6875","8.6875","","","","2791.854248046875","2791.854248046875","2791.854248046875"
"968","","","","","","","1916.875","1916.875","1916.875","18.4375","18.4375","18.4375","","","","2491.823974609375","2491.823974609375","2491.823974609375"
"969","","","","","","","2181.264404296875","2181.264404296875","2181.264404296875","9","9","9","","","","3045.07958984375","3045.07958984375","3045.07958984375"
"970","","","","","","","3014.740966796875","3014.740966796875","3014.740966796875","12.5","12.5","12.5","","","","3306.360595703125","3306.360595703125","3306.360595703125"
"971","","","","","","","2185.890625","2185.890625","2185.890625","10","10","10","","","","3219.638916015625","3219.638916015625","3219.638916015625"
"972","","","","","","","2577.234375","2577.234375","2577.234375","9.75","9.75","9.75","","","","3218.557373046875","3218.557373046875","3218.557373046875"
"973","","","","","","","1838.73291015625","1838.73291015625","1838.73291015625","17.625","17.625","17.625","","","","2822.583251953125","2822.583251953125","2822.583251953125"
"974","","","","","","","1960.0909423828125","1960.0909423828125","1960.0909423828125","10.25","10.25","10.25","","","","2766.078125","2766.078125","2766.078125"
"975","","","","","","","2704.261474609375","2704.261474609375","2704.261474609375","8","8","8","","","","3207.1298828125","3207.1298828125","3207.1298828125"
"976","","","","","","","2444.4375","2444.4375","2444.4375","13.25","13.25","13.25","","","","3066.71875","3066.71875","3066.71875"
"977","","","","","","","2548.375","2548.375","2548.375","31.6875","31.6875","31.6875","","","","3187.9375","3187.9375","3187.9375"
"978","","","","","","","2315.183349609375","2315.183349609375","2315.183349609375","14","14","14","","","","3260.192626953125","3260.192626953125","3260.192626953125"
"979","","","","","","","2445.1875","2445.1875","2445.1875","17.5","17.5","17.5","","","","3273.892822265625","3273.892822265625","3273.892822265625"
"980","","","","","","","2276.553466796875","2276.553466796875","2276.553466796875","11","11","11","","","","3098.947021484375","3098.947021484375","3098.947021484375"
"981","","","","","","","2347.732177734375","2347.732177734375","2347.732177734375","14","14","14","","","","2784.28759765625","2784.28759765625","2784.28759765625"
"982","","","","","","","2186.25","2186.25","2186.25","12","12","12","","","","3140.946533203125","3140.946533203125","3140.946533203125"
"983","","","","","","","2620","2620","2620","10.75","10.75","10.75","","","","3179.901123046875","3179.901123046875","3179.901123046875"
"984","","","","","","","2432.009521484375","2432.009521484375","2432.009521484375","18.75","18.75","18.75","","","","3272.5576171875","3272.5576171875","3272.5576171875"
"985","","","","","","","2262.925048828125","2262.925048828125","2262.925048828125","19","19","19","","","","3289.39892578125","3289.39892578125","3289.39892578125"
"986","","","","","","","2451.5","2451.5","2451.5","48.41666793823242","48.41666793823242","48.41666793823242","","","","2854.301025390625","2854.301025390625","2854.301025390625"
"987","","","","","","","2105.550048828125","2105.550048828125","2105.550048828125","13.083333015441895","13.083333015441895","13.083333015441895","","","","2884.085205078125","2884.085205078125","2884.085205078125"
"988","","","","","","","2245.173583984375","2245.173583984375","2245.173583984375","9","9","9","","","","2803.90966796875","2803.90966796875","2803.90966796875"
"989","","","","","","","2168.821533203125","2168.821533203125","2168.821533203125","9","9","9","","","","2992.29541015625","2992.29541015625","2992.29541015625"
"990","","","","","","","2260.790283203125","2260.790283203125","2260.790283203125","9","9","9","","","","3048.073974609375","3048.073974609375","3048.073974609375"
"991","","","","","","","2031.798095703125","2031.798095703125","2031.798095703125","11","11","11","","","","2855.3701171875","2855.3701171875","2855.3701171875"
"992","","","","","","","2186.010498046875","2186.010498046875","2186.010498046875","11.833333015441895","11.833333015441895","11.833333015441895","","","","3133.23291015625","3133.23291015625","3133.23291015625"
"993","","","","","","","2027.5521240234375","2027.5521240234375","2027.5521240234375","9.625","9.625","9.625","","","","3238.5","3238.5","3238.5"
"994","","","","","","","2521.41357421875","2521.41357421875","2521.41357421875","10.1875","10.1875","10.1875","","","","3306.69384765625","3306.69384765625","3306.69384765625"
"995","","","","","","","2219.263427734375","2219.263427734375","2219.263427734375","20.5","20.5","20.5","","","","3126.03125","3126.03125","3126.03125"
"996","","","","","","","2386.892822265625","2386.892822265625","2386.892822265625","9.4375","9.4375","9.4375","","","","3535.203125","3535.203125","3535.203125"
"997","","","","","","","1932.8409423828125","1932.8409423828125","1932.8409423828125","9.0625","9.0625","9.0625","","","","2728.022705078125","2728.022705078125","2728.022705078125"
"998","","","","","","","2710.602783203125","2710.602783203125","2710.602783203125","9","9","9","","","","3445.691650390625","3445.691650390625","3445.691650390625"
"999","","","","","","","2188.869384765625","2188.869384765625","2188.869384765625","12.25","12.25","12.25","","","","3135.7451171875","3135.7451171875","3135.7451171875"
"1000","","","","","","","2446.552978515625","2446.552978515625","2446.552978515625","15.1875","15.1875","15.1875","","","","3476.3466796875","3476.3466796875","3476.3466796875"
"1001","","","","","","","2016.639404296875","2016.639404296875","2016.639404296875","16","16","16","","","","2888.989013671875","2798.06884765625","2979.9091796875"
"1002","","","","","","","2085.22314453125","2085.22314453125","2085.22314453125","13","13","13","","","","3389.0113525390625","3359.147705078125","3418.875"
"1003","","","","","","","2486.005126953125","2486.005126953125","2486.005126953125","12.625","12.625","12.625","","","","3237.0390625","3163.859375","3310.21875"
"1004","","","","","","","2144.272705078125","2144.272705078125","2144.272705078125","25.5","25.5","25.5","","","","3053.8099365234375","2952.953125","3154.666748046875"
"1005","","","","","","","2153.75439453125","2153.75439453125","2153.75439453125","10.125","10.125","10.125","","","","3112.0792236328125","3063.02392578125","3161.134521484375"
"1006","","","","","","","1934.0682373046875","1934.0682373046875","1934.0682373046875","14.5","14.5","14.5","","","","2831.502197265625","2808.768798828125","2854.235595703125"
"1007","","","","","","","2232.567626953125","2232.567626953125","2232.567626953125","16","16","16","","","","3132.77880859375","3112.0625","3153.4951171875"
"1008","","","","","","","1695.0714111328125","1695.0714111328125","1695.0714111328125","14.5","14.5","14.5","","","","2639.6903076171875","2569.193115234375","2710.1875"
"1009","","","","","","","2606.265625","2606.265625","2606.265625","15","15","15","","","","3404.3291015625","3393.31689453125","3415.34130859375"
"1010","","","","","","","2425.102294921875","2425.102294921875","2425.102294921875","25","25","25","","","","3051.4598388671875","2989.982177734375","3112.9375"
"1011","","","","","","","2564.955322265625","2564.955322265625","2564.955322265625","44.25","44.25","44.25","","","","3308.088623046875","3180.572998046875","3435.604248046875"
"1012","","","","","","","2364.6875","2364.6875","2364.6875","10.916666984558105","10.916666984558105","10.916666984558105","","","","3299.32666015625","3294.613525390625","3304.039794921875"
"1013","","","","","","","2128.442626953125","2128.442626953125","2128.442626953125","11.649999618530273","11.649999618530273","11.649999618530273","","","","3097.9385986328125","2983.02490234375","3212.852294921875"
"1014","","","","","","","2269.620849609375","2269.620849609375","2269.620849609375","13.625","13.625","13.625","","","","3011.5787353515625","2931.173095703125","3091.984375"
"1015","","","","","","","2314.056884765625","2314.056884765625","2314.056884765625","9","9","9","","","","3208.6962890625","3147.723876953125","3269.668701171875"
"1016","","","","","","","2425.423095703125","2425.423095703125","2425.423095703125","13","13","13","","","","3009.0130615234375","2910.244873046875","3107.78125"
"1017","","","","","","","2217.255615234375","2217.255615234375","2217.255615234375","17.97222137451172","17.97222137451172","17.97222137451172","","","","2967.71875","2876.125","3059.3125"
"1018","","","","","","","2176.822021484375","2176.822021484375","2176.822021484375","27","27","27","","","","2976.79296875","2923.259033203125","3030.326904296875"
"1019","","","","","","","2321.614501953125","2321.614501953125","2321.614501953125","9","9","9","","","","3124.9942626953125","3001.512451171875","3248.47607421875"
"1020","","","","","","","2247.010498046875","2247.010498046875","2247.010498046875","17.350000381469727","17.350000381469727","17.350000381469727","","","","3088.618896484375","2989.039794921875","3188.197998046875"
"1021","","","","","","","2033.32958984375","2033.32958984375","2033.32958984375","20.950000762939453","20.950000762939453","20.950000762939453","","","","2833.6146240234375","2736.359375","2930.869873046875"
"1022","","","","","","","2241.90625","2241.90625","2241.90625","12.125","12.125","12.125","","","","3163.3829345703125","3062.47607421875","3264.289794921875"
"1023","","","","","","","2319.10009765625","2319.10009765625","2319.10009765625","14.833333015441895","14.833333015441895","14.833333015441895","","","","3067.9051513671875","3062.591552734375","3073.21875"
"1024","","","","","","","2322.642822265625","2322.642822265625","2322.642822265625","15.5","15.5","15.5","","","","3103.7530517578125","3086.09765625","3121.408447265625"
"1025","","","","","","","2591.125","2591.125","2591.125","19.035715103149414","19.035715103149414","19.035715103149414","","","","3208.122314453125","3153.598876953125","3262.645751953125"
"1026","","","","","","","2588.764404296875","2588.764404296875","2588.764404296875","8.25","8.25","8.25","","","","3284.65087890625","3209.81884765625","3359.48291015625"
"1027","","","","","","","2096.96630859375","2096.96630859375","2096.96630859375","21","21","21","","","","2601.39208984375","2381.125","2821.6591796875"
"1028","","","","","","","2204.759521484375","2204.759521484375","2204.759521484375","9.25","9.25","9.25","","","","3092.235107421875","3088.334716796875","3096.135498046875"
"1029","","","","","","","2187.356201171875","2187.356201171875","2187.356201171875","10.25","10.25","10.25","","","","2753.125","2536.5","2969.75"
"1030","","","","","","","1836.611083984375","1836.611083984375","1836.611083984375","11.5","11.5","11.5","","","","3042.24169921875","3030.52880859375","3053.95458984375"
"1031","","","","","","","2894.23291015625","2894.23291015625","2894.23291015625","30.5","30.5","30.5","","","","3062.7760009765625","3052.177001953125","3073.375"
"1032","","","","","","","2267.989501953125","2267.989501953125","2267.989501953125","11.625","11.625","11.625","","","","2895.1822509765625","2835.208251953125","2955.15625"
"1033","","","","","","","2117.697021484375","2117.697021484375","2117.697021484375","11.75","11.75","11.75","","","","2604.9539794921875","2569.79541015625","2640.112548828125"
"1034","","","","","","","2358.14208984375","2358.14208984375","2358.14208984375","15.75","15.75","15.75","","","","3008.41015625","2947.5703125","3069.25"
"1035","","","","","","","2157.666748046875","2157.666748046875","2157.666748046875","9.899999618530273","9.899999618530273","9.899999618530273","","","","2875.5650634765625","2830.171875","2920.958251953125"
"1036","","","","","","","2764.6826171875","2764.6826171875","2764.6826171875","24","24","24","","","","3213.1175537109375","3101.331787109375","3324.9033203125"
"1037","","","","","","","2247.298095703125","2247.298095703125","2247.298095703125","13.25","13.25","13.25","","","","3078.178955078125","3065.710205078125","3090.647705078125"
"1038","","","","","","","2264.21630859375","2264.21630859375","2264.21630859375","9","9","9","","","","3215.6968994140625","3111.177978515625","3320.2158203125"
"1039","","","","","","","2537.40380859375","2537.40380859375","2537.40380859375","9","9","9","","","","3061.109375","2898.03125","3224.1875"
"1040","","","","","","","2366.3173828125","2366.3173828125","2366.3173828125","14.666666984558105","14.666666984558105","14.666666984558105","","","","3037.08349609375","3001.01708984375","3073.14990234375"
"1041","","","","","","","2075.614501953125","2075.614501953125","2075.614501953125","11","11","11","","","","2972.8673095703125","2963.40869140625","2982.325927734375"
"1042","","","","","","","2605.552001953125","2605.552001953125","2605.552001953125","8","8","8","","","","3247.4949951171875","3222.59619140625","3272.393798828125"
"1043","","","","","","","2651.463623046875","2651.463623046875","2651.463623046875","9","9","9","","","","3004.92041015625","3004.92041015625","3004.92041015625"
"1044","","","","","","","2414.8798828125","2414.8798828125","2414.8798828125","16.08333396911621","16.08333396911621","16.08333396911621","","","","3134.505615234375","3134.505615234375","3134.505615234375"
"1045","","","","","","","2278.1875","2278.1875","2278.1875","13.083333015441895","13.083333015441895","13.083333015441895","","","","3242.880126953125","3242.880126953125","3242.880126953125"
"1046","","","","","","","2180.857177734375","2180.857177734375","2180.857177734375","16","16","16","","","","2686.28125","2686.28125","2686.28125"
"1047","","","","","","","2297.421875","2297.421875","2297.421875","10.75","10.75","10.75","","","","2976.890625","2976.890625","2976.890625"
"1048","","","","","","","1879.6204833984375","1879.6204833984375","1879.6204833984375","28.16666603088379","28.16666603088379","28.16666603088379","","","","2705.421875","2705.421875","2705.421875"
"1049","","","","","","","2269.6591796875","2269.6591796875","2269.6591796875","9","9","9","","","","2956.77392578125","2956.77392578125","2956.77392578125"
"1050","","","","","","","2467.34619140625","2467.34619140625","2467.34619140625","9","9","9","","","","3027.796875","3027.796875","3027.796875"
"1051","","","","","","","2837.8212076822915","2792.984375","2913.515625","9.535714149475098","9.535714149475098","9.535714149475098","","","","3441.068115234375","3441.068115234375","3441.068115234375"
"1052","","","","","","","2171.3604329427085","2147.64892578125","2188.40625","17","17","17","","","","2882.763916015625","2882.763916015625","2882.763916015625"
"1053","","","","","","","2313.9591064453125","2256.168212890625","2371.75","31.65625","31.65625","31.65625","","","","3072.317626953125","3072.317626953125","3072.317626953125"
"1054","","","","","","","2609.7923583984375","2596.897216796875","2622.6875","45.66666793823242","45.66666793823242","45.66666793823242","","","","2969.264404296875","2969.264404296875","2969.264404296875"
"1055","","","","","","","2462.7254638671875","2305.604248046875","2619.8466796875","12.333333015441895","12.333333015441895","12.333333015441895","","","","3009.8056640625","3009.8056640625","3009.8056640625"
"1056","","","","","","","2549.1973876953125","2373.66357421875","2724.731201171875","11.875","11.875","11.875","","","","2580.395751953125","2580.395751953125","2580.395751953125"
"1057","","","","","","","2309.97412109375","2247.28759765625","2372.66064453125","11.25","11.25","11.25","","","","2899.482177734375","2899.482177734375","2899.482177734375"
"1058","","","","","","","2312.15185546875","2250.293212890625","2374.010498046875","14","14","14","","","","2946.415283203125","2946.415283203125","2946.415283203125"
"1059","","","","","","","2436.6324462890625","2280.28759765625","2592.977294921875","10.166666984558105","10.166666984558105","10.166666984558105","","","","3188.28759765625","3188.28759765625","3188.28759765625"
"1060","","","","","","","2024.9590454101562","2018.39208984375","2031.5260009765625","16","16","16","","","","2835.3408203125","2835.3408203125","2835.3408203125"
"1061","","","","","","","2688.813232421875","2542.57958984375","2835.046875","30","30","30","","","","3130.9375","3130.9375","3130.9375"
"1062","","","","","","","1885.5357055664062","1872.706787109375","1898.3646240234375","28.8125","28.8125","28.8125","","","","2662.328125","2662.328125","2662.328125"
"1063","","","","","","","2254.7142333984375","2118.34814453125","2391.080322265625","14","14","14","","","","3042.676025390625","3042.676025390625","3042.676025390625"
"1064","","","","","","","2326.468017578125","2287.541748046875","2365.394287109375","10.25","10.25","10.25","","","","2965.291748046875","2965.291748046875","2965.291748046875"
"1065","","","","","","","2204.1942138671875","2202.72314453125","2205.665283203125","15.916666984558105","15.916666984558105","15.916666984558105","","","","2728.9375","2728.9375","2728.9375"
"1066","","","","","","","2203.6143798828125","2185.767822265625","2221.4609375","9","9","9","","","","2907.14453125","2907.14453125","2907.14453125"
"1067","","","","","","","2092.509033203125","2086.734375","2098.28369140625","9.1875","9.1875","9.1875","","","","2682.0625","2682.0625","2682.0625"
"1068","","","","","","","2129.7257080078125","1917.82080078125","2341.630615234375","140","140","140","","","","2973","2973","2973"
"1069","","","","","","","2440.7130126953125","2407.051025390625","2474.375","13","13","13","","","","2952.59375","2952.59375","2952.59375"
"1070","","","","","","","1546.609375","735.5","2357.71875","22.33333396911621","22.33333396911621","22.33333396911621","","","","3090.890625","3090.890625","3090.890625"
"1071","","","","","","","1883.6640625","1869.921875","1897.40625","11","11","11","","","","3332.1875","3332.1875","3332.1875"
"1072","","","","","","","2096.9375","1983.5625","2210.3125","9","9","9","","","","3321.78759765625","3321.78759765625","3321.78759765625"
"1073","","","","","","","2872.0562744140625","2815.737548828125","2928.375","9.666666984558105","9.666666984558105","9.666666984558105","","","","2315.25","2315.25","2315.25"
"1074","","","","","","","1446.1145629882812","1133.625","1758.6041259765625","9","9","9","","","","3884.854248046875","3884.854248046875","3884.854248046875"
"1075","","","","","","","3203.03125","2610.1875","3795.875","14.625","14.625","14.625","","","","3065.671875","3065.671875","3065.671875"
"1076","","","","","","","2957.3541259765625","2775.375","3139.333251953125","15.5","15.5","15.5","","","","3249.416748046875","3249.416748046875","3249.416748046875"
"1077","","","","","","","2828.71875","2184","3473.4375","20.58333396911621","20.58333396911621","20.58333396911621","","","","3004.425048828125","3004.425048828125","3004.425048828125"
"1078","","","","","","","2393.840576171875","1819.09375","2968.58740234375","25","25","25","","","","3425.890625","3425.890625","3425.890625"
"1079","","","","","","","2798.09375","2666.5","2929.6875","19","19","19","","","","3283.895751953125","3283.895751953125","3283.895751953125"
"1080","","","","","","","1917.3125","1287.53125","2547.09375","10","10","10","","","","2182.5","2182.5","2182.5"
"1081","","","","","","","1327.515625","1211.28125","1443.75","23","23","23","","","","2628.875","2628.875","2628.875"
"1082","","","","","","","1405.8020629882812","1293.8541259765625","1517.75","10","10","10","","","","3017.666748046875","3017.666748046875","3017.666748046875"
"1083","","","","","","","1392.96875","1392.96875","1392.96875","9","9","9","","","","3026.875","3026.875","3026.875"
"1084","","","","","","","1579.8958740234375","1579.8958740234375","1579.8958740234375","11","11","11","","","","3714.359375","3714.359375","3714.359375"
"1085","","","","","","","2790.03125","2790.03125","2790.03125","9.666666984558105","9.666666984558105","9.666666984558105","","","","3429.875","3429.875","3429.875"
"1086","","","","","","","2944.25","2944.25","2944.25","12","12","12","","","","2448.578125","2448.578125","2448.578125"
"1087","","","","","","","2153.09375","2153.09375","2153.09375","16.875","16.875","16.875","","","","3869.90625","3869.90625","3869.90625"
"1088","","","","","","","3291.125","3291.125","3291.125","11","11","11","","","","4090.125","4090.125","4090.125"
"1089","","","","","","","4053.0625","4053.0625","4053.0625","10","10","10","","","","3589.1484375","3589.1484375","3589.1484375"
"1090","","","","","","","3075.5","3075.5","3075.5","16","16","16","","","","3235.380126953125","3235.380126953125","3235.380126953125"
"1091","","","","","","","2758.5625","2758.5625","2758.5625","11.214285850524902","11.214285850524902","11.214285850524902","","","","2769.664794921875","2769.664794921875","2769.664794921875"
"1092","","","","","","","1956.90625","1956.90625","1956.90625","13.291666984558105","13.291666984558105","13.291666984558105","","","","3324.53466796875","3324.53466796875","3324.53466796875"
"1093","","","","","","","3065.048583984375","3065.048583984375","3065.048583984375","25","25","25","","","","2724.826904296875","2724.826904296875","2724.826904296875"
"1094","","","","","","","2238.22314453125","2238.22314453125","2238.22314453125","14","14","14","","","","3573.791748046875","3573.791748046875","3573.791748046875"
"1095","","","","","","","2536.3056640625","2536.3056640625","2536.3056640625","9","9","9","","","","3006.614501953125","3006.614501953125","3006.614501953125"
"1096","","","","","","","2264.490966796875","2264.490966796875","2264.490966796875","13","13","13","","","","3233.677001953125","3233.677001953125","3233.677001953125"
"1097","","","","","","","3036.831298828125","3036.831298828125","3036.831298828125","9","9","9","","","","3119.26708984375","3119.26708984375","3119.26708984375"
"1098","","","","","","","2588.979248046875","2588.979248046875","2588.979248046875","9","9","9","","","","3022.9375","3022.9375","3022.9375"
"1099","","","","","","","2755.3466796875","2755.3466796875","2755.3466796875","11.1875","11.1875","11.1875","","","","3076.8046875","3076.8046875","3076.8046875"
"1100","","","","","","","2471.16259765625","2471.16259765625","2471.16259765625","9","9","9","","","","3290.82958984375","3290.82958984375","3290.82958984375"
"1101","","","","","","","2846.0283203125","2846.0283203125","2846.0283203125","12","12","12","","","","3292.197021484375","3292.197021484375","3292.197021484375"
"1102","","","","","","","3019.39990234375","3019.39990234375","3019.39990234375","13.875","13.875","13.875","","","","3127.5","3127.5","3127.5"
"1103","","","","","","","2160.9931640625","2160.9931640625","2160.9931640625","10.5","10.5","10.5","","","","3361.119873046875","3361.119873046875","3361.119873046875"
"1104","","","","","","","2747.776123046875","2747.776123046875","2747.776123046875","9","9","9","","","","2943.125","2943.125","2943.125"
"1105","","","","","","","2477.5625","2477.5625","2477.5625","9","9","9","","","","2845.942626953125","2845.942626953125","2845.942626953125"
"1106","","","","","","","2113.75439453125","2113.75439453125","2113.75439453125","9","9","9","","","","3486.53125","3486.53125","3486.53125"
"1107","","","","","","","3034.860595703125","3034.860595703125","3034.860595703125","10","10","10","","","","3041.104248046875","3041.104248046875","3041.104248046875"
"1108","","","","","","","2587.81689453125","2587.81689453125","2587.81689453125","10","10","10","","","","2769.568115234375","2769.568115234375","2769.568115234375"
"1109","","","","","","","2106.630615234375","2106.630615234375","2106.630615234375","9.25","9.25","9.25","","","","3014.388916015625","3014.388916015625","3014.388916015625"
"1110","","","","","","","2307.75","2307.75","2307.75","11","11","11","","","","3066.012451171875","3066.012451171875","3066.012451171875"
"1111","","","","","","","1822.2767333984375","1822.2767333984375","1822.2767333984375","13.5","13.5","13.5","","","","3121.147705078125","3121.147705078125","3121.147705078125"
"1112","","","","","","","2391.960205078125","2391.960205078125","2391.960205078125","12.75","12.75","12.75","","","","3121.4765625","3121.4765625","3121.4765625"
"1113","","","","","","","2361.84033203125","2361.84033203125","2361.84033203125","18.625","18.625","18.625","","","","3405.490478515625","3405.490478515625","3405.490478515625"
"1114","","","","","","","2788.948974609375","2788.948974609375","2788.948974609375","11","11","11","","","","3117.85791015625","3117.85791015625","3117.85791015625"
"1115","","","","","","","2274.068115234375","2274.068115234375","2274.068115234375","13.6875","13.6875","13.6875","","","","3112.1923828125","3112.1923828125","3112.1923828125"
"1116","","","","","","","2651.2783203125","2651.2783203125","2651.2783203125","11","11","11","","","","3242.125","3242.125","3242.125"
"1117","","","","","","","2535.3408203125","2535.3408203125","2535.3408203125","9.9375","9.9375","9.9375","","","","2979.268798828125","2979.268798828125","2979.268798828125"
"1118","","","","","","","2734.050048828125","2734.050048828125","2734.050048828125","9","9","9","","","","3305.638916015625","3305.638916015625","3305.638916015625"
"1119","","","","","","","2611.073974609375","2611.073974609375","2611.073974609375","14.125","14.125","14.125","","","","3442.78125","3442.78125","3442.78125"
"1120","","","","","","","2515.354248046875","2515.354248046875","2515.354248046875","11","11","11","","","","3185.0625","3185.0625","3185.0625"
"1121","","","","","","","2385.99365234375","2385.99365234375","2385.99365234375","9.464285850524902","9.464285850524902","9.464285850524902","","","","3651.6484375","3651.6484375","3651.6484375"
"1122","","","","","","","2926.298095703125","2926.298095703125","2926.298095703125","9","9","9","","","","3133.389404296875","3133.389404296875","3133.389404296875"
"1123","","","","","","","2658.052978515625","2658.052978515625","2658.052978515625","10","10","10","","","","3276.164794921875","3276.164794921875","3276.164794921875"
"1124","","","","","","","2751.890625","2751.890625","2751.890625","8","8","8","","","","3093.35009765625","3093.35009765625","3093.35009765625"
"1125","","","","","","","2495.1640625","2495.1640625","2495.1640625","9.375","9.375","9.375","","","","2743.227294921875","2743.227294921875","2743.227294921875"
"1126","","","","","","","2235.635498046875","2235.635498046875","2235.635498046875","10","10","10","","","","3195.119873046875","3195.119873046875","3195.119873046875"
"1127","","","","","","","2919.041748046875","2919.041748046875","2919.041748046875","22","22","22","","","","3531.03759765625","3531.03759765625","3531.03759765625"
"1128","","","","","","","3334.34375","3334.34375","3334.34375","13","13","13","","","","2926.66357421875","2926.66357421875","2926.66357421875"
"1129","","","","","","","2227.59619140625","2227.59619140625","2227.59619140625","9","9","9","","","","3023.78466796875","3023.78466796875","3023.78466796875"
"1130","","","","","","","2790.453125","2790.453125","2790.453125","12.666666984558105","12.666666984558105","12.666666984558105","","","","3341.831298828125","3341.831298828125","3341.831298828125"
"1131","","","","","","","2641.72509765625","2641.72509765625","2641.72509765625","10.3125","10.3125","10.3125","","","","3300.193115234375","3300.193115234375","3300.193115234375"
"1132","","","","","","","2810.1806640625","2810.1806640625","2810.1806640625","11.1875","11.1875","11.1875","","","","2923","2923","2923"
"1133","","","","","","","2505.068115234375","2505.068115234375","2505.068115234375","9","9","9","","","","2780.613525390625","2780.613525390625","2780.613525390625"
"1134","","","","","","","2026.5357666015625","2026.5357666015625","2026.5357666015625","9.833333015441895","9.833333015441895","9.833333015441895","","","","3574.10107421875","3574.10107421875","3574.10107421875"
"1135","","","","","","","3008.324951171875","3008.324951171875","3008.324951171875","16","16","16","","","","2873.276123046875","2873.276123046875","2873.276123046875"
"1136","","","","","","","2523.8056640625","2523.8056640625","2523.8056640625","16","16","16","","","","3365.458251953125","3365.458251953125","3365.458251953125"
"1137","","","","","","","3078.0048828125","3078.0048828125","3078.0048828125","10","10","10","","","","3594.4375","3594.4375","3594.4375"
"1138","","","","","","","2879.10107421875","2879.10107421875","2879.10107421875","12.5","12.5","12.5","","","","3515.421875","3515.421875","3515.421875"
"1139","","","","","","","2707.78466796875","2707.78466796875","2707.78466796875","20","20","20","","","","2675.072998046875","2675.072998046875","2675.072998046875"
"1140","","","","","","","2134.348876953125","2134.348876953125","2134.348876953125","18","18","18","","","","3121.260498046875","3121.260498046875","3121.260498046875"
"1141","","","","","","","2927.46435546875","2927.46435546875","2927.46435546875","11","11","11","","","","3106.39990234375","3106.39990234375","3106.39990234375"
"1142","","","","","","","2774.300048828125","2774.300048828125","2774.300048828125","16","16","16","","","","3100.2783203125","3100.2783203125","3100.2783203125"
"1143","","","","","","","2815.2783203125","2815.2783203125","2815.2783203125","10","10","10","","","","3145.076904296875","3145.076904296875","3145.076904296875"
"1144","","","","","","","2642.504150390625","2642.504150390625","2642.504150390625","9","9","9","","","","3635.927001953125","3635.927001953125","3635.927001953125"
"1145","","","","","","","3115.72509765625","3115.72509765625","3115.72509765625","15","15","15","","","","3242.6806640625","3242.6806640625","3242.6806640625"
"1146","","","","","","","2938.699951171875","2938.699951171875","2938.699951171875","11","11","11","","","","2899.4140625","2899.4140625","2899.4140625"
"1147","","","","","","","2296.4375","2296.4375","2296.4375","15.625","15.625","15.625","","","","3035.29541015625","3035.29541015625","3035.29541015625"
"1148","","","","","","","2624.509521484375","2624.509521484375","2624.509521484375","10","10","10","","","","3137.83642578125","3137.83642578125","3137.83642578125"
"1149","","","","","","","2513.956298828125","2513.956298828125","2513.956298828125","21","21","21","","","","3291.15625","3291.15625","3291.15625"
"1150","","","","","","","3176.673583984375","3176.673583984375","3176.673583984375","14","14","14","","","","3188.676025390625","3188.676025390625","3188.676025390625"
"1151","","","","","","","2437.4140625","2437.4140625","2437.4140625","12.75","12.75","12.75","","","","3133.005126953125","3133.005126953125","3133.005126953125"
"1152","","","","","","","2990.286376953125","2990.286376953125","2990.286376953125","13","13","13","","","","3268.448974609375","3268.448974609375","3268.448974609375"
"1153","","","","","","","2964.197998046875","2964.197998046875","2964.197998046875","12.8125","12.8125","12.8125","","","","3238.477294921875","3238.477294921875","3238.477294921875"
"1154","","","","","","","2779.125","2779.125","2779.125","9","9","9","","","","3137.647705078125","3137.647705078125","3137.647705078125"
"1155","","","","","","","2802.701904296875","2802.701904296875","2802.701904296875","16","16","16","","","","3272.355712890625","3272.355712890625","3272.355712890625"
"1156","","","","","","","2874.738525390625","2874.738525390625","2874.738525390625","12","12","12","","","","3051.25634765625","3051.25634765625","3051.25634765625"
"1157","","","","","","","2431.1943359375","2431.1943359375","2431.1943359375","9","9","9","","","","2868.96875","2868.96875","2868.96875"
"1158","","","","","","","2489.020751953125","2489.020751953125","2489.020751953125","10","10","10","","","","3324.205322265625","3324.205322265625","3324.205322265625"
"1159","","","","","","","2810.321533203125","2810.321533203125","2810.321533203125","14.5","14.5","14.5","","","","3131.151123046875","3131.151123046875","3131.151123046875"
"1160","","","","","","","2577.081787109375","2577.081787109375","2577.081787109375","10.363636016845703","10.363636016845703","10.363636016845703","","","","2879.073974609375","2879.073974609375","2879.073974609375"
"1161","","","","","","","2327.20458984375","2327.20458984375","2327.20458984375","16","16","16","","","","3063.97509765625","3063.97509765625","3063.97509765625"
"1162","","","","","","","2282.142822265625","2282.142822265625","2282.142822265625","9","9","9","","","","3153.09375","3153.09375","3153.09375"
"1163","","","","","","","2835.21875","2835.21875","2835.21875","9.875","9.875","9.875","","","","3159.2841796875","3159.2841796875","3159.2841796875"
"1164","","","","","","","2437.880615234375","2437.880615234375","2437.880615234375","9","9","9","","","","2721.317626953125","2721.317626953125","2721.317626953125"
"1165","","","","","","","2354.020751953125","2354.020751953125","2354.020751953125","11","11","11","","","","2817.822998046875","2817.822998046875","2817.822998046875"
"1166","","","","","","","2387.431884765625","2387.431884765625","2387.431884765625","12.375","12.375","12.375","","","","3166.076904296875","3166.076904296875","3166.076904296875"
"1167","","","","","","","2723.7451171875","2723.7451171875","2723.7451171875","9","9","9","","","","2908","2908","2908"
"1168","","","","","","","2502.321533203125","2502.321533203125","2502.321533203125","9.875","9.875","9.875","","","","2857.53369140625","2857.53369140625","2857.53369140625"
"1169","","","","","","","2587.875","2587.875","2587.875","14","14","14","","","","3073.486572265625","3073.486572265625","3073.486572265625"
"1170","","","","","","","2619.84375","2619.84375","2619.84375","9.699999809265137","9.699999809265137","9.699999809265137","","","","3144.360595703125","3144.360595703125","3144.360595703125"
"1171","","","","","","","3015.644287109375","3015.644287109375","3015.644287109375","13","13","13","","","","2704","2704","2704"
"1172","","","","","","","2727.5546875","2727.5546875","2727.5546875","17","17","17","","","","3132.375","3132.375","3132.375"
"1173","","","","","","","3056.352294921875","3056.352294921875","3056.352294921875","9","9","9","","","","3172.142822265625","3172.142822265625","3172.142822265625"
"1174","","","","","","","2754.26708984375","2754.26708984375","2754.26708984375","9","9","9","","","","3295.556884765625","3295.556884765625","3295.556884765625"
"1175","","","","","","","3145.651123046875","3145.651123046875","3145.651123046875","9","9","9","","","","2560.419677734375","2560.419677734375","2560.419677734375"
"1176","","","","","","","2632.736083984375","2632.736083984375","2632.736083984375","13","13","13","","","","2294.0390625","2294.0390625","2294.0390625"
"1177","","","","","","","2434.25634765625","2434.25634765625","2434.25634765625","9","9","9","","","","3221.375","3221.375","3221.375"
"1178","","","","","","","2943.151123046875","2943.151123046875","2943.151123046875","17","17","17","","","","3089.298095703125","3089.298095703125","3089.298095703125"
"1179","","","","","","","2888.573974609375","2888.573974609375","2888.573974609375","13","13","13","","","","3337.455322265625","3337.455322265625","3337.455322265625"
"1180","","","","","","","3021.634521484375","3021.634521484375","3021.634521484375","10","10","10","","","","3152.77490234375","3152.77490234375","3152.77490234375"
"1181","","","","","","","2665.0625","2665.0625","2665.0625","13.550000190734863","13.550000190734863","13.550000190734863","","","","3066.394287109375","3066.394287109375","3066.394287109375"
"1182","","","","","","","2638.97607421875","2638.97607421875","2638.97607421875","18","18","18","","","","2510.291748046875","2510.291748046875","2510.291748046875"
"1183","","","","","","","2289.81689453125","2289.81689453125","2289.81689453125","10.375","10.375","10.375","","","","3338.723876953125","3338.723876953125","3338.723876953125"
"1184","","","","","","","2993.490478515625","2993.490478515625","2993.490478515625","10","10","10","","","","2927.404052734375","2927.404052734375","2927.404052734375"
"1185","","","","","","","2544.075927734375","2544.075927734375","2544.075927734375","9","9","9","","","","2712.740966796875","2712.740966796875","2712.740966796875"
"1186","","","","","","","2342.40625","2342.40625","2342.40625","12.125","12.125","12.125","","","","2921.495849609375","2921.495849609375","2921.495849609375"
"1187","","","","","","","2536.2451171875","2536.2451171875","2536.2451171875","15.25","15.25","15.25","","","","2924.1591796875","2924.1591796875","2924.1591796875"
"1188","","","","","","","2235.77783203125","2235.77783203125","2235.77783203125","17","17","17","","","","3074.34814453125","3074.34814453125","3074.34814453125"
"1189","","","","","","","2371.145751953125","2371.145751953125","2371.145751953125","9","9","9","","","","2916.6083984375","2916.6083984375","2916.6083984375"
"1190","","","","","","","2891.235595703125","2891.235595703125","2891.235595703125","9","9","9","","","","3151.0625","3151.0625","3151.0625"
"1191","","","","","","","2913.490966796875","2913.490966796875","2913.490966796875","9.5","9.5","9.5","","","","3043.96435546875","3043.96435546875","3043.96435546875"
"1192","","","","","","","2613.125","2613.125","2613.125","14","14","14","","","","2760.830322265625","2760.830322265625","2760.830322265625"
"1193","","","","","","","2583.949951171875","2583.949951171875","2583.949951171875","10","10","10","","","","2845.458251953125","2845.458251953125","2845.458251953125"
"1194","","","","","","","1955.5096435546875","1955.5096435546875","1955.5096435546875","14","14","14","","","","2963","2963","2963"
"1195","","","","","","","2373.0966796875","2373.0966796875","2373.0966796875","15.800000190734863","15.800000190734863","15.800000190734863","","","","2939.058349609375","2939.058349609375","2939.058349609375"
"1196","","","","","","","2633.808349609375","2633.808349609375","2633.808349609375","13","13","13","","","","2950.456787109375","2950.456787109375","2950.456787109375"
"1197","","","","","","","2579.864501953125","2579.864501953125","2579.864501953125","9","9","9","","","","3086.43310546875","3086.43310546875","3086.43310546875"
"1198","","","","","","","2562.205322265625","2562.205322265625","2562.205322265625","10","10","10","","","","3132.020751953125","3132.020751953125","3132.020751953125"
"1199","","","","","","","2634.87060546875","2634.87060546875","2634.87060546875","","","","","","","3195.12939453125","3195.12939453125","3195.12939453125"
"1200","","","","","","","2562.852783203125","2562.852783203125","2562.852783203125","","","","","","","3079.385498046875","3079.385498046875","3079.385498046875"
"1201","","","","","","","2893.75","2893.75","2893.75","","","","","","","2745.59814453125","2745.59814453125","2745.59814453125"
"1202","","","","","","","2361.330322265625","2361.330322265625","2361.330322265625","","","","","","","2846.197021484375","2846.197021484375","2846.197021484375"
"1203","","","","","","","2649.713623046875","2649.713623046875","2649.713623046875","","","","","","","2562.62060546875","2562.62060546875","2562.62060546875"
"1204","","","","","","","2120.71875","2120.71875","2120.71875","","","","","","","2853.036376953125","2853.036376953125","2853.036376953125"
"1205","","","","","","","2383.477294921875","2383.477294921875","2383.477294921875","","","","","","","3069.572998046875","3069.572998046875","3069.572998046875"
"1206","","","","","","","2751.3408203125","2751.3408203125","2751.3408203125","","","","","","","2988.40380859375","2988.40380859375","2988.40380859375"
"1207","","","","","","","2446.3173828125","2446.3173828125","2446.3173828125","","","","","","","3224.390625","3224.390625","3224.390625"
"1208","","","","","","","2364.362548828125","2364.362548828125","2364.362548828125","","","","","","","2959.551025390625","2959.551025390625","2959.551025390625"
"1209","","","","","","","2506.0234375","2506.0234375","2506.0234375","","","","","","","2919.32958984375","2919.32958984375","2919.32958984375"
"1210","","","","","","","2507.6875","2507.6875","2507.6875","","","","","","","2938.875","2938.875","2938.875"
"1211","","","","","","","2508.020751953125","2508.020751953125","2508.020751953125","","","","","","","3186.5546875","3186.5546875","3186.5546875"
"1212","","","","","","","2972.31884765625","2972.31884765625","2972.31884765625","","","","","","","3189.630126953125","3189.630126953125","3189.630126953125"
"1213","","","","","","","2864.29541015625","2864.29541015625","2864.29541015625","","","","","","","3185.078125","3185.078125","3185.078125"
"1214","","","","","","","2395.985595703125","2395.985595703125","2395.985595703125","","","","","","","2957.25439453125","2957.25439453125","2957.25439453125"
"1215","","","","","","","2562.213623046875","2562.213623046875","2562.213623046875","","","","","","","3056.651123046875","3056.651123046875","3056.651123046875"
"1216","","","","","","","2770.614501953125","2770.614501953125","2770.614501953125","","","","","","","3154.634521484375","3154.634521484375","3154.634521484375"
"1217","","","","","","","2682.107177734375","2682.107177734375","2682.107177734375","","","","","","","3236.9423828125","3236.9423828125","3236.9423828125"
"1218","","","","","","","3085.375","3085.375","3085.375","","","","","","","3093.394287109375","3093.394287109375","3093.394287109375"
"1219","","","","","","","3014.948974609375","3014.948974609375","3014.948974609375","","","","","","","3258.147216796875","3258.147216796875","3258.147216796875"
"1220","","","","","","","2623.638427734375","2623.638427734375","2623.638427734375","","","","","","","2941.40625","2941.40625","2941.40625"
"1221","","","","","","","1872.9427490234375","1872.9427490234375","1872.9427490234375","","","","","","","3297.15869140625","3297.15869140625","3297.15869140625"
"1222","","","","","","","2599.37939453125","2599.37939453125","2599.37939453125","","","","","","","3489.831787109375","3489.831787109375","3489.831787109375"
"1223","","","","","","","2908.97119140625","2908.97119140625","2908.97119140625","","","","","","","3247.737548828125","3247.737548828125","3247.737548828125"
"1224","","","","","","","3043.53759765625","3043.53759765625","3043.53759765625","","","","","","","2867.300048828125","2867.300048828125","2867.300048828125"
"1225","","","","","","","1988.4542236328125","1988.4542236328125","1988.4542236328125","","","","","","","3143.509521484375","3143.509521484375","3143.509521484375"
"1226","","","","","","","2492.25390625","2492.25390625","2492.25390625","","","","","","","3150.59619140625","3150.59619140625","3150.59619140625"
"1227","","","","","","","2560.1826171875","2560.1826171875","2560.1826171875","","","","","","","3312.697998046875","3312.697998046875","3312.697998046875"
"1228","","","","","","","2702.33740234375","2702.33740234375","2702.33740234375","","","","","","","3289.102294921875","3289.102294921875","3289.102294921875"
"1229","","","","","","","2476.27880859375","2476.27880859375","2476.27880859375","","","","","","","3099.125","3099.125","3099.125"
"1230","","","","","","","2434.522216796875","2434.522216796875","2434.522216796875","","","","","","","3030.1533203125","3030.1533203125","3030.1533203125"
"1231","","","","","","","2212.677001953125","2212.677001953125","2212.677001953125","","","","","","","3196.97216796875","3196.97216796875","3196.97216796875"
"1232","","","","","","","2417.893798828125","2417.893798828125","2417.893798828125","","","","","","","2886.083251953125","2886.083251953125","2886.083251953125"
"1233","","","","","","","1856.4285888671875","1856.4285888671875","1856.4285888671875","","","","","","","3055.359375","3055.359375","3055.359375"
"1234","","","","","","","2144.361572265625","2144.361572265625","2144.361572265625","","","","","","","2895.369384765625","2895.369384765625","2895.369384765625"
"1235","","","","","","","1935.362548828125","1935.362548828125","1935.362548828125","","","","","","","3259.074951171875","3259.074951171875","3259.074951171875"
"1236","","","","","","","2381.78759765625","2381.78759765625","2381.78759765625","","","","","","","2866.015625","2866.015625","2866.015625"
"1237","","","","","","","2266.442626953125","2266.442626953125","2266.442626953125","","","","","","","3032.548583984375","3032.548583984375","3032.548583984375"
"1238","","","","","","","2344.5","2344.5","2344.5","","","","","","","2965.801025390625","2965.801025390625","2965.801025390625"
"1239","","","","","","","2316.020751953125","2316.020751953125","2316.020751953125","","","","","","","3050.14892578125","3050.14892578125","3050.14892578125"
"1240","","","","","","","2397.56884765625","2397.56884765625","2397.56884765625","","","","","","","3219.895751953125","3219.895751953125","3219.895751953125"
"1241","","","","","","","2185.276123046875","2185.276123046875","2185.276123046875","","","","","","","3102.10791015625","3102.10791015625","3102.10791015625"
"1242","","","","","","","2030.6153564453125","2030.6153564453125","2030.6153564453125","","","","","","","3228.143798828125","3228.143798828125","3228.143798828125"
"1243","","","","","","","2119.512451171875","2119.512451171875","2119.512451171875","","","","","","","3451.9453125","3451.9453125","3451.9453125"
"1244","","","","","","","2240.4375","2240.4375","2240.4375","","","","","","","2720.875","2720.875","2720.875"
"1245","","","","","","","1660.293701171875","1660.293701171875","1660.293701171875","","","","","","","3434.363525390625","3434.363525390625","3434.363525390625"
"1246","","","","","","","2337.767822265625","2337.767822265625","2337.767822265625","","","","","","","2874.6875","2874.6875","2874.6875"
"1247","","","","","","","2012.6041259765625","2012.6041259765625","2012.6041259765625","","","","","","","3329.3125","3329.3125","3329.3125"
"1248","","","","","","","2390.57080078125","2390.57080078125","2390.57080078125","","","","","","","2975.067626953125","2975.067626953125","2975.067626953125"
"1249","","","","","","","2016.0240478515625","2016.0240478515625","2016.0240478515625","","","","","","","2865.3203125","2865.3203125","2865.3203125"
"1250","","","","","","","2201.1875","2201.1875","2201.1875","","","","","","","3310.2431640625","3310.2431640625","3310.2431640625"
"1251","","","","","","","2104.365478515625","2104.365478515625","2104.365478515625","","","","","","","3020.03759765625","3020.03759765625","3020.03759765625"
"1252","","","","","","","1851.4598388671875","1851.4598388671875","1851.4598388671875","","","","","","","3051.34375","3051.34375","3051.34375"
"1253","","","","","","","1850.9017333984375","1850.9017333984375","1850.9017333984375","","","","","","","2691.40625","2691.40625","2691.40625"
"1254","","","","","","","1328.54541015625","1328.54541015625","1328.54541015625","","","","","","","3307.669677734375","3307.669677734375","3307.669677734375"
"1255","","","","","","","2707.572998046875","2707.572998046875","2707.572998046875","","","","","","","3016.02490234375","3016.02490234375","3016.02490234375"
"1256","","","","","","","1828.96875","1828.96875","1828.96875","","","","","","","3147.4033203125","3147.4033203125","3147.4033203125"
"1257","","","","","","","2335.244384765625","2335.244384765625","2335.244384765625","","","","","","","2966.47216796875","2966.47216796875","2966.47216796875"
"1258","","","","","","","2291.013916015625","2291.013916015625","2291.013916015625","","","","","","","3099.385498046875","3099.385498046875","3099.385498046875"
"1259","","","","","","","2424.4658203125","2424.4658203125","2424.4658203125","","","","","","","2809.33740234375","2809.33740234375","2809.33740234375"
"1260","","","","","","","2081.487548828125","2081.487548828125","2081.487548828125","","","","","","","2906.375","2906.375","2906.375"
"1261","","","","","","","1896.96875","1896.96875","1896.96875","","","","","","","2704.482177734375","2704.482177734375","2704.482177734375"
"1262","","","","","","","2035.1651611328125","2035.1651611328125","2035.1651611328125","","","","","","","2796.255615234375","2796.255615234375","2796.255615234375"
"1263","","","","","","","1353.8797607421875","1353.8797607421875","1353.8797607421875","","","","","","","2977.614501953125","2977.614501953125","2977.614501953125"
"1264","","","","","","","2580.729248046875","2580.729248046875","2580.729248046875","","","","","","","3270.041748046875","3270.041748046875","3270.041748046875"
"1265","","","","","","","1879.6312255859375","1879.6312255859375","1879.6312255859375","","","","","","","2946.193115234375","2946.193115234375","2946.193115234375"
"1266","","","","","","","1857.6771240234375","1857.6771240234375","1857.6771240234375","","","","","","","3010.330322265625","3010.330322265625","3010.330322265625"
"1267","","","","","","","2078.018798828125","2078.018798828125","2078.018798828125","","","","","","","2916.82958984375","2916.82958984375","2916.82958984375"
"1268","","","","","","","1854.9432373046875","1854.9432373046875","1854.9432373046875","","","","","","","2790.947998046875","2790.947998046875","2790.947998046875"
"1269","","","","","","","2097.6875","2097.6875","2097.6875","","","","","","","3106.90625","3106.90625","3106.90625"
"1270","","","","","","","1782.9732666015625","1782.9732666015625","1782.9732666015625","","","","","","","2932.29541015625","2932.29541015625","2932.29541015625"
"1271","","","","","","","1621.986572265625","1621.986572265625","1621.986572265625","","","","","","","3294.28125","3294.28125","3294.28125"
"1272","","","","","","","2860.994384765625","2860.994384765625","2860.994384765625","","","","","","","3331.512451171875","3331.512451171875","3331.512451171875"
"1273","","","","","","","1935.3392333984375","1935.3392333984375","1935.3392333984375","","","","","","","3322.265625","3322.265625","3322.265625"
"1274","","","","","","","2456.51708984375","2456.51708984375","2456.51708984375","","","","","","","2940.270751953125","2940.270751953125","2940.270751953125"
"1275","","","","","","","1897.5521240234375","1897.5521240234375","1897.5521240234375","","","","","","","3477.824951171875","3477.824951171875","3477.824951171875"
"1276","","","","","","","2724.240478515625","2724.240478515625","2724.240478515625","","","","","","","2911.5673828125","2911.5673828125","2911.5673828125"
"1277","","","","","","","2372.9326171875","2372.9326171875","2372.9326171875","","","","","","","2826.8076171875","2826.8076171875","2826.8076171875"
"1278","","","","","","","2519.635498046875","2519.635498046875","2519.635498046875","","","","","","","3014.54541015625","3014.54541015625","3014.54541015625"
"1279","","","","","","","2698.119384765625","2698.119384765625","2698.119384765625","","","","","","","2331.90869140625","2331.90869140625","2331.90869140625"
"1280","","","","","","","2103.760498046875","2103.760498046875","2103.760498046875","","","","","","","2409.78125","2409.78125","2409.78125"
"1281","","","","","","","2419.511474609375","2419.511474609375","2419.511474609375","","","","","","","2872.16357421875","2872.16357421875","2872.16357421875"
"1282","","","","","","","2364.90185546875","2364.90185546875","2364.90185546875","","","","","","","2421.02685546875","2421.02685546875","2421.02685546875"
"1283","","","","","","","1976.1197509765625","1976.1197509765625","1976.1197509765625","","","","","","","2812.426025390625","2812.426025390625","2812.426025390625"
"1284","","","","","","","2662.08740234375","2662.08740234375","2662.08740234375","","","","","","","2368.744873046875","2368.744873046875","2368.744873046875"
"1285","","","","","","","1990.3807373046875","1990.3807373046875","1990.3807373046875","","","","","","","3224.27685546875","3224.27685546875","3224.27685546875"
"1286","","","","","","","2371.50634765625","2371.50634765625","2371.50634765625","","","","","","","2655.020751953125","2655.020751953125","2655.020751953125"
"1287","","","","","","","2217.33935546875","2217.33935546875","2217.33935546875","","","","","","","2329.70458984375","2329.70458984375","2329.70458984375"
"1288","","","","","","","1910.5703125","1910.5703125","1910.5703125","","","","","","","2914.835205078125","2914.835205078125","2914.835205078125"
"1289","","","","","","","2549.25","2549.25","2549.25","","","","","","","2740.68115234375","2740.68115234375","2740.68115234375"
"1290","","","","","","","2441.86865234375","2441.86865234375","2441.86865234375","","","","","","","3323.571533203125","3323.571533203125","3323.571533203125"
"1291","","","","","","","2565.856201171875","2565.856201171875","2565.856201171875","","","","","","","2766.859375","2766.859375","2766.859375"
"1292","","","","","","","2477.697998046875","2477.697998046875","2477.697998046875","","","","","","","3172.865478515625","3172.865478515625","3172.865478515625"
"1293","","","","","","","2478.244873046875","2478.244873046875","2478.244873046875","","","","","","","2758.375","2758.375","2758.375"
"1294","","","","","","","2400.230712890625","2400.230712890625","2400.230712890625","","","","","","","2839.375","2839.375","2839.375"
"1295","","","","","","","2438.869873046875","2438.869873046875","2438.869873046875","","","","","","","2686.609375","2686.609375","2686.609375"
"1296","","","","","","","2395.138916015625","2395.138916015625","2395.138916015625","","","","","","","2959.676025390625","2959.676025390625","2959.676025390625"
"1297","","","","","","","2248.380126953125","2248.380126953125","2248.380126953125","","","","","","","3002.02490234375","3002.02490234375","3002.02490234375"
"1298","","","","","","","2319.026123046875","2319.026123046875","2319.026123046875","","","","","","","2924.33740234375","2924.33740234375","2924.33740234375"
"1299","","","","","","","2605.181884765625","2605.181884765625","2605.181884765625","","","","","","","2606.546875","2606.546875","2606.546875"
"1300","","","","","","","1876.111572265625","1876.111572265625","1876.111572265625","","","","","","","2793.69384765625","2793.69384765625","2793.69384765625"
"1301","","","","","","","2373.990478515625","2373.990478515625","2373.990478515625","","","","","","","2505.17041015625","2505.17041015625","2505.17041015625"
"1302","","","","","","","2462.26708984375","2462.26708984375","2462.26708984375","","","","","","","3116.098876953125","3116.098876953125","3116.098876953125"
"1303","","","","","","","2170.765625","2170.765625","2170.765625","","","","","","","3409.456298828125","3409.456298828125","3409.456298828125"
"1304","","","","","","","2639.59130859375","2639.59130859375","2639.59130859375","","","","","","","3054.0625","3054.0625","3054.0625"
"1305","","","","","","","1955.2916259765625","1955.2916259765625","1955.2916259765625","","","","","","","3009.548583984375","3009.548583984375","3009.548583984375"
"1306","","","","","","","2012.72119140625","2012.72119140625","2012.72119140625","","","","","","","2873.479248046875","2873.479248046875","2873.479248046875"
"1307","","","","","","","2390.880615234375","2390.880615234375","2390.880615234375","","","","","","","2455.838623046875","2455.838623046875","2455.838623046875"
"1308","","","","","","","2151.817626953125","2151.817626953125","2151.817626953125","","","","","","","2768.765625","2768.765625","2768.765625"
"1309","","","","","","","1809.6666259765625","1809.6666259765625","1809.6666259765625","","","","","","","2363.25","2363.25","2363.25"
"1310","","","","","","","2047.110595703125","2047.110595703125","2047.110595703125","","","","","","","2221.1591796875","2221.1591796875","2221.1591796875"
"1311","","","","","","","1644.514404296875","1644.514404296875","1644.514404296875","","","","","","","2906.625","2906.625","2906.625"
"1312","","","","","","","2212.03125","2212.03125","2212.03125","","","","","","","2724","2724","2724"
"1313","","","","","","","2076.52392578125","2076.52392578125","2076.52392578125","","","","","","","2433.1591796875","2433.1591796875","2433.1591796875"
"1314","","","","","","","1729.0677490234375","1729.0677490234375","1729.0677490234375","","","","","","","1994.53125","1994.53125","1994.53125"
"1315","","","","","","","2051.605712890625","2051.605712890625","2051.605712890625","","","","","","","2648.546875","2648.546875","2648.546875"
"1316","","","","","","","1930.2603759765625","1930.2603759765625","1930.2603759765625","","","","","","","2445.083251953125","2445.083251953125","2445.083251953125"
"1317","","","","","","","1924.8011474609375","1924.8011474609375","1924.8011474609375","","","","","","","2481.5","2481.5","2481.5"
"1318","","","","","","","1788.855712890625","1788.855712890625","1788.855712890625","","","","","","","3050.66357421875","3050.66357421875","3050.66357421875"
"1319","","","","","","","2453.232177734375","2453.232177734375","2453.232177734375","","","","","","","2585.484375","2585.484375","2585.484375"
"1320","","","","","","","2479.511474609375","2479.511474609375","2479.511474609375","","","","","","","2504.40625","2504.40625","2504.40625"
"1321","","","","","","","2143.5625","2143.5625","2143.5625","","","","","","","2537.114501953125","2537.114501953125","2537.114501953125"
"1322","","","","","","","2097.738525390625","2097.738525390625","2097.738525390625","","","","","","","2779.425048828125","2779.425048828125","2779.425048828125"
"1323","","","","","","","2010.125","2010.125","2010.125","","","","","","","2751.456787109375","2751.456787109375","2751.456787109375"
"1324","","","","","","","2582.90869140625","2582.90869140625","2582.90869140625","","","","","","","2715.8193359375","2715.8193359375","2715.8193359375"
"1325","","","","","","","2131.380615234375","2131.380615234375","2131.380615234375","","","","","","","2679.261474609375","2679.261474609375","2679.261474609375"
"1326","","","","","","","2319.588623046875","2319.588623046875","2319.588623046875","","","","","","","2767.0068359375","2767.0068359375","2767.0068359375"
"1327","","","","","","","2064","2064","2064","","","","","","","2569.588623046875","2569.588623046875","2569.588623046875"
"1328","","","","","","","1784.8125","1784.8125","1784.8125","","","","","","","2181.443115234375","2181.443115234375","2181.443115234375"
"1329","","","","","","","1786.3333740234375","1786.3333740234375","1786.3333740234375","","","","","","","2702.25634765625","2702.25634765625","2702.25634765625"
"1330","","","","","","","2065.598876953125","2065.598876953125","2065.598876953125","","","","","","","2600.494384765625","2600.494384765625","2600.494384765625"
"1331","","","","","","","2282.789794921875","2282.789794921875","2282.789794921875","","","","","","","2539.4375","2539.4375","2539.4375"
"1332","","","","","","","2093.21142578125","2093.21142578125","2093.21142578125","","","","","","","2803.416748046875","2803.416748046875","2803.416748046875"
"1333","","","","","","","2628.4443359375","2628.4443359375","2628.4443359375","","","","","","","2318.057373046875","2318.057373046875","2318.057373046875"
"1334","","","","","","","2455.318115234375","2455.318115234375","2455.318115234375","","","","","","","2312.011474609375","2312.011474609375","2312.011474609375"
"1335","","","","","","","1665.8182373046875","1665.8182373046875","1665.8182373046875","","","","","","","2412.986083984375","2412.986083984375","2412.986083984375"
"1336","","","","","","","2429.38134765625","2429.38134765625","2429.38134765625","","","","","","","2126.848876953125","2126.848876953125","2126.848876953125"
"1337","","","","","","","1666.8375244140625","1666.8375244140625","1666.8375244140625","","","","","","","2747.927001953125","2747.927001953125","2747.927001953125"
"1338","","","","","","","2505.013427734375","2505.013427734375","2505.013427734375","","","","","","","2556.5625","2556.5625","2556.5625"
"1339","","","","","","","2063.34619140625","2063.34619140625","2063.34619140625","","","","","","","2581.78125","2581.78125","2581.78125"
"1340","","","","","","","2020.360595703125","2020.360595703125","2020.360595703125","","","","","","","2536.671875","2536.671875","2536.671875"
"1341","","","","","","","2028.07080078125","2028.07080078125","2028.07080078125","","","","","","","2165.5","2165.5","2165.5"
"1342","","","","","","","1443.1953125","1443.1953125","1443.1953125","","","","","","","2303.395751953125","2303.395751953125","2303.395751953125"
"1343","","","","","","","2371.125","2371.125","2371.125","","","","","","","2825.706298828125","2825.706298828125","2825.706298828125"
"1344","","","","","","","2439.196533203125","2439.196533203125","2439.196533203125","","","","","","","2647.880615234375","2647.880615234375","2647.880615234375"
"1345","","","","","","","2117.4091796875","2117.4091796875","2117.4091796875","","","","","","","2317.739501953125","2317.739501953125","2317.739501953125"
"1346","","","","","","","1938.4271240234375","1938.4271240234375","1938.4271240234375","","","","","","","3087.446533203125","3087.446533203125","3087.446533203125"
"1347","","","","","","","2601.870849609375","2601.870849609375","2601.870849609375","","","","","","","2827.1806640625","2827.1806640625","2827.1806640625"
"1348","","","","","","","1934.7083740234375","1934.7083740234375","1934.7083740234375","","","","","","","2323.505615234375","2323.505615234375","2323.505615234375"
"1349","","","","","","","2339.759033203125","2339.759033203125","2339.759033203125","","","","","","","2677.46435546875","2677.46435546875","2677.46435546875"
"1350","","","","","","","2417.3193359375","2417.3193359375","2417.3193359375","","","","","","","2934.734375","2934.734375","2934.734375"
"1351","","","","","","","2248.365478515625","2248.365478515625","2248.365478515625","","","","","","","2649.005126953125","2649.005126953125","2649.005126953125"
"1352","","","","","","","1976.513427734375","1976.513427734375","1976.513427734375","","","","","","","2447.41259765625","2447.41259765625","2447.41259765625"
"1353","","","","","","","2351.98291015625","2351.98291015625","2351.98291015625","","","","","","","2532.666748046875","2532.666748046875","2532.666748046875"
"1354","","","","","","","2199.111572265625","2199.111572265625","2199.111572265625","","","","","","","2468.505615234375","2468.505615234375","2468.505615234375"
"1355","","","","","","","2438.21533203125","2438.21533203125","2438.21533203125","","","","","","","2630.4443359375","2630.4443359375","2630.4443359375"
"1356","","","","","","","2280.556884765625","2280.556884765625","2280.556884765625","","","","","","","2283.677001953125","2283.677001953125","2283.677001953125"
"1357","","","","","","","1797.47119140625","1797.47119140625","1797.47119140625","","","","","","","2666.5625","2666.5625","2666.5625"
"1358","","","","","","","2004.9261474609375","2004.9261474609375","2004.9261474609375","","","","","","","2892.88134765625","2892.88134765625","2892.88134765625"
"1359","","","","","","","2297.90625","2297.90625","2297.90625","","","","","","","2731.07958984375","2731.07958984375","2731.07958984375"
"1360","","","","","","","2329.640625","2329.640625","2329.640625","","","","","","","2396.75","2396.75","2396.75"
"1361","","","","","","","1811.75","1811.75","1811.75","","","","","","","2718.3798828125","2718.3798828125","2718.3798828125"
"1362","","","","","","","2638.91259765625","2638.91259765625","2638.91259765625","","","","","","","2240.11865234375","2240.11865234375","2240.11865234375"
"1363","","","","","","","1617.3687744140625","1617.3687744140625","1617.3687744140625","","","","","","","3186.80615234375","3186.80615234375","3186.80615234375"
"1364","","","","","","","2162.197021484375","2162.197021484375","2162.197021484375","","","","","","","2626.427001953125","2626.427001953125","2626.427001953125"
"1365","","","","","","","1996.84619140625","1996.84619140625","1996.84619140625","","","","","","","2707.022216796875","2707.022216796875","2707.022216796875"
"1366","","","","","","","2245.071533203125","2245.071533203125","2245.071533203125","","","","","","","2398.955322265625","2398.955322265625","2398.955322265625"
"1367","","","","","","","1903.3687744140625","1903.3687744140625","1903.3687744140625","","","","","","","2521.543212890625","2521.543212890625","2521.543212890625"
"1368","","","","","","","2526.24365234375","2526.24365234375","2526.24365234375","","","","","","","2431.644287109375","2431.644287109375","2431.644287109375"
"1369","","","","","","","2081.203125","2081.203125","2081.203125","","","","","","","2499.47119140625","2499.47119140625","2499.47119140625"
"1370","","","","","","","2558.625","2558.625","2558.625","","","","","","","2497.9609375","2497.9609375","2497.9609375"
"1371","","","","","","","1914.85791015625","1914.85791015625","1914.85791015625","","","","","","","2555.511474609375","2555.511474609375","2555.511474609375"
"1372","","","","","","","1934.7603759765625","1934.7603759765625","1934.7603759765625","","","","","","","2821.619384765625","2821.619384765625","2821.619384765625"
"1373","","","","","","","2173.869384765625","2173.869384765625","2173.869384765625","","","","","","","1942.71875","1942.71875","1942.71875"
"1374","","","","","","","1183.7569580078125","1183.7569580078125","1183.7569580078125","","","","","","","2401.046875","2401.046875","2401.046875"
"1375","","","","","","","1870.919677734375","1870.919677734375","1870.919677734375","","","","","","","2553.89892578125","2553.89892578125","2553.89892578125"
"1376","","","","","","","2379.27880859375","2379.27880859375","2379.27880859375","","","","","","","2138.175048828125","2138.175048828125","2138.175048828125"
"1377","","","","","","","1617.268798828125","1617.268798828125","1617.268798828125","","","","","","","2740.82958984375","2740.82958984375","2740.82958984375"
"1378","","","","","","","2487.009033203125","2487.009033203125","2487.009033203125","","","","","","","2261.229248046875","2261.229248046875","2261.229248046875"
"1379","","","","","","","1811.4166259765625","1811.4166259765625","1811.4166259765625","","","","","","","2410.78125","2410.78125","2410.78125"
"1380","","","","","","","1878.8170166015625","1878.8170166015625","1878.8170166015625","","","","","","","2706.5625","2706.5625","2706.5625"
"1381","","","","","","","2212.125","2212.125","2212.125","","","","","","","2400.744384765625","2400.744384765625","2400.744384765625"
"1382","","","","","","","2094.584716796875","2094.584716796875","2094.584716796875","","","","","","","2430.760498046875","2430.760498046875","2430.760498046875"
"1383","","","","","","","2029.887451171875","2029.887451171875","2029.887451171875","","","","","","","2570.990478515625","2570.990478515625","2570.990478515625"
"1384","","","","","","","2217.8798828125","2217.8798828125","2217.8798828125","","","","","","","2415.447021484375","2415.447021484375","2415.447021484375"
"1385","","","","","","","2162.28564453125","2162.28564453125","2162.28564453125","","","","","","","2425.289794921875","2425.289794921875","2425.289794921875"
"1386","","","","","","","1717.8416748046875","1717.8416748046875","1717.8416748046875","","","","","","","1901.1875","1901.1875","1901.1875"
"1387","","","","","","","1759.1988525390625","1759.1988525390625","1759.1988525390625","","","","","","","2131.323974609375","2131.323974609375","2131.323974609375"
"1388","","","","","","","1714.5687255859375","1714.5687255859375","1714.5687255859375","","","","","","","2455.78759765625","2455.78759765625","2455.78759765625"
"1389","","","","","","","1605.6634521484375","1605.6634521484375","1605.6634521484375","","","","","","","2471.66259765625","2471.66259765625","2471.66259765625"
"1390","","","","","","","2018.21875","2018.21875","2018.21875","","","","","","","2154.39892578125","2154.39892578125","2154.39892578125"
"1391","","","","","","","1918.0833740234375","1918.0833740234375","1918.0833740234375","","","","","","","2764.125","2764.125","2764.125"
"1392","","","","","","","2392.854248046875","2392.854248046875","2392.854248046875","","","","","","","2473.5693359375","2473.5693359375","2473.5693359375"
"1393","","","","","","","2188.425048828125","2188.425048828125","2188.425048828125","","","","","","","2202.193115234375","2202.193115234375","2202.193115234375"
"1394","","","","","","","2214.229248046875","2214.229248046875","2214.229248046875","","","","","","","2320.571533203125","2320.571533203125","2320.571533203125"
"1395","","","","","","","2084.13134765625","2084.13134765625","2084.13134765625","","","","","","","2359.10791015625","2359.10791015625","2359.10791015625"
"1396","","","","","","","1859.9464111328125","1859.9464111328125","1859.9464111328125","","","","","","","2022.269287109375","2022.269287109375","2022.269287109375"
"1397","","","","","","","1554.7259521484375","1554.7259521484375","1554.7259521484375","","","","","","","2754.418212890625","2754.418212890625","2754.418212890625"
"1398","","","","","","","2398.15625","2398.15625","2398.15625","","","","","","","2255.802001953125","2255.802001953125","2255.802001953125"
"1399","","","","","","","2001.360595703125","2001.360595703125","2001.360595703125","","","","","","","2208.4443359375","2208.4443359375","2208.4443359375"
"1400","","","","","","","1599.4903564453125","1599.4903564453125","1599.4903564453125","","","","","","","2268.14208984375","2268.14208984375","2268.14208984375"
"1401","","","","","","","1482.6187744140625","1482.6187744140625","1482.6187744140625","","","","","","","2383.581298828125","2383.581298828125","2383.581298828125"
"1402","","","","","","","2129.8408203125","2129.8408203125","2129.8408203125","","","","","","","2059.238525390625","2059.238525390625","2059.238525390625"
"1403","","","","","","","1954.293212890625","1954.293212890625","1954.293212890625","","","","","","","2313.666748046875","2313.666748046875","2313.666748046875"
"1404","","","","","","","1734.956787109375","1734.956787109375","1734.956787109375","","","","","","","2507.546875","2507.546875","2507.546875"
"1405","","","","","","","2349.7841796875","2349.7841796875","2349.7841796875","","","","","","","2736.65625","2736.65625","2736.65625"
"1406","","","","","","","2120.4658203125","2120.4658203125","2120.4658203125","","","","","","","2596.104248046875","2596.104248046875","2596.104248046875"
"1407","","","","","","","2070.0625","2070.0625","2070.0625","","","","","","","2322.71533203125","2322.71533203125","2322.71533203125"
"1408","","","","","","","1839.078125","1839.078125","1839.078125","","","","","","","2253.408447265625","2253.408447265625","2253.408447265625"
"1409","","","","","","","2211.051025390625","2211.051025390625","2211.051025390625","","","","","","","2594.7841796875","2594.7841796875","2594.7841796875"
"1410","","","","","","","2588.395751953125","2588.395751953125","2588.395751953125","","","","","","","2910.9296875","2910.9296875","2910.9296875"
"1411","","","","","","","2580.2216796875","2580.2216796875","2580.2216796875","","","","","","","2645.953125","2645.953125","2645.953125"
"1412","","","","","","","2149.414794921875","2149.414794921875","2149.414794921875","","","","","","","2499.640625","2499.640625","2499.640625"
"1413","","","","","","","2245.3046875","2245.3046875","2245.3046875","","","","","","","2123.925048828125","2123.925048828125","2123.925048828125"
"1414","","","","","","","2042.421875","2042.421875","2042.421875","","","","","","","2328.331787109375","2328.331787109375","2328.331787109375"
"1415","","","","","","","2260.484375","2260.484375","2260.484375","","","","","","","1932.8177490234375","1932.8177490234375","1932.8177490234375"
"1416","","","","","","","1654.2864990234375","1654.2864990234375","1654.2864990234375","","","","","","","1927.9329833984375","1927.9329833984375","1927.9329833984375"
"1417","","","","","","","1668.7884521484375","1668.7884521484375","1668.7884521484375","","","","","","","2123.8515625","2123.8515625","2123.8515625"
"1418","","","","","","","1589.9659423828125","1589.9659423828125","1589.9659423828125","","","","","","","2284.583251953125","2284.583251953125","2284.583251953125"
"1419","","","","","","","2393.798095703125","2393.798095703125","2393.798095703125","","","","","","","2394.0625","2394.0625","2394.0625"
"1420","","","","","","","2008.6041259765625","2008.6041259765625","2008.6041259765625","","","","","","","1760.335205078125","1760.335205078125","1760.335205078125"
"1421","","","","","","","1453.703125","1453.703125","1453.703125","","","","","","","2686.326904296875","2686.326904296875","2686.326904296875"
"1422","","","","","","","2355.72314453125","2355.72314453125","2355.72314453125","","","","","","","2166.14208984375","2166.14208984375","2166.14208984375"
"1423","","","","","","","2158.203125","2158.203125","2158.203125","","","","","","","2726.509521484375","2726.509521484375","2726.509521484375"
"1424","","","","","","","2627.625","2627.625","2627.625","","","","","","","1872.0982666015625","1872.0982666015625","1872.0982666015625"
"1425","","","","","","","1702.4952392578125","1702.4952392578125","1702.4952392578125","","","","","","","2070.384521484375","2070.384521484375","2070.384521484375"
"1426","","","","","","","2223.924072265625","2223.924072265625","2223.924072265625","","","","","","","2682.2421875","2682.2421875","2682.2421875"
"1427","","","","","","","2048.96142578125","2048.96142578125","2048.96142578125","","","","","","","2100.802978515625","2100.802978515625","2100.802978515625"
"1428","","","","","","","1864.9329833984375","1864.9329833984375","1864.9329833984375","","","","","","","2332.980712890625","2332.980712890625","2332.980712890625"
"1429","","","","","","","2011.144287109375","2011.144287109375","2011.144287109375","","","","","","","2399.52490234375","2399.52490234375","2399.52490234375"
"1430","","","","","","","1901.727294921875","1901.727294921875","1901.727294921875","","","","","","","2371.7890625","2371.7890625","2371.7890625"
"1431","","","","","","","1803.8409423828125","1803.8409423828125","1803.8409423828125","","","","","","","2792.7216796875","2792.7216796875","2792.7216796875"
"1432","","","","","","","2402.075927734375","2402.075927734375","2402.075927734375","","","","","","","2385.59375","2385.59375","2385.59375"
"1433","","","","","","","2162.75439453125","2162.75439453125","2162.75439453125","","","","","","","2740.6171875","2740.6171875","2740.6171875"
"1434","","","","","","","2028.4322509765625","2028.4322509765625","2028.4322509765625","","","","","","","2439.759033203125","2439.759033203125","2439.759033203125"
"1435","","","","","","","2144.791748046875","2144.791748046875","2144.791748046875","","","","","","","2087.4326171875","2087.4326171875","2087.4326171875"
"1436","","","","","","","2324.38134765625","2324.38134765625","2324.38134765625","","","","","","","2630.90625","2630.90625","2630.90625"
"1437","","","","","","","2192.94384765625","2192.94384765625","2192.94384765625","","","","","","","2151.168701171875","2151.168701171875","2151.168701171875"
"1438","","","","","","","1949.1346435546875","1949.1346435546875","1949.1346435546875","","","","","","","1962.40625","1962.40625","1962.40625"
"1439","","","","","","","1663.4903564453125","1663.4903564453125","1663.4903564453125","","","","","","","2305.708251953125","2305.708251953125","2305.708251953125"
"1440","","","","","","","2143.541748046875","2143.541748046875","2143.541748046875","","","","","","","2111.205322265625","2111.205322265625","2111.205322265625"
"1441","","","","","","","1745.78125","1745.78125","1745.78125","","","","","","","2674.802001953125","2674.802001953125","2674.802001953125"
"1442","","","","","","","2415.716552734375","2415.716552734375","2415.716552734375","","","","","","","1873.21533203125","1873.21533203125","1873.21533203125"
"1443","","","","","","","1364.4666748046875","1364.4666748046875","1364.4666748046875","","","","","","","2141.602294921875","2141.602294921875","2141.602294921875"
"1444","","","","","","","1912.8067626953125","1912.8067626953125","1912.8067626953125","","","","","","","2411.158447265625","2411.158447265625","2411.158447265625"
"1445","","","","","","","2097.27685546875","2097.27685546875","2097.27685546875","","","","","","","2230.102294921875","2230.102294921875","2230.102294921875"
"1446","","","","","","","1932.4635009765625","1932.4635009765625","1932.4635009765625","","","","","","","2402.806884765625","2402.806884765625","2402.806884765625"
"1447","","","","","","","1961.5677490234375","1961.5677490234375","1961.5677490234375","","","","","","","2179.6875","2179.6875","2179.6875"
"1448","","","","","","","1926.296875","1926.296875","1926.296875","","","","","","","2322.42578125","2322.42578125","2322.42578125"
"1449","","","","","","","2236.10009765625","2236.10009765625","2236.10009765625","","","","","","","2079.78857421875","2079.78857421875","2079.78857421875"
"1450","","","","","","","1885.921875","1885.921875","1885.921875","","","","","","","2394.96435546875","2394.96435546875","2394.96435546875"
"1451","","","","","","","2147.40185546875","2147.40185546875","2147.40185546875","","","","","","","2385.302001953125","2385.302001953125","2385.302001953125"
"1452","","","","","","","2163.125","2163.125","2163.125","","","","","","","1690.3067626953125","1690.3067626953125","1690.3067626953125"
"1453","","","","","","","1527.00830078125","1527.00830078125","1527.00830078125","","","","","","","1821.3697509765625","1821.3697509765625","1821.3697509765625"
"1454","","","","","","","1716.326416015625","1716.326416015625","1716.326416015625","","","","","","","2213.708251953125","2213.708251953125","2213.708251953125"
"1455","","","","","","","2006.1707763671875","2006.1707763671875","2006.1707763671875","","","","","","","1756.5546875","1756.5546875","1756.5546875"
"1456","","","","","","","2016.3671875","2016.3671875","2016.3671875","","","","","","","2314.201416015625","2314.201416015625","2314.201416015625"
"1457","","","","","","","1888.2557373046875","1888.2557373046875","1888.2557373046875","","","","","","","2000.043212890625","2000.043212890625","2000.043212890625"
"1458","","","","","","","2206.388427734375","2206.388427734375","2206.388427734375","","","","","","","2141.890625","2141.890625","2141.890625"
"1459","","","","","","","2114.11865234375","2114.11865234375","2114.11865234375","","","","","","","2003.8541259765625","2003.8541259765625","2003.8541259765625"
"1460","","","","","","","2224.255126953125","2224.255126953125","2224.255126953125","","","","","","","2006.5045166015625","2006.5045166015625","2006.5045166015625"
"1461","","","","","","","1937.513427734375","1937.513427734375","1937.513427734375","","","","","","","2073.629150390625","2073.629150390625","2073.629150390625"
"1462","","","","","","","1827.0792236328125","1827.0792236328125","1827.0792236328125","","","","","","","1635.8333740234375","1635.8333740234375","1635.8333740234375"
"1463","","","","","","","1948.09033203125","1948.09033203125","1948.09033203125","","","","","","","2183.392822265625","2183.392822265625","2183.392822265625"
"1464","","","","","","","2121.404052734375","2121.404052734375","2121.404052734375","","","","","","","2125.4375","2125.4375","2125.4375"
"1465","","","","","","","1933.5052490234375","1933.5052490234375","1933.5052490234375","","","","","","","1978.4124755859375","1978.4124755859375","1978.4124755859375"
"1466","","","","","","","2180.693115234375","2180.693115234375","2180.693115234375","","","","","","","2053.765625","2053.765625","2053.765625"
"1467","","","","","","","2269.888916015625","2269.888916015625","2269.888916015625","","","","","","","2035.8072509765625","2035.8072509765625","2035.8072509765625"
"1468","","","","","","","2041.203125","2041.203125","2041.203125","","","","","","","2205.854248046875","2205.854248046875","2205.854248046875"
"1469","","","","","","","2240.625","2240.625","2240.625","","","","","","","2129.960205078125","2129.960205078125","2129.960205078125"
"1470","","","","","","","2111.125","2111.125","2111.125","","","","","","","2093.31884765625","2093.31884765625","2093.31884765625"
"1471","","","","","","","2014.84716796875","2014.84716796875","2014.84716796875","","","","","","","1910.3125","1910.3125","1910.3125"
"1472","","","","","","","1921.7916259765625","1921.7916259765625","1921.7916259765625","","","","","","","1807.75","1807.75","1807.75"
"1473","","","","","","","1997.980712890625","1997.980712890625","1997.980712890625","","","","","","","1842.5885009765625","1842.5885009765625","1842.5885009765625"
"1474","","","","","","","2106.3125","2106.3125","2106.3125","","","","","","","1592.081298828125","1592.081298828125","1592.081298828125"
"1475","","","","","","","1530.5572509765625","1530.5572509765625","1530.5572509765625","","","","","","","2097.390625","2097.390625","2097.390625"
"1476","","","","","","","2140.557373046875","2140.557373046875","2140.557373046875","","","","","","","2155.272705078125","2155.272705078125","2155.272705078125"
"1477","","","","","","","2396.705322265625","2396.705322265625","2396.705322265625","","","","","","","2049.989501953125","2049.989501953125","2049.989501953125"
"1478","","","","","","","2284.177001953125","2284.177001953125","2284.177001953125","","","","","","","2037.82958984375","2037.82958984375","2037.82958984375"
"1479","","","","","","","2179.229248046875","2179.229248046875","2179.229248046875","","","","","","","1896.955322265625","1896.955322265625","1896.955322265625"
"1480","","","","","","","1701.794677734375","1701.794677734375","1701.794677734375","","","","","","","1588.335205078125","1588.335205078125","1588.335205078125"
"1481","","","","","","","1475.515625","1475.515625","1475.515625","","","","","","","2144.789794921875","2144.789794921875","2144.789794921875"
"1482","","","","","","","1994.6927490234375","1994.6927490234375","1994.6927490234375","","","","","","","2390.442626953125","2390.442626953125","2390.442626953125"
"1483","","","","","","","1971.60791015625","1971.60791015625","1971.60791015625","","","","","","","2137.25","2137.25","2137.25"
"1484","","","","","","","1992.3348388671875","1992.3348388671875","1992.3348388671875","","","","","","","2172.31884765625","2172.31884765625","2172.31884765625"
"1485","","","","","","","2051.331298828125","2051.331298828125","2051.331298828125","","","","","","","1939.664794921875","1939.664794921875","1939.664794921875"
"1486","","","","","","","1747.6517333984375","1747.6517333984375","1747.6517333984375","","","","","","","2295","2295","2295"
"1487","","","","","","","2224.290283203125","2224.290283203125","2224.290283203125","","","","","","","2891.387451171875","2891.387451171875","2891.387451171875"
"1488","","","","","","","3075.90625","3075.90625","3075.90625","","","","","","","2459.041748046875","2459.041748046875","2459.041748046875"
"1489","","","","","","","2661.59375","2661.59375","2661.59375","","","","","","","2140.4375","2140.4375","2140.4375"
"1490","","","","","","","2057.791748046875","2057.791748046875","2057.791748046875","","","","","","","2325.28125","2325.28125","2325.28125"
"1491","","","","","","","3826.875","3826.875","3826.875","","","","","","","3255.015625","3255.015625","3255.015625"
"1492","","","","","","","2538.1875","2538.1875","2538.1875","","","","","","","1899.7708740234375","1899.7708740234375","1899.7708740234375"
"1493","","","","","","","2225.979248046875","2225.979248046875","2225.979248046875","","","","","","","3016.21875","3016.21875","3016.21875"
"1494","","","","","","","2219.3125","2219.3125","2219.3125","","","","","","","3085.25","3085.25","3085.25"
"1495","","","","","","","1856.625","1856.625","1856.625","","","","","","","2374.020751953125","2374.020751953125","2374.020751953125"
"1496","","","","","","","3287.578125","3287.578125","3287.578125","","","","","","","1922","1922","1922"
"1497","","","","","","","2141.020751953125","2141.020751953125","2141.020751953125","","","","","","","2753.265625","2753.265625","2753.265625"
"1498","","","","","","","2452.515625","2452.515625","2452.515625","","","","","","","3057.125","3057.125","3057.125"
"1499","","","","","","","1124.4375","1124.4375","1124.4375","","","","","","","2193.0625","2193.0625","2193.0625"
"1500","","","","","","","1019.9583129882812","1019.9583129882812","1019.9583129882812","","","","","","","3397","3397","3397"
"1501","","","","","","","2352.875","2352.875","2352.875","","","","","","","2260.75","2260.75","2260.75"
"1502","","","","","","","3224.75","3224.75","3224.75","","","","","","","2725.35009765625","2725.35009765625","2725.35009765625"
"1503","","","","","","","1391.6875","1391.6875","1391.6875","","","","","","","2114.604248046875","2114.604248046875","2114.604248046875"
"1504","","","","","","","3352.125","3352.125","3352.125","","","","","","","2920.4375","2920.4375","2920.4375"
"1505","","","","","","","2178.75","2178.75","2178.75","","","","","","","3273.1875","3273.1875","3273.1875"
"1506","","","","","","","1483.984375","1483.984375","1483.984375","","","","","","","2055.609375","2055.609375","2055.609375"
"1507","","","","","","","2258.583251953125","2258.583251953125","2258.583251953125","","","","","","","2469.39990234375","2469.39990234375","2469.39990234375"
"1508","","","","","","","2444.3125","2444.3125","2444.3125","","","","","","","2110.5","2110.5","2110.5"
"1509","","","","","","","2593.5","2593.5","2593.5","","","","","","","2508.675048828125","2508.675048828125","2508.675048828125"
"1510","","","","","","","2364.84375","2364.84375","2364.84375","","","","","","","2684.5","2684.5","2684.5"
"1511","","","","","","","2695.75","2695.75","2695.75","","","","","","","2851.83740234375","2851.83740234375","2851.83740234375"
"1512","","","","","","","2552.0625","2552.0625","2552.0625","","","","","","","2288.09375","2288.09375","2288.09375"
"1513","","","","","","","1298.875","1298.875","1298.875","","","","","","","2324.5625","2324.5625","2324.5625"
"1514","","","","","","","2665.625","2665.625","2665.625","","","","","","","881.125","881.125","881.125"
"1515","","","","","","","3953.9375","3953.9375","3953.9375","","","","","","","3518.208251953125","3518.208251953125","3518.208251953125"
"1516","","","","","","","2336.53125","2336.53125","2336.53125","","","","","","","3592.0625","3592.0625","3592.0625"
"1517","","","","","","","3683.416748046875","3683.416748046875","3683.416748046875","","","","","","","2641.59375","2641.59375","2641.59375"
"1518","","","","","","","1828","1828","1828","","","","","","","3997.625","3997.625","3997.625"
"1519","","","","","","","2281.979248046875","2281.979248046875","2281.979248046875","","","","","","","1736.953125","1736.953125","1736.953125"
"1520","","","","","","","2441.229248046875","2441.229248046875","2441.229248046875","","","","","","","1204.25","1204.25","1204.25"
"1521","","","","","","","3048.5","3048.5","3048.5","","","","","","","2242.6875","2242.6875","2242.6875"
"1522","","","","","","","2587.703125","2587.703125","2587.703125","","","","","","","3092.46875","3092.46875","3092.46875"
"1523","","","","","","","1632.4375","1632.4375","1632.4375","","","","","","","2735.125","2735.125","2735.125"
"1524","","","","","","","2898.958251953125","2898.958251953125","2898.958251953125","","","","","","","2304.083251953125","2304.083251953125","2304.083251953125"
"1525","","","","","","","3331.5","3331.5","3331.5","","","","","","","2265.5625","2265.5625","2265.5625"
"1526","","","","","","","2208.3984375","2208.3984375","2208.3984375","","","","","","","2567.91064453125","2567.91064453125","2567.91064453125"
"1527","","","","","","","1904.2613525390625","1904.2613525390625","1904.2613525390625","","","","","","","3032.96875","3032.96875","3032.96875"
"1528","","","","","","","2414.1875","2414.1875","2414.1875","","","","","","","2340.22216796875","2340.22216796875","2340.22216796875"
"1529","","","","","","","2200.94384765625","2200.94384765625","2200.94384765625","","","","","","","2364.5625","2364.5625","2364.5625"
"1530","","","","","","","2245.013916015625","2245.013916015625","2245.013916015625","","","","","","","2811.428466796875","2811.428466796875","2811.428466796875"
"1531","","","","","","","2677.668701171875","2677.668701171875","2677.668701171875","","","","","","","2913.7431640625","2913.7431640625","2913.7431640625"
"1532","","","","","","","2773.46533203125","2773.46533203125","2773.46533203125","","","","","","","2166.91259765625","2166.91259765625","2166.91259765625"
"1533","","","","","","","2787.71875","2787.71875","2787.71875","","","","","","","2564.365966796875","2564.365966796875","2564.365966796875"
"1534","","","","","","","2343.27783203125","2343.27783203125","2343.27783203125","","","","","","","2909.328125","2909.328125","2909.328125"
"1535","","","","","","","2540.512451171875","2540.512451171875","2540.512451171875","","","","","","","3185.4453125","3185.4453125","3185.4453125"
"1536","","","","","","","2431.236083984375","2431.236083984375","2431.236083984375","","","","","","","2292.1171875","2292.1171875","2292.1171875"
"1537","","","","","","","2083.25","2083.25","2083.25","","","","","","","2778.270751953125","2778.270751953125","2778.270751953125"
"1538","","","","","","","2156.15185546875","2156.15185546875","2156.15185546875","","","","","","","2060.7109375","2060.7109375","2060.7109375"
"1539","","","","","","","2596.361083984375","2596.361083984375","2596.361083984375","","","","","","","2860.921875","2860.921875","2860.921875"
"1540","","","","","","","2659.8984375","2659.8984375","2659.8984375","","","","","","","2783.53125","2783.53125","2783.53125"
"1541","","","","","","","3193.074951171875","3193.074951171875","3193.074951171875","","","","","","","2339.356201171875","2339.356201171875","2339.356201171875"
"1542","","","","","","","2146.699951171875","2146.699951171875","2146.699951171875","","","","","","","2351.8984375","2351.8984375","2351.8984375"
"1543","","","","","","","2615.949951171875","2615.949951171875","2615.949951171875","","","","","","","2662.84033203125","2662.84033203125","2662.84033203125"
"1544","","","","","","","2036.514404296875","2036.514404296875","2036.514404296875","","","","","","","2417.69384765625","2417.69384765625","2417.69384765625"
"1545","","","","","","","2515.136474609375","2515.136474609375","2515.136474609375","","","","","","","2647.7216796875","2647.7216796875","2647.7216796875"
"1546","","","","","","","2237.78125","2237.78125","2237.78125","","","","","","","2157.35791015625","2157.35791015625","2157.35791015625"
"1547","","","","","","","2275.759033203125","2275.759033203125","2275.759033203125","","","","","","","3001.729248046875","3001.729248046875","3001.729248046875"
"1548","","","","","","","2270.552978515625","2270.552978515625","2270.552978515625","","","","","","","2705.859375","2705.859375","2705.859375"
"1549","","","","","","","2788.69384765625","2788.69384765625","2788.69384765625","","","","","","","2536.03125","2536.03125","2536.03125"
"1550","","","","","","","2556.4443359375","2556.4443359375","2556.4443359375","","","","","","","2688.9033203125","2688.9033203125","2688.9033203125"
"1551","","","","","","","2392.375","2392.375","2392.375","","","","","","","2761.583251953125","2761.583251953125","2761.583251953125"
"1552","","","","","","","2700.270751953125","2700.270751953125","2700.270751953125","","","","","","","2487.550048828125","2487.550048828125","2487.550048828125"
"1553","","","","","","","2454.229248046875","2454.229248046875","2454.229248046875","","","","","","","2857.568115234375","2857.568115234375","2857.568115234375"
"1554","","","","","","","3217.02490234375","3217.02490234375","3217.02490234375","","","","","","","2826.418701171875","2826.418701171875","2826.418701171875"
"1555","","","","","","","2045.3839111328125","2045.3839111328125","2045.3839111328125","","","","","","","2953.7109375","2953.7109375","2953.7109375"
"1556","","","","","","","2039.4488525390625","2039.4488525390625","2039.4488525390625","","","","","","","2438.428466796875","2438.428466796875","2438.428466796875"
"1557","","","","","","","2444.386474609375","2444.386474609375","2444.386474609375","","","","","","","2172.145751953125","2172.145751953125","2172.145751953125"
"1558","","","","","","","1927.265625","1927.265625","1927.265625","","","","","","","2605.77783203125","2605.77783203125","2605.77783203125"
"1559","","","","","","","2427.863525390625","2427.863525390625","2427.863525390625","","","","","","","2587.401123046875","2587.401123046875","2587.401123046875"
"1560","","","","","","","3066.885498046875","3066.885498046875","3066.885498046875","","","","","","","2184.875","2184.875","2184.875"
"1561","","","","","","","1753.4271240234375","1753.4271240234375","1753.4271240234375","","","","","","","2578.862548828125","2578.862548828125","2578.862548828125"
"1562","","","","","","","2322.4375","2322.4375","2322.4375","","","","","","","3172.205322265625","3172.205322265625","3172.205322265625"
"1563","","","","","","","2093.2109375","2093.2109375","2093.2109375","","","","","","","2170.375","2170.375","2170.375"
"1564","","","","","","","2076.802001953125","2076.802001953125","2076.802001953125","","","","","","","2568.642822265625","2568.642822265625","2568.642822265625"
"1565","","","","","","","2218.52490234375","2218.52490234375","2218.52490234375","","","","","","","2049.578125","2049.578125","2049.578125"
"1566","","","","","","","2626.1943359375","2626.1943359375","2626.1943359375","","","","","","","2126.298583984375","2126.298583984375","2126.298583984375"
"1567","","","","","","","2187.78125","2187.78125","2187.78125","","","","","","","2310.6015625","2310.6015625","2310.6015625"
"1568","","","","","","","2547.9609375","2547.9609375","2547.9609375","","","","","","","3209.387451171875","3209.387451171875","3209.387451171875"
"1569","","","","","","","3042.0625","3042.0625","3042.0625","","","","","","","2746.0068359375","2746.0068359375","2746.0068359375"
"1570","","","","","","","2970.638916015625","2970.638916015625","2970.638916015625","","","","","","","2163.47216796875","2163.47216796875","2163.47216796875"
"1571","","","","","","","2426.544677734375","2426.544677734375","2426.544677734375","","","","","","","2916.696533203125","2916.696533203125","2916.696533203125"
"1572","","","","","","","2337.489501953125","2337.489501953125","2337.489501953125","","","","","","","2610.272705078125","2610.272705078125","2610.272705078125"
"1573","","","","","","","2117.369384765625","2117.369384765625","2117.369384765625","","","","","","","2476.041748046875","2476.041748046875","2476.041748046875"
"1574","","","","","","","2291.85009765625","2291.85009765625","2291.85009765625","","","","","","","2212.619384765625","2212.619384765625","2212.619384765625"
"1575","","","","","","","2173.3828125","2173.3828125","2173.3828125","","","","","","","2757.35009765625","2757.35009765625","2757.35009765625"
"1576","","","","","","","2468.395751953125","2468.395751953125","2468.395751953125","","","","","","","2422.053466796875","2422.053466796875","2422.053466796875"
"1577","","","","","","","2317.826416015625","2317.826416015625","2317.826416015625","","","","","","","2395.40185546875","2395.40185546875","2395.40185546875"
"1578","","","","","","","2268.227294921875","2268.227294921875","2268.227294921875","","","","","","","2628.4931640625","2628.4931640625","2628.4931640625"
"1579","","","","","","","2948.448974609375","2948.448974609375","2948.448974609375","","","","","","","2541.8193359375","2541.8193359375","2541.8193359375"
"1580","","","","","","","2786.955322265625","2786.955322265625","2786.955322265625","","","","","","","2579","2579","2579"
"1581","","","","","","","2213.897705078125","2213.897705078125","2213.897705078125","","","","","","","2691.701904296875","2691.701904296875","2691.701904296875"
"1582","","","","","","","2638.953125","2638.953125","2638.953125","","","","","","","2976.490966796875","2976.490966796875","2976.490966796875"
"1583","","","","","","","2181.953125","2181.953125","2181.953125","","","","","","","2180.453125","2180.453125","2180.453125"
"1584","","","","","","","2282.326416015625","2282.326416015625","2282.326416015625","","","","","","","2614.93115234375","2614.93115234375","2614.93115234375"
"1585","","","","","","","2671.293701171875","2671.293701171875","2671.293701171875","","","","","","","2529.5625","2529.5625","2529.5625"
"1586","","","","","","","2469.890625","2469.890625","2469.890625","","","","","","","2477.826416015625","2477.826416015625","2477.826416015625"
"1587","","","","","","","2246.3125","2246.3125","2246.3125","","","","","","","2700.255126953125","2700.255126953125","2700.255126953125"
"1588","","","","","","","2411.40625","2411.40625","2411.40625","","","","","","","2525.5068359375","2525.5068359375","2525.5068359375"
"1589","","","","","","","2303.755615234375","2303.755615234375","2303.755615234375","","","","","","","2628.177001953125","2628.177001953125","2628.177001953125"
"1590","","","","","","","2494.856201171875","2494.856201171875","2494.856201171875","","","","","","","2167.385498046875","2167.385498046875","2167.385498046875"
"1591","","","","","","","1988.0625","1988.0625","1988.0625","","","","","","","1996.1607666015625","1996.1607666015625","1996.1607666015625"
"1592","","","","","","","1714.6015625","1714.6015625","1714.6015625","","","","","","","2391.50634765625","2391.50634765625","2391.50634765625"
"1593","","","","","","","3387.84375","3387.84375","3387.84375","","","","","","","1978.418701171875","1978.418701171875","1978.418701171875"
"1594","","","","","","","2900.137451171875","2900.137451171875","2900.137451171875","","","","","","","2089.574951171875","2089.574951171875","2089.574951171875"
"1595","","","","","","","2786.3125","2786.3125","2786.3125","","","","","","","2918.14990234375","2918.14990234375","2918.14990234375"
"1596","","","","","","","2476.232177734375","2476.232177734375","2476.232177734375","","","","","","","2942.385498046875","2942.385498046875","2942.385498046875"
"1597","","","","","","","2619.3125","2619.3125","2619.3125","","","","","","","2444.1201171875","2444.1201171875","2444.1201171875"
"1598","","","","","","","2621.234375","2621.234375","2621.234375","","","","","","","2322.890625","2322.890625","2322.890625"
"1599","","","","","","","2809.65283203125","2809.65283203125","2809.65283203125","","","","","","","2520.95458984375","2520.95458984375","2520.95458984375"
"1600","","","","","","","3203.125","3203.125","3203.125","","","","","","","2230.72509765625","2230.72509765625","2230.72509765625"
"1601","","","","","","","2129.94384765625","2129.94384765625","2129.94384765625","","","","","","","2263.696533203125","2263.696533203125","2263.696533203125"
"1602","","","","","","","3058.75","3058.75","3058.75","","","","","","","3134.4453125","3134.4453125","3134.4453125"
"1603","","","","","","","2598.768798828125","2598.768798828125","2598.768798828125","","","","","","","2425.552001953125","2425.552001953125","2425.552001953125"
"1604","","","","","","","2179.59375","2179.59375","2179.59375","","","","","","","2786.9375","2786.9375","2786.9375"
"1605","","","","","","","2254.9716796875","2254.9716796875","2254.9716796875","","","","","","","3053.798583984375","3053.798583984375","3053.798583984375"
"1606","","","","","","","2462.47314453125","2462.47314453125","2462.47314453125","","","","","","","2742.40625","2742.40625","2742.40625"
"1607","","","","","","","3082.11865234375","3082.11865234375","3082.11865234375","","","","","","","2348.210205078125","2348.210205078125","2348.210205078125"
"1608","","","","","","","2868.262451171875","2868.262451171875","2868.262451171875","","","","","","","2490.708251953125","2490.708251953125","2490.708251953125"
"1609","","","","","","","1948.048583984375","1948.048583984375","1948.048583984375","","","","","","","3000.28759765625","3000.28759765625","3000.28759765625"
"1610","","","","","","","2893.206298828125","2893.206298828125","2893.206298828125","","","","","","","2435.083251953125","2435.083251953125","2435.083251953125"
"1611","","","","","","","1964.5982666015625","1964.5982666015625","1964.5982666015625","","","","","","","1885.6666259765625","1885.6666259765625","1885.6666259765625"
"1612","","","","","","","2515.0693359375","2515.0693359375","2515.0693359375","","","","","","","2854.5","2854.5","2854.5"
"1613","","","","","","","1704.0250244140625","1704.0250244140625","1704.0250244140625","","","","","","","2448.550048828125","2448.550048828125","2448.550048828125"
"1614","","","","","","","2813.90283203125","2813.90283203125","2813.90283203125","","","","","","","2520.03759765625","2520.03759765625","2520.03759765625"
"1615","","","","","","","2549","2549","2549","","","","","","","2540.359375","2540.359375","2540.359375"
"1616","","","","","","","1890.7708740234375","1890.7708740234375","1890.7708740234375","","","","","","","2656.96875","2656.96875","2656.96875"
"1617","","","","","","","2279.9609375","2279.9609375","2279.9609375","","","","","","","2722.9375","2722.9375","2722.9375"
"1618","","","","","","","2944.3125","2944.3125","2944.3125","","","","","","","2579.796875","2579.796875","2579.796875"
"1619","","","","","","","2859.3984375","2859.3984375","2859.3984375","","","","","","","2569.515625","2569.515625","2569.515625"
"1620","","","","","","","2959.77880859375","2959.77880859375","2959.77880859375","","","","","","","2507.125","2507.125","2507.125"
"1621","","","","","","","2494.137451171875","2494.137451171875","2494.137451171875","","","","","","","3262.0546875","3262.0546875","3262.0546875"
"1622","","","","","","","3185.5","3185.5","3185.5","","","","","","","2908.859375","2908.859375","2908.859375"
"1623","","","","","","","2539.6875","2539.6875","2539.6875","","","","","","","2713.134521484375","2713.134521484375","2713.134521484375"
"1624","","","","","","","1832.8541259765625","1832.8541259765625","1832.8541259765625","","","","","","","2958.96240234375","2958.96240234375","2958.96240234375"
"1625","","","","","","","2208.477294921875","2208.477294921875","2208.477294921875","","","","","","","2416.84033203125","2416.84033203125","2416.84033203125"
"1626","","","","","","","3171.5","3171.5","3171.5","","","","","","","2460.7421875","2460.7421875","2460.7421875"
"1627","","","","","","","2399.888916015625","2399.888916015625","2399.888916015625","","","","","","","2640.66259765625","2640.66259765625","2640.66259765625"
"1628","","","","","","","3069.205322265625","3069.205322265625","3069.205322265625","","","","","","","2750.2890625","2750.2890625","2750.2890625"
"1629","","","","","","","2537.890625","2537.890625","2537.890625","","","","","","","2531.201416015625","2531.201416015625","2531.201416015625"
"1630","","","","","","","2716.201416015625","2716.201416015625","2716.201416015625","","","","","","","2490.263916015625","2490.263916015625","2490.263916015625"
"1631","","","","","","","2713.33740234375","2713.33740234375","2713.33740234375","","","","","","","2262.947998046875","2262.947998046875","2262.947998046875"
"1632","","","","","","","2687.453125","2687.453125","2687.453125","","","","","","","2687.39208984375","2687.39208984375","2687.39208984375"
"1633","","","","","","","2237.625","2237.625","2237.625","","","","","","","2555.449951171875","2555.449951171875","2555.449951171875"
"1634","","","","","","","2276.791748046875","2276.791748046875","2276.791748046875","","","","","","","2524.604248046875","2524.604248046875","2524.604248046875"
"1635","","","","","","","1695.699951171875","1695.699951171875","1695.699951171875","","","","","","","2570.145751953125","2570.145751953125","2570.145751953125"
"1636","","","","","","","2534.625","2534.625","2534.625","","","","","","","2469.613525390625","2469.613525390625","2469.613525390625"
"1637","","","","","","","2706.4375","2706.4375","2706.4375","","","","","","","1782.5416259765625","1782.5416259765625","1782.5416259765625"
"1638","","","","","","","2622.427001953125","2622.427001953125","2622.427001953125","","","","","","","2267.40966796875","2267.40966796875","2267.40966796875"
"1639","","","","","","","2965.59375","2965.59375","2965.59375","","","","","","","2930.963623046875","2930.963623046875","2930.963623046875"
"1640","","","","","","","2425.77783203125","2425.77783203125","2425.77783203125","","","","","","","2831.8203125","2831.8203125","2831.8203125"
"1641","","","","","","","2664.642822265625","2664.642822265625","2664.642822265625","","","","","","","2978.119384765625","2978.119384765625","2978.119384765625"
"1642","","","","","","","2563.428466796875","2563.428466796875","2563.428466796875","","","","","","","2504.484375","2504.484375","2504.484375"
"1643","","","","","","","2479.696533203125","2479.696533203125","2479.696533203125","","","","","","","2271.375","2271.375","2271.375"
"1644","","","","","","","2564.490966796875","2564.490966796875","2564.490966796875","","","","","","","2643.824951171875","2643.824951171875","2643.824951171875"
"1645","","","","","","","2593.02685546875","2593.02685546875","2593.02685546875","","","","","","","2387.71435546875","2387.71435546875","2387.71435546875"
"1646","","","","","","","2195.2783203125","2195.2783203125","2195.2783203125","","","","","","","3285.044677734375","3285.044677734375","3285.044677734375"
"1647","","","","","","","2585.011474609375","2585.011474609375","2585.011474609375","","","","","","","2754.803466796875","2754.803466796875","2754.803466796875"
"1648","","","","","","","3273.104248046875","3273.104248046875","3273.104248046875","","","","","","","2140.0908203125","2140.0908203125","2140.0908203125"
"1649","","","","","","","2242.289794921875","2242.289794921875","2242.289794921875","","","","","","","2498.8681640625","2498.8681640625","2498.8681640625"
"1650","","","","","","","2216.356201171875","2216.356201171875","2216.356201171875","","","","","","","3292.302001953125","3292.302001953125","3292.302001953125"
"1651","","","","","","","2201.4375","2201.4375","2201.4375","","","","","","","2884.861083984375","2884.861083984375","2884.861083984375"
"1652","","","","","","","2271.234375","2271.234375","2271.234375","","","","","","","2892.15966796875","2892.15966796875","2892.15966796875"
"1653","","","","","","","1894.3125","1894.3125","1894.3125","","","","","","","2434.928466796875","2434.928466796875","2434.928466796875"
"1654","","","","","","","2115.02783203125","2115.02783203125","2115.02783203125","","","","","","","2919.642822265625","2919.642822265625","2919.642822265625"
"1655","","","","","","","1886.9942626953125","1886.9942626953125","1886.9942626953125","","","","","","","2366.458251953125","2366.458251953125","2366.458251953125"
"1656","","","","","","","2517.447998046875","2517.447998046875","2517.447998046875","","","","","","","2550.923583984375","2550.923583984375","2550.923583984375"
"1657","","","","","","","3203.5546875","3203.5546875","3203.5546875","","","","","","","2725.25","2725.25","2725.25"
"1658","","","","","","","2453.6953125","2453.6953125","2453.6953125","","","","","","","2483","2483","2483"
"1659","","","","","","","2475.759033203125","2475.759033203125","2475.759033203125","","","","","","","3070.90283203125","3070.90283203125","3070.90283203125"
"1660","","","","","","","2582.24560546875","2582.24560546875","2582.24560546875","","","","","","","3012.4765625","3012.4765625","3012.4765625"
"1661","","","","","","","2056.80615234375","2056.80615234375","2056.80615234375","","","","","","","2260.923583984375","2260.923583984375","2260.923583984375"
"1662","","","","","","","2794.59375","2794.59375","2794.59375","","","","","","","2367.119873046875","2367.119873046875","2367.119873046875"
"1663","","","","","","","3064.800048828125","3064.800048828125","3064.800048828125","","","","","","","2258.762451171875","2258.762451171875","2258.762451171875"
"1664","","","","","","","2913.140625","2913.140625","2913.140625","","","","","","","2676.2421875","2676.2421875","2676.2421875"
"1665","","","","","","","2651.46240234375","2651.46240234375","2651.46240234375","","","","","","","2820.61865234375","2820.61865234375","2820.61865234375"
"1666","","","","","","","2425.494384765625","2425.494384765625","2425.494384765625","","","","","","","2754.458251953125","2754.458251953125","2754.458251953125"
"1667","","","","","","","2058.830322265625","2058.830322265625","2058.830322265625","","","","","","","2882.854248046875","2882.854248046875","2882.854248046875"
"1668","","","","","","","2472.58935546875","2472.58935546875","2472.58935546875","","","","","","","2627.677001953125","2627.677001953125","2627.677001953125"
"1669","","","","","","","2296.75","2296.75","2296.75","","","","","","","2866.229248046875","2866.229248046875","2866.229248046875"
"1670","","","","","","","2332.1171875","2332.1171875","2332.1171875","","","","","","","2403.7265625","2403.7265625","2403.7265625"
"1671","","","","","","","2503.074951171875","2503.074951171875","2503.074951171875","","","","","","","2641.33740234375","2641.33740234375","2641.33740234375"
"1672","","","","","","","2697.7265625","2697.7265625","2697.7265625","","","","","","","2722.520751953125","2722.520751953125","2722.520751953125"
"1673","","","","","","","2330.451416015625","2330.451416015625","2330.451416015625","","","","","","","2414.291748046875","2414.291748046875","2414.291748046875"
"1674","","","","","","","2265.125","2265.125","2265.125","","","","","","","2452.75","2452.75","2452.75"
"1675","","","","","","","2214.875","2214.875","2214.875","","","","","","","2200.798583984375","2200.798583984375","2200.798583984375"
"1676","","","","","","","2810.15185546875","2810.15185546875","2810.15185546875","","","","","","","2673.573974609375","2673.573974609375","2673.573974609375"
"1677","","","","","","","2255.75","2255.75","2255.75","","","","","","","2463.638916015625","2463.638916015625","2463.638916015625"
"1678","","","","","","","2462.77490234375","2462.77490234375","2462.77490234375","","","","","","","2953.71533203125","2953.71533203125","2953.71533203125"
"1679","","","","","","","2604.302001953125","2604.302001953125","2604.302001953125","","","","","","","2563.34716796875","2563.34716796875","2563.34716796875"
"1680","","","","","","","2136.16064453125","2136.16064453125","2136.16064453125","","","","","","","2764.484375","2764.484375","2764.484375"
"1681","","","","","","","2590.489501953125","2590.489501953125","2590.489501953125","","","","","","","2710.666748046875","2710.666748046875","2710.666748046875"
"1682","","","","","","","2485.59716796875","2485.59716796875","2485.59716796875","","","","","","","2588.53759765625","2588.53759765625","2588.53759765625"
"1683","","","","","","","2720.102294921875","2720.102294921875","2720.102294921875","","","","","","","2644.76708984375","2644.76708984375","2644.76708984375"
"1684","","","","","","","2712.6640625","2712.6640625","2712.6640625","","","","","","","2459.018798828125","2459.018798828125","2459.018798828125"
"1685","","","","","","","2219.1875","2219.1875","2219.1875","","","","","","","2528.861083984375","2528.861083984375","2528.861083984375"
"1686","","","","","","","2664.3125","2664.3125","2664.3125","","","","","","","2804.35009765625","2804.35009765625","2804.35009765625"
"1687","","","","","","","3261.083251953125","3261.083251953125","3261.083251953125","","","","","","","2309.598876953125","2309.598876953125","2309.598876953125"
"1688","","","","","","","2540.2216796875","2540.2216796875","2540.2216796875","","","","","","","2649.5","2649.5","2649.5"
"1689","","","","","","","2687.416748046875","2687.416748046875","2687.416748046875","","","","","","","2948.515625","2948.515625","2948.515625"
"1690","","","","","","","2203.102294921875","2203.102294921875","2203.102294921875","","","","","","","2784.510498046875","2784.510498046875","2784.510498046875"
"1691","","","","","","","2145.951416015625","2145.951416015625","2145.951416015625","","","","","","","2333.239501953125","2333.239501953125","2333.239501953125"
"1692","","","","","","","2410.571533203125","2410.571533203125","2410.571533203125","","","","","","","2534.039794921875","2534.039794921875","2534.039794921875"
"1693","","","","","","","2591.789794921875","2591.789794921875","2591.789794921875","","","","","","","2321.518798828125","2321.518798828125","2321.518798828125"
"1694","","","","","","","1963.2403564453125","1963.2403564453125","1963.2403564453125","","","","","","","2547.04541015625","2547.04541015625","2547.04541015625"
"1695","","","","","","","1721.3062744140625","1721.3062744140625","1721.3062744140625","","","","","","","2660.860595703125","2660.860595703125","2660.860595703125"
"1696","","","","","","","2339.557373046875","2339.557373046875","2339.557373046875","","","","","","","2184.3076171875","2184.3076171875","2184.3076171875"
"1697","","","","","","","2464.479248046875","2464.479248046875","2464.479248046875","","","","","","","2218.911376953125","2218.911376953125","2218.911376953125"
"1698","","","","","","","2170.333251953125","2170.333251953125","2170.333251953125","","","","","","","2338.625","2338.625","2338.625"
"1699","","","","","","","2445.0078125","2445.0078125","2445.0078125","","","","","","","2520.540283203125","2520.540283203125","2520.540283203125"
"1700","","","","","","","2378.514404296875","2378.514404296875","2378.514404296875","","","","","","","2247.4375","2247.4375","2247.4375"
"1701","","","","","","","2654.293701171875","2654.293701171875","2654.293701171875","","","","","","","2666.458251953125","2666.458251953125","2666.458251953125"
"1702","","","","","","","2500.40625","2500.40625","2500.40625","","","","","","","2345.203125","2345.203125","2345.203125"
"1703","","","","","","","2198.833251953125","2198.833251953125","2198.833251953125","","","","","","","2199.21142578125","2199.21142578125","2199.21142578125"
"1704","","","","","","","2853.22216796875","2853.22216796875","2853.22216796875","","","","","","","2419.401123046875","2419.401123046875","2419.401123046875"
"1705","","","","","","","2373.611083984375","2373.611083984375","2373.611083984375","","","","","","","2019.4930419921875","2019.4930419921875","2019.4930419921875"
"1706","","","","","","","1969.5625","1969.5625","1969.5625","","","","","","","2870.5","2870.5","2870.5"
"1707","","","","","","","2190.375","2190.375","2190.375","","","","","","","2670.93115234375","2670.93115234375","2670.93115234375"
"1708","","","","","","","2200.9375","2200.9375","2200.9375","","","","","","","2412.65283203125","2412.65283203125","2412.65283203125"
"1709","","","","","","","2707.802001953125","2707.802001953125","2707.802001953125","","","","","","","2110.298095703125","2110.298095703125","2110.298095703125"
"1710","","","","","","","2033.825927734375","2033.825927734375","2033.825927734375","","","","","","","2589.71875","2589.71875","2589.71875"
"1711","","","","","","","2546.09375","2546.09375","2546.09375","","","","","","","2685.42041015625","2685.42041015625","2685.42041015625"
"1712","","","","","","","2087.11865234375","2087.11865234375","2087.11865234375","","","","","","","2227.147705078125","2227.147705078125","2227.147705078125"
"1713","","","","","","","2271.8818359375","2271.8818359375","2271.8818359375","","","","","","","2876.96630859375","2876.96630859375","2876.96630859375"
"1714","","","","","","","2257.15966796875","2257.15966796875","2257.15966796875","","","","","","","1814.7562255859375","1814.7562255859375","1814.7562255859375"
"1715","","","","","","","2662.111572265625","2662.111572265625","2662.111572265625","","","","","","","2291.2431640625","2291.2431640625","2291.2431640625"
"1716","","","","","","","2379.520751953125","2379.520751953125","2379.520751953125","","","","","","","2193.335205078125","2193.335205078125","2193.335205078125"
"1717","","","","","","","2229.677001953125","2229.677001953125","2229.677001953125","","","","","","","2918.959716796875","2918.959716796875","2918.959716796875"
"1718","","","","","","","2088.298583984375","2088.298583984375","2088.298583984375","","","","","","","3152.3408203125","3152.3408203125","3152.3408203125"
"1719","","","","","","","2076.9921875","2076.9921875","2076.9921875","","","","","","","2379.588623046875","2379.588623046875","2379.588623046875"
"1720","","","","","","","1962.2557373046875","1962.2557373046875","1962.2557373046875","","","","","","","2072.23291015625","2072.23291015625","2072.23291015625"
"1721","","","","","","","3023.5","3023.5","3023.5","","","","","","","2491.181884765625","2491.181884765625","2491.181884765625"
"1722","","","","","","","2130.82958984375","2130.82958984375","2130.82958984375","","","","","","","2262.40380859375","2262.40380859375","2262.40380859375"
"1723","","","","","","","2613.9375","2613.9375","2613.9375","","","","","","","2655.759521484375","2655.759521484375","2655.759521484375"
"1724","","","","","","","2147.691650390625","2147.691650390625","2147.691650390625","","","","","","","2570.4453125","2570.4453125","2570.4453125"
"1725","","","","","","","2066.411376953125","2066.411376953125","2066.411376953125","","","","","","","2780.14208984375","2780.14208984375","2780.14208984375"
"1726","","","","","","","2216.86865234375","2216.86865234375","2216.86865234375","","","","","","","2629.848876953125","2629.848876953125","2629.848876953125"
"1727","","","","","","","2347.914794921875","2347.914794921875","2347.914794921875","","","","","","","2053.71630859375","2053.71630859375","2053.71630859375"
"1728","","","","","","","2390.977294921875","2390.977294921875","2390.977294921875","","","","","","","2341.59375","2341.59375","2341.59375"
"1729","","","","","","","2613.4140625","2613.4140625","2613.4140625","","","","","","","2507.65966796875","2507.65966796875","2507.65966796875"
"1730","","","","","","","2290.27685546875","2290.27685546875","2290.27685546875","","","","","","","2340.328125","2340.328125","2340.328125"
"1731","","","","","","","2542.638916015625","2542.638916015625","2542.638916015625","","","","","","","2652.85107421875","2652.85107421875","2652.85107421875"
"1732","","","","","","","2493.208251953125","2493.208251953125","2493.208251953125","","","","","","","2711.80810546875","2711.80810546875","2711.80810546875"
"1733","","","","","","","2272.9375","2272.9375","2272.9375","","","","","","","2640.736083984375","2640.736083984375","2640.736083984375"
"1734","","","","","","","2418.625","2418.625","2418.625","","","","","","","2539.9140625","2539.9140625","2539.9140625"
"1735","","","","","","","2663.15283203125","2663.15283203125","2663.15283203125","","","","","","","2993.9716796875","2993.9716796875","2993.9716796875"
"1736","","","","","","","2597.31884765625","2597.31884765625","2597.31884765625","","","","","","","2607.363525390625","2607.363525390625","2607.363525390625"
"1737","","","","","","","1947.1624755859375","1947.1624755859375","1947.1624755859375","","","","","","","2527.727294921875","2527.727294921875","2527.727294921875"
"1738","","","","","","","2666.081298828125","2666.081298828125","2666.081298828125","","","","","","","2786.739501953125","2786.739501953125","2786.739501953125"
"1739","","","","","","","3004.994873046875","3004.994873046875","3004.994873046875","","","","","","","2575.386474609375","2575.386474609375","2575.386474609375"
"1740","","","","","","","2606.96240234375","2606.96240234375","2606.96240234375","","","","","","","2831.97216796875","2831.97216796875","2831.97216796875"
"1741","","","","","","","2300.56884765625","2300.56884765625","2300.56884765625","","","","","","","2784.807373046875","2784.807373046875","2784.807373046875"
"1742","","","","","","","2781.300048828125","2781.300048828125","2781.300048828125","","","","","","","2390.427001953125","2390.427001953125","2390.427001953125"
"1743","","","","","","","2808.477294921875","2808.477294921875","2808.477294921875","","","","","","","2711.8125","2711.8125","2711.8125"
"1744","","","","","","","2666.125","2666.125","2666.125","","","","","","","2932.833251953125","2932.833251953125","2932.833251953125"
"1745","","","","","","","2469.673583984375","2469.673583984375","2469.673583984375","","","","","","","2780.887451171875","2780.887451171875","2780.887451171875"
"1746","","","","","","","2618.136474609375","2618.136474609375","2618.136474609375","","","","","","","2534.588623046875","2534.588623046875","2534.588623046875"
"1747","","","","","","","2616.863525390625","2616.863525390625","2616.863525390625","","","","","","","2800.293701171875","2800.293701171875","2800.293701171875"
"1748","","","","","","","2079.114501953125","2079.114501953125","2079.114501953125","","","","","","","2762.5","2762.5","2762.5"
"1749","","","","","","","2117.863525390625","2117.863525390625","2117.863525390625","","","","","","","2272.0556640625","2272.0556640625","2272.0556640625"
"1750","","","","","","","2492.78125","2492.78125","2492.78125","","","","","","","2444.6875","2444.6875","2444.6875"
"1751","","","","","","","2724.614501953125","2724.614501953125","2724.614501953125","","","","","","","2296.1181640625","2296.1181640625","2296.1181640625"
"1752","","","","","","","3248.443115234375","3248.443115234375","3248.443115234375","","","","","","","2363.823974609375","2363.823974609375","2363.823974609375"
"1753","","","","","","","2767.574951171875","2767.574951171875","2767.574951171875","","","","","","","2806.15966796875","2806.15966796875","2806.15966796875"
"1754","","","","","","","2710.460205078125","2710.460205078125","2710.460205078125","","","","","","","2811.5966796875","2811.5966796875","2811.5966796875"
"1755","","","","","","","2368.556884765625","2368.556884765625","2368.556884765625","","","","","","","2580.772705078125","2580.772705078125","2580.772705078125"
"1756","","","","","","","2809.5908203125","2809.5908203125","2809.5908203125","","","","","","","2483.136474609375","2483.136474609375","2483.136474609375"
"1757","","","","","","","2258.3125","2258.3125","2258.3125","","","","","","","2643.334716796875","2643.334716796875","2643.334716796875"
"1758","","","","","","","3031.96875","3031.96875","3031.96875","","","","","","","2685.458251953125","2685.458251953125","2685.458251953125"
"1759","","","","","","","2728.955322265625","2728.955322265625","2728.955322265625","","","","","","","2229.47119140625","2229.47119140625","2229.47119140625"
"1760","","","","","","","2958.3125","2958.3125","2958.3125","","","","","","","3027.861572265625","3027.861572265625","3027.861572265625"
"1761","","","","","","","3335.331298828125","3335.331298828125","3335.331298828125","","","","","","","2734.3125","2734.3125","2734.3125"
"1762","","","","","","","2778.856201171875","2778.856201171875","2778.856201171875","","","","","","","2680.166748046875","2680.166748046875","2680.166748046875"
"1763","","","","","","","2724.16064453125","2724.16064453125","2724.16064453125","","","","","","","3067.223876953125","3067.223876953125","3067.223876953125"
"1764","","","","","","","2275.3125","2275.3125","2275.3125","","","","","","","2510.911376953125","2510.911376953125","2510.911376953125"
"1765","","","","","","","2695.291748046875","2695.291748046875","2695.291748046875","","","","","","","2696.451904296875","2696.451904296875","2696.451904296875"
"1766","","","","","","","2342.238525390625","2342.238525390625","2342.238525390625","","","","","","","2466.71875","2466.71875","2466.71875"
"1767","","","","","","","2739.895751953125","2739.895751953125","2739.895751953125","","","","","","","2658.556884765625","2658.556884765625","2658.556884765625"
"1768","","","","","","","2434.610595703125","2434.610595703125","2434.610595703125","","","","","","","2305.375","2305.375","2305.375"
"1769","","","","","","","2118.15625","2118.15625","2118.15625","","","","","","","2763.84375","2763.84375","2763.84375"
"1770","","","","","","","2436.21142578125","2436.21142578125","2436.21142578125","","","","","","","2482.90380859375","2482.90380859375","2482.90380859375"
"1771","","","","","","","2098.081298828125","2098.081298828125","2098.081298828125","","","","","","","2550.75","2550.75","2550.75"
"1772","","","","","","","1701.798583984375","1701.798583984375","1701.798583984375","","","","","","","2448.52783203125","2448.52783203125","2448.52783203125"
"1773","","","","","","","2042.0047607421875","2042.0047607421875","2042.0047607421875","","","","","","","2234.197021484375","2234.197021484375","2234.197021484375"
"1774","","","","","","","2642.41259765625","2642.41259765625","2642.41259765625","","","","","","","2343.634033203125","2343.634033203125","2343.634033203125"
"1775","","","","","","","2166.0966796875","2166.0966796875","2166.0966796875","","","","","","","2360.9091796875","2360.9091796875","2360.9091796875"
"1776","","","","","","","2339.541748046875","2339.541748046875","2339.541748046875","","","","","","","2540.890625","2540.890625","2540.890625"
"1777","","","","","","","2085.29541015625","2085.29541015625","2085.29541015625","","","","","","","2369.85107421875","2369.85107421875","2369.85107421875"
"1778","","","","","","","2397.9375","2397.9375","2397.9375","","","","","","","2705.326416015625","2705.326416015625","2705.326416015625"
"1779","","","","","","","2852.49365234375","2852.49365234375","2852.49365234375","","","","","","","2642.208251953125","2642.208251953125","2642.208251953125"
"1780","","","","","","","2745.05615234375","2745.05615234375","2745.05615234375","","","","","","","2404.53369140625","2404.53369140625","2404.53369140625"
"1781","","","","","","","2531.875","2531.875","2531.875","","","","","","","2705.0966796875","2705.0966796875","2705.0966796875"
"1782","","","","","","","2273.21875","2273.21875","2273.21875","","","","","","","2709.11865234375","2709.11865234375","2709.11865234375"
"1783","","","","","","","2635.3681640625","2635.3681640625","2635.3681640625","","","","","","","2524.7548828125","2524.7548828125","2524.7548828125"
"1784","","","","","","","2808.039794921875","2808.039794921875","2808.039794921875","","","","","","","2315.289794921875","2315.289794921875","2315.289794921875"
"1785","","","","","","","2383.885498046875","2383.885498046875","2383.885498046875","","","","","","","2941.84814453125","2941.84814453125","2941.84814453125"
"1786","","","","","","","2227.75634765625","2227.75634765625","2227.75634765625","","","","","","","3025.9443359375","3025.9443359375","3025.9443359375"
"1787","","","","","","","2933.0048828125","2933.0048828125","2933.0048828125","","","","","","","2587.956298828125","2587.956298828125","2587.956298828125"
"1788","","","","","","","2496.081298828125","2496.081298828125","2496.081298828125","","","","","","","2444.489501953125","2444.489501953125","2444.489501953125"
"1789","","","","","","","2865.213623046875","2865.213623046875","2865.213623046875","","","","","","","2858.206298828125","2858.206298828125","2858.206298828125"
"1790","","","","","","","2436.196533203125","2436.196533203125","2436.196533203125","","","","","","","2383.79541015625","2383.79541015625","2383.79541015625"
"1791","","","","","","","1917.3541259765625","1917.3541259765625","1917.3541259765625","","","","","","","2890.71875","2890.71875","2890.71875"
"1792","","","","","","","2561.5673828125","2561.5673828125","2561.5673828125","","","","","","","2767.44384765625","2767.44384765625","2767.44384765625"
"1793","","","","","","","2223.7431640625","2223.7431640625","2223.7431640625","","","","","","","2564.318115234375","2564.318115234375","2564.318115234375"
"1794","","","","","","","2632.3125","2632.3125","2632.3125","","","","","","","2780.955322265625","2780.955322265625","2780.955322265625"
"1795","","","","","","","2506.6875","2506.6875","2506.6875","","","","","","","2631.770751953125","2631.770751953125","2631.770751953125"
"1796","","","","","","","2498.984375","2498.984375","2498.984375","","","","","","","2593.78125","2593.78125","2593.78125"
"1797","","","","","","","2951.34130859375","2951.34130859375","2951.34130859375","","","","","","","2699.520751953125","2699.520751953125","2699.520751953125"
"1798","","","","","","","2793.21240234375","2793.21240234375","2793.21240234375","","","","","","","2430.86865234375","2430.86865234375","2430.86865234375"
"1799","","","","","","","2269.5068359375","2269.5068359375","2269.5068359375","","","","","","","2698.8125","2698.8125","2698.8125"
"1800","","","","","","","2874.390625","2874.390625","2874.390625","","","","","","","2594.15625","2594.15625","2594.15625"
"1801","","","","","","","2590.44189453125","2590.44189453125","2590.44189453125","","","","","","","2096.323974609375","2096.323974609375","2096.323974609375"
"1802","","","","","","","2237.88134765625","2237.88134765625","2237.88134765625","","","","","","","2771.227294921875","2771.227294921875","2771.227294921875"
"1803","","","","","","","2274.019287109375","2274.019287109375","2274.019287109375","","","","","","","2990.401123046875","2990.401123046875","2990.401123046875"
"1804","","","","","","","3012.260498046875","3012.260498046875","3012.260498046875","","","","","","","2267.75634765625","2267.75634765625","2267.75634765625"
"1805","","","","","","","2712.83740234375","2712.83740234375","2712.83740234375","","","","","","","2413.692626953125","2413.692626953125","2413.692626953125"
"1806","","","","","","","3080.21142578125","3080.21142578125","3080.21142578125","","","","","","","3138.411376953125","3138.411376953125","3138.411376953125"
"1807","","","","","","","2955.33740234375","2955.33740234375","2955.33740234375","","","","","","","3092.75","3092.75","3092.75"
"1808","","","","","","","2524.977294921875","2524.977294921875","2524.977294921875","","","","","","","3101.3798828125","3101.3798828125","3101.3798828125"
"1809","","","","","","","2811.449951171875","2811.449951171875","2811.449951171875","","","","","","","2637.019287109375","2637.019287109375","2637.019287109375"
"1810","","","","","","","2522.852783203125","2522.852783203125","2522.852783203125","","","","","","","2786.16064453125","2786.16064453125","2786.16064453125"
"1811","","","","","","","2932.0390625","2932.0390625","2932.0390625","","","","","","","2970.28125","2970.28125","2970.28125"
"1812","","","","","","","2628.65625","2628.65625","2628.65625","","","","","","","2490.8173828125","2490.8173828125","2490.8173828125"
"1813","","","","","","","2790.392822265625","2790.392822265625","2790.392822265625","","","","","","","2766.72119140625","2766.72119140625","2766.72119140625"
"1814","","","","","","","3124.076416015625","3124.076416015625","3124.076416015625","","","","","","","2303.291748046875","2303.291748046875","2303.291748046875"
"1815","","","","","","","3209.78466796875","3209.78466796875","3209.78466796875","","","","","","","2579.193115234375","2579.193115234375","2579.193115234375"
"1816","","","","","","","2063.27880859375","2063.27880859375","2063.27880859375","","","","","","","2957.889404296875","2957.889404296875","2957.889404296875"
"1817","","","","","","","2200.5341796875","2200.5341796875","2200.5341796875","","","","","","","3001.78125","3001.78125","3001.78125"
"1818","","","","","","","2594.2158203125","2594.2158203125","2594.2158203125","","","","","","","2283.546875","2283.546875","2283.546875"
"1819","","","","","","","","","","","","","","","","2655.487548828125","2655.487548828125","2655.487548828125"
"1820","","","","","","","","","","","","","","","","2884.1953125","2884.1953125","2884.1953125"
"1821","","","","","","","","","","","","","","","","3049.048095703125","3049.048095703125","3049.048095703125"
"1822","","","","","","","","","","","","","","","","3010.389404296875","3010.389404296875","3010.389404296875"
"1823","","","","","","","","","","","","","","","","2564.166748046875","2564.166748046875","2564.166748046875"
"1824","","","","","","","","","","","","","","","","1449.625","1449.625","1449.625"
"1825","","","","","","","","","","","","","","","","2089.71240234375","2089.71240234375","2089.71240234375"
"1826","","","","","","","","","","","","","","","","2049.60009765625","2049.60009765625","2049.60009765625"
"1827","","","","","","","","","","","","","","","","1927.453125","1927.453125","1927.453125"
"1828","","","","","","","","","","","","","","","","1984.859375","1984.859375","1984.859375"
"1829","","","","","","","","","","","","","","","","1685.1146240234375","1685.1146240234375","1685.1146240234375"
"1830","","","","","","","","","","","","","","","","1875.25","1875.25","1875.25"
"1831","","","","","","","","","","","","","","","","1937.5208740234375","1937.5208740234375","1937.5208740234375"
"1832","","","","","","","","","","","","","","","","2714.145751953125","2714.145751953125","2714.145751953125"
"1833","","","","","","","","","","","","","","","","2420.365966796875","2420.365966796875","2420.365966796875"
"1834","","","","","","","","","","","","","","","","2410.736083984375","2410.736083984375","2410.736083984375"
"1835","","","","","","","","","","","","","","","","2335.2431640625","2335.2431640625","2335.2431640625"
"1836","","","","","","","","","","","","","","","","2383.59375","2383.59375","2383.59375"
"1837","","","","","","","","","","","","","","","","2234.044677734375","2234.044677734375","2234.044677734375"
"1838","","","","","","","","","","","","","","","","2690.260498046875","2690.260498046875","2690.260498046875"
"1839","","","","","","","","","","","","","","","","2811.7841796875","2811.7841796875","2811.7841796875"
"1840","","","","","","","","","","","","","","","","2364.302001953125","2364.302001953125","2364.302001953125"
"1841","","","","","","","","","","","","","","","","2797.291748046875","2797.291748046875","2797.291748046875"
"1842","","","","","","","","","","","","","","","","2563.61865234375","2563.61865234375","2563.61865234375"
"1843","","","","","","","","","","","","","","","","2313.2890625","2313.2890625","2313.2890625"
"1844","","","","","","","","","","","","","","","","2080.46875","2080.46875","2080.46875"
"1845","","","","","","","","","","","","","","","","1644.5703125","1644.5703125","1644.5703125"
"1846","","","","","","","","","","","","","","","","2101.1875","2101.1875","2101.1875"
"1847","","","","","","","","","","","","","","","","1824.706298828125","1824.706298828125","1824.706298828125"
"1848","","","","","","","","","","","","","","","","2936.25","2936.25","2936.25"
"1849","","","","","","","","","","","","","","","","2266.923095703125","2266.923095703125","2266.923095703125"
"1850","","","","","","","","","","","","","","","","2617.6806640625","2617.6806640625","2617.6806640625"
"1851","","","","","","","","","","","","","","","","2420.946533203125","2420.946533203125","2420.946533203125"
"1852","","","","","","","","","","","","","","","","2051.640625","2051.640625","2051.640625"
"1853","","","","","","","","","","","","","","","","2842.84375","2842.84375","2842.84375"
"1854","","","","","","","","","","","","","","","","2871.354248046875","2871.354248046875","2871.354248046875"
"1855","","","","","","","","","","","","","","","","3540.892822265625","3540.892822265625","3540.892822265625"
"1856","","","","","","","","","","","","","","","","3466.333251953125","3466.333251953125","3466.333251953125"
"1857","","","","","","","","","","","","","","","","3545.3125","3545.3125","3545.3125"
"1858","","","","","","","","","","","","","","","","3316.03564453125","3316.03564453125","3316.03564453125"
"1859","","","","","","","","","","","","","","","","2965.1875","2965.1875","2965.1875"
"1860","","","","","","","","","","","","","","","","3229.4375","3229.4375","3229.4375"
"1861","","","","","","","","","","","","","","","","2843.53466796875","2843.53466796875","2843.53466796875"
"1862","","","","","","","","","","","","","","","","2501.203125","2501.203125","2501.203125"
"1863","","","","","","","","","","","","","","","","2463.208251953125","2463.208251953125","2463.208251953125"
"1864","","","","","","","","","","","","","","","","2463.699951171875","2463.699951171875","2463.699951171875"
"1865","","","","","","","","","","","","","","","","2338.34375","2338.34375","2338.34375"
"1866","","","","","","","","","","","","","","","","2513.93115234375","2513.93115234375","2513.93115234375"
"1867","","","","","","","","","","","","","","","","2943.44384765625","2943.44384765625","2943.44384765625"
"1868","","","","","","","","","","","","","","","","2772.96533203125","2772.96533203125","2772.96533203125"
"1869","","","","","","","","","","","","","","","","2978.58935546875","2978.58935546875","2978.58935546875"
"1870","","","","","","","","","","","","","","","","2108.994384765625","2108.994384765625","2108.994384765625"
"1871","","","","","","","","","","","","","","","","2572.21435546875","2572.21435546875","2572.21435546875"
"1872","","","","","","","","","","","","","","","","2694.755126953125","2694.755126953125","2694.755126953125"
"1873","","","","","","","","","","","","","","","","2974.013916015625","2974.013916015625","2974.013916015625"
"1874","","","","","","","","","","","","","","","","2718.941650390625","2718.941650390625","2718.941650390625"
"1875","","","","","","","","","","","","","","","","2749.510498046875","2749.510498046875","2749.510498046875"
"1876","","","","","","","","","","","","","","","","2169.5693359375","2169.5693359375","2169.5693359375"
"1877","","","","","","","","","","","","","","","","2534.987548828125","2534.987548828125","2534.987548828125"
"1878","","","","","","","","","","","","","","","","2999.55615234375","2999.55615234375","2999.55615234375"
"1879","","","","","","","","","","","","","","","","2342.942626953125","2342.942626953125","2342.942626953125"
"1880","","","","","","","","","","","","","","","","2630.895751953125","2630.895751953125","2630.895751953125"
"1881","","","","","","","","","","","","","","","","2807.65625","2807.65625","2807.65625"
"1882","","","","","","","","","","","","","","","","2466.28125","2466.28125","2466.28125"
"1883","","","","","","","","","","","","","","","","2598","2598","2598"
"1884","","","","","","","","","","","","","","","","2576.541748046875","2576.541748046875","2576.541748046875"
"1885","","","","","","","","","","","","","","","","2816.88134765625","2816.88134765625","2816.88134765625"
"1886","","","","","","","","","","","","","","","","2553.041748046875","2553.041748046875","2553.041748046875"
"1887","","","","","","","","","","","","","","","","2408.539794921875","2408.539794921875","2408.539794921875"