"Step","Name: On-policy-GRPO - rollout/avg_response_length","Name: On-policy-GRPO - rollout/avg_response_length__MIN","Name: On-policy-GRPO - rollout/avg_response_length__MAX","Name: On-policy-REINFORCE+Baseline - rollout/avg_response_length","Name: On-policy-REINFORCE+Baseline - rollout/avg_response_length__MIN","Name: On-policy-REINFORCE+Baseline - rollout/avg_response_length__MAX","Name: On-policy-POS+NEG - rollout/avg_response_length","Name: On-policy-POS+NEG - rollout/avg_response_length__MIN","Name: On-policy-POS+NEG - rollout/avg_response_length__MAX","Name: On-policy-SFT - rollout/avg_response_length","Name: On-policy-SFT - rollout/avg_response_length__MIN","Name: On-policy-SFT - rollout/avg_response_length__MAX"
"1","289.9375","289.9375","289.9375","289.9375","289.9375","289.9375","326.640625","325.984375","327.296875","334.0625","334.0625","334.0625"
"2","350.92498779296875","350.92498779296875","350.92498779296875","350.92498779296875","350.92498779296875","350.92498779296875","297.828125","284.171875","311.484375","356.5416564941406","356.5416564941406","356.5416564941406"
"3","291.2083435058594","291.2083435058594","291.2083435058594","283.5833435058594","283.5833435058594","283.5833435058594","288.7953186035156","279.26251220703125","298.328125","291.9375","291.9375","291.9375"
"4","337.7291564941406","337.7291564941406","337.7291564941406","338.45001220703125","338.45001220703125","338.45001220703125","381.3098907470703","364.421875","398.1979064941406","306.5714416503906","306.5714416503906","306.5714416503906"
"5","364.54998779296875","364.54998779296875","364.54998779296875","393.34375","393.34375","393.34375","339.86756896972656","335.8958435058594","343.83929443359375","332.25","332.25","332.25"
"6","324.3660583496094","324.3660583496094","324.3660583496094","334.5625","334.5625","334.5625","326.015625","320.875","331.15625","311.75","311.75","311.75"
"7","377.7321472167969","377.7321472167969","377.7321472167969","363.6953125","363.6953125","363.6953125","363.6953125","332.109375","395.28125","440.625","440.625","440.625"
"8","350.25","350.25","350.25","395.4821472167969","395.4821472167969","395.4821472167969","340.8020782470703","338.2916564941406","343.3125","327.5","327.5","327.5"
"9","366.703125","366.703125","366.703125","377.03125","377.03125","377.03125","412.5234375","351.75","473.296875","316.5625","316.5625","316.5625"
"10","287.42498779296875","287.42498779296875","287.42498779296875","335.0208435058594","335.0208435058594","335.0208435058594","334.859375","327.53125","342.1875","304.8125","304.8125","304.8125"
"11","333.796875","333.796875","333.796875","284.09375","284.09375","284.09375","366.6031188964844","360.28125","372.92498779296875","307","307","307"
"12","269.4166564941406","269.4166564941406","269.4166564941406","271.6875","271.6875","271.6875","330.921875","298.1875","363.65625","345.8500061035156","345.8500061035156","345.8500061035156"
"13","555.78125","555.78125","555.78125","372.53125","372.53125","372.53125","369.14552307128906","323.11248779296875","415.1785583496094","455.4750061035156","455.4750061035156","455.4750061035156"
"14","420.53125","420.53125","420.53125","391.8500061035156","391.8500061035156","391.8500061035156","321.2395782470703","314.875","327.6041564941406","294.2916564941406","294.2916564941406","294.2916564941406"
"15","364.5208435058594","364.5208435058594","364.5208435058594","313.17498779296875","313.17498779296875","313.17498779296875","408.8546905517578","361.1625061035156","456.546875","335.1666564941406","335.1666564941406","335.1666564941406"
"16","362.5178527832031","362.5178527832031","362.5178527832031","364.7250061035156","364.7250061035156","364.7250061035156","312.390625","269.515625","355.265625","278.0625","278.0625","278.0625"
"17","376.828125","376.828125","376.828125","352.11248779296875","352.11248779296875","352.11248779296875","436.9401092529297","365.609375","508.2708435058594","341.09375","341.09375","341.09375"
"18","403.2395935058594","403.2395935058594","403.2395935058594","353.4583435058594","353.4583435058594","353.4583435058594","371.35565185546875","340.3571472167969","402.3541564941406","307.0833435058594","307.0833435058594","307.0833435058594"
"19","332.234375","332.234375","332.234375","329.015625","329.015625","329.015625","417.2671203613281","391.1696472167969","443.3645935058594","238.25","238.25","238.25"
"20","356.40625","356.40625","356.40625","331.546875","331.546875","331.546875","310.5916748046875","302.5833435058594","318.6000061035156","300.1875","300.1875","300.1875"
"21","304.63751220703125","304.63751220703125","304.63751220703125","294.0874938964844","294.0874938964844","294.0874938964844","397.9839324951172","391.20001220703125","404.7678527832031","216.0625","216.0625","216.0625"
"22","289.1875","289.1875","289.1875","293.5208435058594","293.5208435058594","293.5208435058594","321.8385467529297","306.7708435058594","336.90625","306.25","306.25","306.25"
"23","348.5","348.5","348.5","398.20001220703125","398.20001220703125","398.20001220703125","480.0234375","411.0625","548.984375","329.5","329.5","329.5"
"24","327.9270935058594","327.9270935058594","327.9270935058594","357.3541564941406","357.3541564941406","357.3541564941406","327.9312438964844","320.75","335.11248779296875","269.5","269.5","269.5"
"25","462.3125","462.3125","462.3125","362.6875","362.6875","362.6875","394.9354248046875","386.1625061035156","403.7083435058594","297.875","297.875","297.875"
"26","411.875","411.875","411.875","383.34375","383.34375","383.34375","357.34375","356.3125","358.375","248.875","248.875","248.875"
"27","304.4479064941406","304.4479064941406","304.4479064941406","378.2749938964844","378.2749938964844","378.2749938964844","318.0208282470703","296.4791564941406","339.5625","266.4375","266.4375","266.4375"
"28","511.9270935058594","511.9270935058594","511.9270935058594","399.75","399.75","399.75","309.9812469482422","257.0625","362.8999938964844","241.625","241.625","241.625"
"29","423.484375","423.484375","423.484375","418.7291564941406","418.7291564941406","418.7291564941406","292.671875","286.375","298.96875","337.1458435058594","337.1458435058594","337.1458435058594"
"30","331.3125","331.3125","331.3125","403.984375","403.984375","403.984375","442.2749938964844","440.125","444.42498779296875","290.0208435058594","290.0208435058594","290.0208435058594"
"31","444.265625","444.265625","444.265625","605.2625122070312","605.2625122070312","605.2625122070312","488.8787384033203","376.0520935058594","601.7053833007812","229.1666717529297","229.1666717529297","229.1666717529297"
"32","375.46875","375.46875","375.46875","401.4791564941406","401.4791564941406","401.4791564941406","498.1197967529297","486.53125","509.7083435058594","306","306","306"
"33","313.875","313.875","313.875","330.2708435058594","330.2708435058594","330.2708435058594","372.5234375","262.375","482.671875","339.375","339.375","339.375"
"34","473.1499938964844","473.1499938964844","473.1499938964844","413.1625061035156","413.1625061035156","413.1625061035156","347.3812561035156","333.875","360.88751220703125","278.25","278.25","278.25"
"35","323.7875061035156","323.7875061035156","323.7875061035156","301.9375","301.9375","301.9375","480.3958435058594","402.75","558.0416870117188","493.375","493.375","493.375"
"36","278.0625","278.0625","278.0625","302.65625","302.65625","302.65625","439.9546813964844","404.36248779296875","475.546875","296.4166564941406","296.4166564941406","296.4166564941406"
"37","400.8999938964844","400.8999938964844","400.8999938964844","292.8125","292.8125","292.8125","427.0885467529297","424.84375","429.3333435058594","303.9166564941406","303.9166564941406","303.9166564941406"
"38","631.53125","631.53125","631.53125","390.26251220703125","390.26251220703125","390.26251220703125","455.4791564941406","362.3125","548.6458129882812","298.0833435058594","298.0833435058594","298.0833435058594"
"39","418.9453125","418.9453125","418.9453125","327.4609375","327.4609375","327.4609375","471.0416717529297","445.125","496.9583435058594","291.54998779296875","291.54998779296875","291.54998779296875"
"40","441.875","441.875","441.875","412.6428527832031","412.6428527832031","412.6428527832031","453.6312561035156","342.5625","564.7000122070312","236.9166717529297","236.9166717529297","236.9166717529297"
"41","395.53125","395.53125","395.53125","274.9166564941406","274.9166564941406","274.9166564941406","501.1796875","378.609375","623.75","233.84375","233.84375","233.84375"
"42","424","424","424","368.9270935058594","368.9270935058594","368.9270935058594","615.7937622070312","545.6875","685.9000244140625","284.4166564941406","284.4166564941406","284.4166564941406"
"43","288.53125","288.53125","288.53125","297.96875","297.96875","297.96875","545.0390625","473.609375","616.46875","278.0416564941406","278.0416564941406","278.0416564941406"
"44","334.875","334.875","334.875","266.25","266.25","266.25","496.7161560058594","460.578125","532.8541870117188","264.1666564941406","264.1666564941406","264.1666564941406"
"45","370.1458435058594","370.1458435058594","370.1458435058594","372.1875","372.1875","372.1875","526.2552032470703","304.6354064941406","747.875","264.5","264.5","264.5"
"46","463","463","463","526.5499877929688","526.5499877929688","526.5499877929688","334.09375","317.8125","350.375","291.0416564941406","291.0416564941406","291.0416564941406"
"47","327.3214416503906","327.3214416503906","327.3214416503906","342.66070556640625","342.66070556640625","342.66070556640625","355.00892639160156","308.625","401.3928527832031","235.0833282470703","235.0833282470703","235.0833282470703"
"48","234.28125","234.28125","234.28125","393.5208435058594","393.5208435058594","393.5208435058594","553.6979064941406","540.1875","567.2083129882812","230.3125","230.3125","230.3125"
"49","368.0803527832031","368.0803527832031","368.0803527832031","314.2916564941406","314.2916564941406","314.2916564941406","487.1812438964844","443.25","531.1124877929688","269.96875","269.96875","269.96875"
"50","295.46875","295.46875","295.46875","280.625","280.625","280.625","439.4895782470703","322.7291564941406","556.25","268.15625","268.15625","268.15625"
"51","522.6517944335938","522.6517944335938","522.6517944335938","489.5208435058594","489.5208435058594","489.5208435058594","608.7552185058594","380.6875","836.8229370117188","282.0714416503906","282.0714416503906","282.0714416503906"
"52","332.11248779296875","332.11248779296875","332.11248779296875","353.1499938964844","353.1499938964844","353.1499938964844","435.86248779296875","317.5","554.2249755859375","277.75","277.75","277.75"
"53","459.6625061035156","459.6625061035156","459.6625061035156","381.63751220703125","381.63751220703125","381.63751220703125","379.296875","324.5625","434.03125","286.22222900390625","286.22222900390625","286.22222900390625"
"54","343.2291564941406","343.2291564941406","343.2291564941406","311.5625","311.5625","311.5625","549.0052185058594","541.96875","556.0416870117188","254.75","254.75","254.75"
"55","393.5","393.5","393.5","258.65625","258.65625","258.65625","658.176025390625","638.9895629882812","677.3624877929688","273.7083435058594","273.7083435058594","273.7083435058594"
"56","527.765625","527.765625","527.765625","324.5208435058594","324.5208435058594","324.5208435058594","513.5226440429688","447.8203125","579.2249755859375","260","260","260"
"57","401.07501220703125","401.07501220703125","401.07501220703125","336.13751220703125","336.13751220703125","336.13751220703125","520.9464263916016","499.7410583496094","542.1517944335938","244.71875","244.71875","244.71875"
"58","459.5069580078125","459.5069580078125","459.5069580078125","382.9305419921875","382.9305419921875","382.9305419921875","510.6979217529297","481.9583435058594","539.4375","224.875","224.875","224.875"
"59","506.77679443359375","506.77679443359375","506.77679443359375","331.78570556640625","331.78570556640625","331.78570556640625","535.3645935058594","486.8125","583.9166870117188","261.5","261.5","261.5"
"60","466.8541564941406","466.8541564941406","466.8541564941406","421.9375","421.9375","421.9375","566.1067810058594","308.921875","823.2916870117188","203.2142791748047","203.2142791748047","203.2142791748047"
"61","514.9791870117188","514.9791870117188","514.9791870117188","589.0374755859375","589.0374755859375","589.0374755859375","546.6849060058594","530.2916870117188","563.078125","228.015625","228.015625","228.015625"
"62","358.875","358.875","358.875","339.28125","339.28125","339.28125","527.9562683105469","372.63751220703125","683.2750244140625","241.875","241.875","241.875"
"63","422.7604064941406","422.7604064941406","422.7604064941406","318.2083435058594","318.2083435058594","318.2083435058594","718.15625","587.4375","848.875","298.3125","298.3125","298.3125"
"64","493.4791564941406","493.4791564941406","493.4791564941406","304.9895935058594","304.9895935058594","304.9895935058594","471.8125","438.5","505.125","227.75","227.75","227.75"
"65","402.51251220703125","402.51251220703125","402.51251220703125","376.0562438964844","376.0562438964844","376.0562438964844","689.40625","491.96875","886.84375","264","264","264"
"66","486.84375","486.84375","486.84375","449.28125","449.28125","449.28125","650.5833129882812","548.2083129882812","752.9583129882812","257.2321472167969","257.2321472167969","257.2321472167969"
"67","492.9583435058594","492.9583435058594","492.9583435058594","429.2708435058594","429.2708435058594","429.2708435058594","476.4776916503906","388.3125","564.6428833007812","220.5749969482422","220.5749969482422","220.5749969482422"
"68","581.2916870117188","581.2916870117188","581.2916870117188","553.2708129882812","553.2708129882812","553.2708129882812","760.7752990722656","655.9166870117188","865.6339111328125","224.6999969482422","224.6999969482422","224.6999969482422"
"69","447","447","447","552.8499755859375","552.8499755859375","552.8499755859375","830.8010559082031","555.8020629882812","1105.800048828125","196.5","196.5","196.5"
"70","664.7890625","664.7890625","664.7890625","541.6964111328125","541.6964111328125","541.6964111328125","1146.7770690917969","580.7916870117188","1712.762451171875","231.6750030517578","231.6750030517578","231.6750030517578"
"71","555.640625","555.640625","555.640625","382.125","382.125","382.125","643.7609252929688","629.1624755859375","658.359375","215.875","215.875","215.875"
"72","374.4375","374.4375","374.4375","286.59375","286.59375","286.59375","562.2093811035156","519.03125","605.3875122070312","208.21875","208.21875","208.21875"
"73","668.8958129882812","668.8958129882812","668.8958129882812","482.6499938964844","482.6499938964844","482.6499938964844","726.51953125","660.75","792.2890625","243.9375","243.9375","243.9375"
"74","619.0374755859375","619.0374755859375","619.0374755859375","439.1339416503906","439.1339416503906","439.1339416503906","721.3385314941406","593.1145629882812","849.5625","218.7857208251953","218.7857208251953","218.7857208251953"
"75","506.5249938964844","506.5249938964844","506.5249938964844","483.5625","483.5625","483.5625","519.6531372070312","347.46875","691.8375244140625","239.375","239.375","239.375"
"76","445.7083435058594","445.7083435058594","445.7083435058594","700.4375","700.4375","700.4375","726.03125","580.09375","871.96875","287.2916564941406","287.2916564941406","287.2916564941406"
"77","633.9821166992188","633.9821166992188","633.9821166992188","529.6696166992188","529.6696166992188","529.6696166992188","454.6729278564453","438.9583435058594","470.38751220703125","223.6666717529297","223.6666717529297","223.6666717529297"
"78","467.3680419921875","467.3680419921875","467.3680419921875","416.6180419921875","416.6180419921875","416.6180419921875","865.890625","717.90625","1013.875","204.5","204.5","204.5"
"79","451.16070556640625","451.16070556640625","451.16070556640625","396.6770935058594","396.6770935058594","396.6770935058594","639.328125","435.40625","843.25","220.80357360839844","220.80357360839844","220.80357360839844"
"80","531.5750122070312","531.5750122070312","531.5750122070312","343.8125","343.8125","343.8125","974.0182342529297","401.9583435058594","1546.078125","252.375","252.375","252.375"
"81","427.8541564941406","427.8541564941406","427.8541564941406","499.484375","499.484375","499.484375","892.3567810058594","846.4479370117188","938.265625","291","291","291"
"82","414.6041564941406","414.6041564941406","414.6041564941406","382.6015625","382.6015625","382.6015625","947.1049194335938","651.65625","1242.5535888671875","213.4791717529297","213.4791717529297","213.4791717529297"
"83","577.3125","577.3125","577.3125","515.1015625","515.1015625","515.1015625","1187.624267578125","893.8214111328125","1481.4271240234375","242.375","242.375","242.375"
"84","660.6312255859375","660.6312255859375","660.6312255859375","477.4166564941406","477.4166564941406","477.4166564941406","1068.2566833496094","847.6071166992188","1288.90625","194.84091186523438","194.84091186523438","194.84091186523438"
"85","464.546875","464.546875","464.546875","418.390625","418.390625","418.390625","712.6067810058594","619.203125","806.0104370117188","188.7291717529297","188.7291717529297","188.7291717529297"
"86","550.5625","550.5625","550.5625","515.875","515.875","515.875","714.5249938964844","512.75","916.2999877929688","215.80682373046875","215.80682373046875","215.80682373046875"
"87","606.3035888671875","606.3035888671875","606.3035888671875","388.8854064941406","388.8854064941406","388.8854064941406","1292.8393249511719","593.7678833007812","1991.9107666015625","218.6750030517578","218.6750030517578","218.6750030517578"
"88","471.7083435058594","471.7083435058594","471.7083435058594","537.75","537.75","537.75","1315.2320556640625","978.1015625","1652.362548828125","211.3333282470703","211.3333282470703","211.3333282470703"
"89","557.4791870117188","557.4791870117188","557.4791870117188","481.15625","481.15625","481.15625","1641.9453125","979.25","2304.640625","247.4583282470703","247.4583282470703","247.4583282470703"
"90","1004.4196166992188","1004.4196166992188","1004.4196166992188","903.2767944335938","903.2767944335938","903.2767944335938","1353.3270263671875","1118.109375","1588.544677734375","147.875","147.875","147.875"
"91","651.359375","651.359375","651.359375","608.90625","608.90625","608.90625","1035.0160827636719","449.79998779296875","1620.232177734375","207.421875","207.421875","207.421875"
"92","899.9375","899.9375","899.9375","708.375","708.375","708.375","1298.5963745117188","1184.265625","1412.9271240234375","202.3541717529297","202.3541717529297","202.3541717529297"
"93","578.40625","578.40625","578.40625","406.71875","406.71875","406.71875","1068.4330444335938","712.5535888671875","1424.3125","194.28125","194.28125","194.28125"
"94","550.9749755859375","550.9749755859375","550.9749755859375","388.5","388.5","388.5","1698.4905090332031","966.2857055664062","2430.6953125","258.75","258.75","258.75"
"95","527.6696166992188","527.6696166992188","527.6696166992188","554.3020629882812","554.3020629882812","554.3020629882812","1241.1322937011719","866.0520629882812","1616.2125244140625","178","178","178"
"96","407.88751220703125","407.88751220703125","407.88751220703125","728.9583129882812","728.9583129882812","728.9583129882812","1402.1845703125","1049.1607666015625","1755.2083740234375","178.0625","178.0625","178.0625"
"97","775.8937377929688","775.8937377929688","775.8937377929688","722.076416015625","722.076416015625","722.076416015625","878.8671875","843.5625","914.171875","231.171875","231.171875","231.171875"
"98","455.0178527832031","455.0178527832031","455.0178527832031","365.7321472167969","365.7321472167969","365.7321472167969","1152.3895568847656","847.2999877929688","1457.4791259765625","214.3125","214.3125","214.3125"
"99","551.5","551.5","551.5","795.1749877929688","795.1749877929688","795.1749877929688","899.6354064941406","827.4583129882812","971.8125","203.75","203.75","203.75"
"100","583.7562255859375","583.7562255859375","583.7562255859375","569.9791870117188","569.9791870117188","569.9791870117188","671.5625","671.5625","671.5625","193.25","193.25","193.25"
"101","431.5","431.5","431.5","691.6500244140625","691.6500244140625","691.6500244140625","760.5902709960938","760.5902709960938","760.5902709960938","220.25","220.25","220.25"
"102","516.875","516.875","516.875","529.1875","529.1875","529.1875","732.9500122070312","732.9500122070312","732.9500122070312","193.078125","193.078125","193.078125"
"103","359.29998779296875","359.29998779296875","359.29998779296875","625.75","625.75","625.75","861.546875","861.546875","861.546875","228.25","228.25","228.25"
"104","708.25","708.25","708.25","817.109375","817.109375","817.109375","1226.9375","1226.9375","1226.9375","204.5","204.5","204.5"
"105","507.421875","507.421875","507.421875","606.4166870117188","606.4166870117188","606.4166870117188","1091.1041259765625","1091.1041259765625","1091.1041259765625","190.92857360839844","190.92857360839844","190.92857360839844"
"106","411.4375","411.4375","411.4375","772.4097290039062","772.4097290039062","772.4097290039062","1004.40625","1004.40625","1004.40625","191.85000610351562","191.85000610351562","191.85000610351562"
"107","618","618","618","1172.300048828125","1172.300048828125","1172.300048828125","692.1875","692.1875","692.1875","193.15625","193.15625","193.15625"
"108","647.7312622070312","647.7312622070312","647.7312622070312","660.6624755859375","660.6624755859375","660.6624755859375","709.1500244140625","709.1500244140625","709.1500244140625","181.5416717529297","181.5416717529297","181.5416717529297"
"109","407.28570556640625","407.28570556640625","407.28570556640625","774.3035888671875","774.3035888671875","774.3035888671875","857.90625","857.90625","857.90625","186.5","186.5","186.5"
"110","510.1339416503906","510.1339416503906","510.1339416503906","627.4375","627.4375","627.4375","1707.9375","1707.9375","1707.9375","178","178","178"
"111","630.65625","630.65625","630.65625","804.9140625","804.9140625","804.9140625","779.3624877929688","779.3624877929688","779.3624877929688","192.75","192.75","192.75"
"112","812.0982055664062","812.0982055664062","812.0982055664062","779.5520629882812","779.5520629882812","779.5520629882812","845.4107055664062","845.4107055664062","845.4107055664062","215.5","215.5","215.5"
"113","551.828125","551.828125","551.828125","511.3571472167969","511.3571472167969","511.3571472167969","1007.75","1007.75","1007.75","188.4166717529297","188.4166717529297","188.4166717529297"
"114","587.7937622070312","587.7937622070312","587.7937622070312","691.6761474609375","691.6761474609375","691.6761474609375","1177.6805419921875","1177.6805419921875","1177.6805419921875","172.39285278320312","172.39285278320312","172.39285278320312"
"115","876.4270629882812","876.4270629882812","876.4270629882812","677.2750244140625","677.2750244140625","677.2750244140625","928.4821166992188","928.4821166992188","928.4821166992188","200.25","200.25","200.25"
"116","721.8333129882812","721.8333129882812","721.8333129882812","1074.893798828125","1074.893798828125","1074.893798828125","669.1124877929688","669.1124877929688","669.1124877929688","186.625","186.625","186.625"
"117","557.84375","557.84375","557.84375","774.4249877929688","774.4249877929688","774.4249877929688","768.2083129882812","768.2083129882812","768.2083129882812","176.65625","176.65625","176.65625"
"118","688.1145629882812","688.1145629882812","688.1145629882812","725.6875","725.6875","725.6875","821.3125","821.3125","821.3125","179.8125","179.8125","179.8125"
"119","503.5729064941406","503.5729064941406","503.5729064941406","419.32501220703125","419.32501220703125","419.32501220703125","1122.0625","1122.0625","1122.0625","198.4204559326172","198.4204559326172","198.4204559326172"
"120","469.0694580078125","469.0694580078125","469.0694580078125","922.2708129882812","922.2708129882812","922.2708129882812","581.5729370117188","581.5729370117188","581.5729370117188","185.4375","185.4375","185.4375"
"121","476.9166564941406","476.9166564941406","476.9166564941406","586.3020629882812","586.3020629882812","586.3020629882812","970.5","970.5","970.5","176.0833282470703","176.0833282470703","176.0833282470703"
"122","492.3863525390625","492.3863525390625","492.3863525390625","559.1339111328125","559.1339111328125","559.1339111328125","1076.732177734375","1076.732177734375","1076.732177734375","177.17857360839844","177.17857360839844","177.17857360839844"
"123","500.7734375","500.7734375","500.7734375","401.375","401.375","401.375","1035.4375","1035.4375","1035.4375","223.75","223.75","223.75"
"124","479.6875","479.6875","479.6875","734.9285888671875","734.9285888671875","734.9285888671875","792.6979370117188","792.6979370117188","792.6979370117188","169.8125","169.8125","169.8125"
"125","624.5833129882812","624.5833129882812","624.5833129882812","927.0703125","927.0703125","927.0703125","1258.1875","1258.1875","1258.1875","165.875","165.875","165.875"
"126","407.8500061035156","407.8500061035156","407.8500061035156","587.3020629882812","587.3020629882812","587.3020629882812","1182.5625","1182.5625","1182.5625","136.3249969482422","136.3249969482422","136.3249969482422"
"127","507.0687561035156","507.0687561035156","507.0687561035156","588.3125","588.3125","588.3125","861.390625","861.390625","861.390625","198.32142639160156","198.32142639160156","198.32142639160156"
"128","356.0874938964844","356.0874938964844","356.0874938964844","586.5","586.5","586.5","1163.96875","1163.96875","1163.96875","196.5","196.5","196.5"
"129","540.3187255859375","540.3187255859375","540.3187255859375","699.4821166992188","699.4821166992188","699.4821166992188","1489.6187744140625","1489.6187744140625","1489.6187744140625","246.7916717529297","246.7916717529297","246.7916717529297"
"130","788.3203125","788.3203125","788.3203125","568.8250122070312","568.8250122070312","568.8250122070312","1104.8958740234375","1104.8958740234375","1104.8958740234375","173.10714721679688","173.10714721679688","173.10714721679688"
"131","614.0416870117188","614.0416870117188","614.0416870117188","801.0104370117188","801.0104370117188","801.0104370117188","1328.580322265625","1328.580322265625","1328.580322265625","179.4499969482422","179.4499969482422","179.4499969482422"
"132","494.1484375","494.1484375","494.1484375","655.59375","655.59375","655.59375","978.8303833007812","978.8303833007812","978.8303833007812","142.85000610351562","142.85000610351562","142.85000610351562"
"133","597.75","597.75","597.75","757.78125","757.78125","757.78125","1573.3812255859375","1573.3812255859375","1573.3812255859375","158.76388549804688","158.76388549804688","158.76388549804688"
"134","613.7946166992188","613.7946166992188","613.7946166992188","842.5374755859375","842.5374755859375","842.5374755859375","1561.625","1561.625","1561.625","195","195","195"
"135","405.5234375","405.5234375","405.5234375","910.25","910.25","910.25","1567.0833740234375","1567.0833740234375","1567.0833740234375","155.375","155.375","155.375"
"136","705.890625","705.890625","705.890625","705.9765625","705.9765625","705.9765625","1074.1160888671875","1074.1160888671875","1074.1160888671875","156.609375","156.609375","156.609375"
"137","481.0486145019531","481.0486145019531","481.0486145019531","534.4000244140625","534.4000244140625","534.4000244140625","747.8499755859375","747.8499755859375","747.8499755859375","134.625","134.625","134.625"
"138","317.875","317.875","317.875","361.5208435058594","361.5208435058594","361.5208435058594","1245.125","1245.125","1245.125","162.6458282470703","162.6458282470703","162.6458282470703"
"139","398.55682373046875","398.55682373046875","398.55682373046875","489.86248779296875","489.86248779296875","489.86248779296875","1844.609375","1844.609375","1844.609375","133.40625","133.40625","133.40625"
"140","622.2083129882812","622.2083129882812","622.2083129882812","772.2857055664062","772.2857055664062","772.2857055664062","1779.15625","1779.15625","1779.15625","147.90625","147.90625","147.90625"
"141","570.1634521484375","570.1634521484375","570.1634521484375","868.7874755859375","868.7874755859375","868.7874755859375","1022.6428833007812","1022.6428833007812","1022.6428833007812","149.75","149.75","149.75"
"142","597.8839111328125","597.8839111328125","597.8839111328125","1116.6146240234375","1116.6146240234375","1116.6146240234375","974.21875","974.21875","974.21875","138.25","138.25","138.25"
"143","357.75","357.75","357.75","590.7421875","590.7421875","590.7421875","1156.28125","1156.28125","1156.28125","138.97500610351562","138.97500610351562","138.97500610351562"
"144","443.96429443359375","443.96429443359375","443.96429443359375","601.6875","601.6875","601.6875","944.8402709960938","944.8402709960938","944.8402709960938","187.125","187.125","187.125"
"145","630.7109375","630.7109375","630.7109375","698.8295288085938","698.8295288085938","698.8295288085938","1691.90625","1691.90625","1691.90625","152.625","152.625","152.625"
"146","400.9375","400.9375","400.9375","642.7890625","642.7890625","642.7890625","1756.984375","1756.984375","1756.984375","140.60000610351562","140.60000610351562","140.60000610351562"
"147","343.16070556640625","343.16070556640625","343.16070556640625","519.8482055664062","519.8482055664062","519.8482055664062","1085.392822265625","1085.392822265625","1085.392822265625","142.90625","142.90625","142.90625"
"148","480.3500061035156","480.3500061035156","480.3500061035156","770.71875","770.71875","770.71875","1261.4375","1261.4375","1261.4375","140.4375","140.4375","140.4375"
"149","547.3303833007812","547.3303833007812","547.3303833007812","1008.46875","1008.46875","1008.46875","842.4270629882812","842.4270629882812","842.4270629882812","137.375","137.375","137.375"
"150","658.1875","658.1875","658.1875","749.2265625","749.2265625","749.2265625","990.5520629882812","990.5520629882812","990.5520629882812","119.0250015258789","119.0250015258789","119.0250015258789"
"151","1031.425048828125","1031.425048828125","1031.425048828125","1243.78125","1243.78125","1243.78125","1042.421875","1042.421875","1042.421875","146.8125","146.8125","146.8125"
"152","651.15625","651.15625","651.15625","968.9464111328125","968.9464111328125","968.9464111328125","1682.8853759765625","1682.8853759765625","1682.8853759765625","128.1666717529297","128.1666717529297","128.1666717529297"
"153","396.2053527832031","396.2053527832031","396.2053527832031","529.40625","529.40625","529.40625","1464.199951171875","1464.199951171875","1464.199951171875","151.75","151.75","151.75"
"154","705.53125","705.53125","705.53125","676","676","676","1523.637451171875","1523.637451171875","1523.637451171875","130.21249389648438","130.21249389648438","130.21249389648438"
"155","579.1640625","579.1640625","579.1640625","834.3194580078125","834.3194580078125","834.3194580078125","1424.737548828125","1424.737548828125","1424.737548828125","124.42500305175781","124.42500305175781","124.42500305175781"
"156","483.8035583496094","483.8035583496094","483.8035583496094","525.875","525.875","525.875","1187.5103759765625","1187.5103759765625","1187.5103759765625","159.5","159.5","159.5"
"157","527.7265625","527.7265625","527.7265625","635.0833129882812","635.0833129882812","635.0833129882812","1812.955322265625","1812.955322265625","1812.955322265625","109.0625","109.0625","109.0625"
"158","478.5833435058594","478.5833435058594","478.5833435058594","715.7374877929688","715.7374877929688","715.7374877929688","1378.1796875","1378.1796875","1378.1796875","129.5892791748047","129.5892791748047","129.5892791748047"
"159","426.6111145019531","426.6111145019531","426.6111145019531","895.227294921875","895.227294921875","895.227294921875","1220.03125","1220.03125","1220.03125","131.5833282470703","131.5833282470703","131.5833282470703"
"160","525.2841186523438","525.2841186523438","525.2841186523438","739.21875","739.21875","739.21875","1525.828125","1525.828125","1525.828125","134.625","134.625","134.625"
"161","623.84375","623.84375","623.84375","784.0078125","784.0078125","784.0078125","994.4375","994.4375","994.4375","159.375","159.375","159.375"
"162","399.21875","399.21875","399.21875","673.5625","673.5625","673.5625","1136.169677734375","1136.169677734375","1136.169677734375","99.125","99.125","99.125"
"163","455.40625","455.40625","455.40625","540.0625","540.0625","540.0625","825.6171875","825.6171875","825.6171875","102.04166412353516","102.04166412353516","102.04166412353516"
"164","726.9375","726.9375","726.9375","1012.34375","1012.34375","1012.34375","1373.637451171875","1373.637451171875","1373.637451171875","126.58928680419922","126.58928680419922","126.58928680419922"
"165","585.5446166992188","585.5446166992188","585.5446166992188","729.7937622070312","729.7937622070312","729.7937622070312","1627.9375","1627.9375","1627.9375","113.8499984741211","113.8499984741211","113.8499984741211"
"166","551.8571166992188","551.8571166992188","551.8571166992188","799.0267944335938","799.0267944335938","799.0267944335938","1401.5694580078125","1401.5694580078125","1401.5694580078125","120.875","120.875","120.875"
"167","818.0625","818.0625","818.0625","610.0416870117188","610.0416870117188","610.0416870117188","1230.7916259765625","1230.7916259765625","1230.7916259765625","122.73213958740234","122.73213958740234","122.73213958740234"
"168","859.1484375","859.1484375","859.1484375","841.2678833007812","841.2678833007812","841.2678833007812","2043.203125","2043.203125","2043.203125","111.4375","111.4375","111.4375"
"169","911.8125","911.8125","911.8125","888.390625","888.390625","888.390625","1371.3958740234375","1371.3958740234375","1371.3958740234375","118.5","118.5","118.5"
"170","849.4375","849.4375","849.4375","816.6328125","816.6328125","816.6328125","998.0703125","998.0703125","998.0703125","110.69999694824219","110.69999694824219","110.69999694824219"
"171","732.1041870117188","732.1041870117188","732.1041870117188","616.5625","616.5625","616.5625","1462.9322509765625","1462.9322509765625","1462.9322509765625","98.94642639160156","98.94642639160156","98.94642639160156"
"172","1038.8214111328125","1038.8214111328125","1038.8214111328125","804.1749877929688","804.1749877929688","804.1749877929688","1399.5078125","1399.5078125","1399.5078125","125.1875","125.1875","125.1875"
"173","797.0170288085938","797.0170288085938","797.0170288085938","673.835205078125","673.835205078125","673.835205078125","1517.699951171875","1517.699951171875","1517.699951171875","118.54166412353516","118.54166412353516","118.54166412353516"
"174","887.9437255859375","887.9437255859375","887.9437255859375","1066.893798828125","1066.893798828125","1066.893798828125","938.7916870117188","938.7916870117188","938.7916870117188","133","133","133"
"175","857.5833129882812","857.5833129882812","857.5833129882812","541.625","541.625","541.625","1887.734375","1887.734375","1887.734375","106.10713958740234","106.10713958740234","106.10713958740234"
"176","1053.9583740234375","1053.9583740234375","1053.9583740234375","878.0972290039062","878.0972290039062","878.0972290039062","1534.40625","1534.40625","1534.40625","103.04166412353516","103.04166412353516","103.04166412353516"
"177","723.9375","723.9375","723.9375","637.5859375","637.5859375","637.5859375","1846.578125","1846.578125","1846.578125","101.5","101.5","101.5"
"178","782.2562255859375","782.2562255859375","782.2562255859375","628.703125","628.703125","628.703125","1281.59375","1281.59375","1281.59375","98.8125","98.8125","98.8125"
"179","898.4812622070312","898.4812622070312","898.4812622070312","697.59375","697.59375","697.59375","1310.4000244140625","1310.4000244140625","1310.4000244140625","101.28571319580078","101.28571319580078","101.28571319580078"
"180","870.1458129882812","870.1458129882812","870.1458129882812","739.8250122070312","739.8250122070312","739.8250122070312","1584.6875","1584.6875","1584.6875","99.9375","99.9375","99.9375"
"181","917.8073120117188","917.8073120117188","917.8073120117188","1072.5885009765625","1072.5885009765625","1072.5885009765625","1872.9124755859375","1872.9124755859375","1872.9124755859375","106.0625","106.0625","106.0625"
"182","756.0240478515625","756.0240478515625","756.0240478515625","564.9791870117188","564.9791870117188","564.9791870117188","996.46875","996.46875","996.46875","118.44999694824219","118.44999694824219","118.44999694824219"
"183","551.2678833007812","551.2678833007812","551.2678833007812","493.1428527832031","493.1428527832031","493.1428527832031","1773.640625","1773.640625","1773.640625","79.13888549804688","79.13888549804688","79.13888549804688"
"184","936.078125","936.078125","936.078125","713.25","713.25","713.25","1047.97216796875","1047.97216796875","1047.97216796875","97.83333587646484","97.83333587646484","97.83333587646484"
"185","1326.8499755859375","1326.8499755859375","1326.8499755859375","1471.7874755859375","1471.7874755859375","1471.7874755859375","1697.9910888671875","1697.9910888671875","1697.9910888671875","97.66666412353516","97.66666412353516","97.66666412353516"
"186","995.2556762695312","995.2556762695312","995.2556762695312","672.7222290039062","672.7222290039062","672.7222290039062","1711.6875","1711.6875","1711.6875","105.05357360839844","105.05357360839844","105.05357360839844"
"187","887.3515625","887.3515625","887.3515625","1056.642822265625","1056.642822265625","1056.642822265625","1422.75","1422.75","1422.75","107.625","107.625","107.625"
"188","775.7291870117188","775.7291870117188","775.7291870117188","494.41070556640625","494.41070556640625","494.41070556640625","1310.6339111328125","1310.6339111328125","1310.6339111328125","117.85713958740234","117.85713958740234","117.85713958740234"
"189","741.6696166992188","741.6696166992188","741.6696166992188","703.4583129882812","703.4583129882812","703.4583129882812","900.28125","900.28125","900.28125","67.21875","67.21875","67.21875"
"190","550.8660888671875","550.8660888671875","550.8660888671875","367.40625","367.40625","367.40625","1322.046875","1322.046875","1322.046875","60.375","60.375","60.375"
"191","1116.875","1116.875","1116.875","799.4791870117188","799.4791870117188","799.4791870117188","1220.4375","1220.4375","1220.4375","98.03125","98.03125","98.03125"
"192","742.0625","742.0625","742.0625","682.0250244140625","682.0250244140625","682.0250244140625","1391.357177734375","1391.357177734375","1391.357177734375","98.59375","98.59375","98.59375"
"193","761.9444580078125","761.9444580078125","761.9444580078125","704.8828125","704.8828125","704.8828125","1025.3125","1025.3125","1025.3125","97.4000015258789","97.4000015258789","97.4000015258789"
"194","676.9583129882812","676.9583129882812","676.9583129882812","518.5833129882812","518.5833129882812","518.5833129882812","1582.425048828125","1582.425048828125","1582.425048828125","75.875","75.875","75.875"
"195","874.951904296875","874.951904296875","874.951904296875","766.2548217773438","766.2548217773438","766.2548217773438","1289.262451171875","1289.262451171875","1289.262451171875","80.67500305175781","80.67500305175781","80.67500305175781"
"196","684.8068237304688","684.8068237304688","684.8068237304688","544.9500122070312","544.9500122070312","544.9500122070312","987.9749755859375","987.9749755859375","987.9749755859375","120.4749984741211","120.4749984741211","120.4749984741211"
"197","570.1527709960938","570.1527709960938","570.1527709960938","628.6517944335938","628.6517944335938","628.6517944335938","1386.5714111328125","1386.5714111328125","1386.5714111328125","80.5999984741211","80.5999984741211","80.5999984741211"
"198","882.3055419921875","882.3055419921875","882.3055419921875","807.7249755859375","807.7249755859375","807.7249755859375","1762.3660888671875","1762.3660888671875","1762.3660888671875","78.60416412353516","78.60416412353516","78.60416412353516"
"199","734.5885620117188","734.5885620117188","734.5885620117188","561.1354370117188","561.1354370117188","561.1354370117188","1246.3499755859375","1246.3499755859375","1246.3499755859375","70.015625","70.015625","70.015625"
"200","722.1597290039062","722.1597290039062","722.1597290039062","642.6071166992188","642.6071166992188","642.6071166992188","1567.539794921875","1567.539794921875","1567.539794921875","88.34375","88.34375","88.34375"
"201","577.6015625","577.6015625","577.6015625","651.2734375","651.2734375","651.2734375","1014.9874877929688","1014.9874877929688","1014.9874877929688","67.09375","67.09375","67.09375"
"202","702.25","702.25","702.25","808.4652709960938","808.4652709960938","808.4652709960938","1311.0416259765625","1311.0416259765625","1311.0416259765625","83.28408813476562","83.28408813476562","83.28408813476562"
"203","878.6484375","878.6484375","878.6484375","934.2708129882812","934.2708129882812","934.2708129882812","1293.625","1293.625","1293.625","74.59375","74.59375","74.59375"
"204","735.3472290039062","735.3472290039062","735.3472290039062","673.5694580078125","673.5694580078125","673.5694580078125","1610.25","1610.25","1610.25","83.6875","83.6875","83.6875"
"205","767.546875","767.546875","767.546875","562.6145629882812","562.6145629882812","562.6145629882812","1630.7857666015625","1630.7857666015625","1630.7857666015625","80.91071319580078","80.91071319580078","80.91071319580078"
"206","700.40625","700.40625","700.40625","851.5902709960938","851.5902709960938","851.5902709960938","1636.2265625","1636.2265625","1636.2265625","64.8499984741211","64.8499984741211","64.8499984741211"
"207","590.25","590.25","590.25","713.5","713.5","713.5","1639.5069580078125","1639.5069580078125","1639.5069580078125","75.765625","75.765625","75.765625"
"208","944.2430419921875","944.2430419921875","944.2430419921875","918.4821166992188","918.4821166992188","918.4821166992188","1364.84375","1364.84375","1364.84375","67.0374984741211","67.0374984741211","67.0374984741211"
"209","793.390625","793.390625","793.390625","1110.75","1110.75","1110.75","1358.0728759765625","1358.0728759765625","1358.0728759765625","66.53571319580078","66.53571319580078","66.53571319580078"
"210","855.5208129882812","855.5208129882812","855.5208129882812","849.2708129882812","849.2708129882812","849.2708129882812","1765.4749755859375","1765.4749755859375","1765.4749755859375","67.19999694824219","67.19999694824219","67.19999694824219"
"211","685.9625244140625","685.9625244140625","685.9625244140625","842.8958129882812","842.8958129882812","842.8958129882812","1153.550048828125","1153.550048828125","1153.550048828125","90.78125","90.78125","90.78125"
"212","586.84375","586.84375","586.84375","584.28125","584.28125","584.28125","1095.3482666015625","1095.3482666015625","1095.3482666015625","73.92500305175781","73.92500305175781","73.92500305175781"
"213","686.4895629882812","686.4895629882812","686.4895629882812","1059.8392333984375","1059.8392333984375","1059.8392333984375","1269.0625","1269.0625","1269.0625","79.83333587646484","79.83333587646484","79.83333587646484"
"214","891.8819580078125","891.8819580078125","891.8819580078125","638.1171875","638.1171875","638.1171875","1125.767822265625","1125.767822265625","1125.767822265625","71.64286041259766","71.64286041259766","71.64286041259766"
"215","817.7109375","817.7109375","817.7109375","1182.03125","1182.03125","1182.03125","1419.2232666015625","1419.2232666015625","1419.2232666015625","76.5","76.5","76.5"
"216","813.6312255859375","813.6312255859375","813.6312255859375","635.2625122070312","635.2625122070312","635.2625122070312","1195.0267333984375","1195.0267333984375","1195.0267333984375","69.1875","69.1875","69.1875"
"217","860.1696166992188","860.1696166992188","860.1696166992188","957.3541870117188","957.3541870117188","957.3541870117188","716.484375","716.484375","716.484375","87.34375","87.34375","87.34375"
"218","841.8125","841.8125","841.8125","1077.3499755859375","1077.3499755859375","1077.3499755859375","950.5875244140625","950.5875244140625","950.5875244140625","73.5","73.5","73.5"
"219","694.7125244140625","694.7125244140625","694.7125244140625","755.9732055664062","755.9732055664062","755.9732055664062","858.8541870117188","858.8541870117188","858.8541870117188","64.875","64.875","64.875"
"220","858.5520629882812","858.5520629882812","858.5520629882812","922.0416870117188","922.0416870117188","922.0416870117188","1507.205322265625","1507.205322265625","1507.205322265625","58.14285659790039","58.14285659790039","58.14285659790039"
"221","653.2836303710938","653.2836303710938","653.2836303710938","936.7259521484375","936.7259521484375","936.7259521484375","1406.8125","1406.8125","1406.8125","66.90625","66.90625","66.90625"
"222","605.2750244140625","605.2750244140625","605.2750244140625","620.9249877929688","620.9249877929688","620.9249877929688","2097.572998046875","2097.572998046875","2097.572998046875","66.08928680419922","66.08928680419922","66.08928680419922"
"223","849.09375","849.09375","849.09375","851.6805419921875","851.6805419921875","851.6805419921875","966.8828125","966.8828125","966.8828125","68.17500305175781","68.17500305175781","68.17500305175781"
"224","757.7374877929688","757.7374877929688","757.7374877929688","869.6079711914062","869.6079711914062","869.6079711914062","1201.392822265625","1201.392822265625","1201.392822265625","58.25","58.25","58.25"
"225","809.173583984375","809.173583984375","809.173583984375","917.3062744140625","917.3062744140625","917.3062744140625","1165.28125","1165.28125","1165.28125","49.5625","49.5625","49.5625"
"226","850.875","850.875","850.875","1002.0390625","1002.0390625","1002.0390625","1316.625","1316.625","1316.625","48.59375","48.59375","48.59375"
"227","862.2589111328125","862.2589111328125","862.2589111328125","1049.3958740234375","1049.3958740234375","1049.3958740234375","1067.8671875","1067.8671875","1067.8671875","66.90625","66.90625","66.90625"
"228","871.1517944335938","871.1517944335938","871.1517944335938","897.5714111328125","897.5714111328125","897.5714111328125","916.96875","916.96875","916.96875","58.5","58.5","58.5"
"229","1016.3125","1016.3125","1016.3125","944.9765625","944.9765625","944.9765625","1815.375","1815.375","1815.375","61.875","61.875","61.875"
"230","427.5874938964844","427.5874938964844","427.5874938964844","1015.84375","1015.84375","1015.84375","861.2625122070312","861.2625122070312","861.2625122070312","46.16071319580078","46.16071319580078","46.16071319580078"
"231","1070.5416259765625","1070.5416259765625","1070.5416259765625","1400.0546875","1400.0546875","1400.0546875","1141.7437744140625","1141.7437744140625","1141.7437744140625","79.1875","79.1875","79.1875"
"232","667.2249755859375","667.2249755859375","667.2249755859375","872.375","872.375","872.375","889.8875122070312","889.8875122070312","889.8875122070312","63","63","63"
"233","572.3819580078125","572.3819580078125","572.3819580078125","872.9821166992188","872.9821166992188","872.9821166992188","1195.7750244140625","1195.7750244140625","1195.7750244140625","55.328125","55.328125","55.328125"
"234","911.9479370117188","911.9479370117188","911.9479370117188","1033.887451171875","1033.887451171875","1033.887451171875","1236.076416015625","1236.076416015625","1236.076416015625","73.0625","73.0625","73.0625"
"235","761.7999877929688","761.7999877929688","761.7999877929688","778.1687622070312","778.1687622070312","778.1687622070312","1111.451416015625","1111.451416015625","1111.451416015625","89.625","89.625","89.625"
"236","583.3046875","583.3046875","583.3046875","918.8854370117188","918.8854370117188","918.8854370117188","1199.53125","1199.53125","1199.53125","55.890625","55.890625","55.890625"
"237","764.4017944335938","764.4017944335938","764.4017944335938","824.0875244140625","824.0875244140625","824.0875244140625","916.0859375","916.0859375","916.0859375","77.89583587646484","77.89583587646484","77.89583587646484"
"238","715.6375122070312","715.6375122070312","715.6375122070312","530.7874755859375","530.7874755859375","530.7874755859375","846.125","846.125","846.125","68.625","68.625","68.625"
"239","737.3125","737.3125","737.3125","727.2946166992188","727.2946166992188","727.2946166992188","1273.6171875","1273.6171875","1273.6171875","67.5999984741211","67.5999984741211","67.5999984741211"
"240","803.8035888671875","803.8035888671875","803.8035888671875","865.9642944335938","865.9642944335938","865.9642944335938","744.3541870117188","744.3541870117188","744.3541870117188","62.66666793823242","62.66666793823242","62.66666793823242"
"241","899.9791870117188","899.9791870117188","899.9791870117188","587.7916870117188","587.7916870117188","587.7916870117188","1148.7421875","1148.7421875","1148.7421875","81.25","81.25","81.25"
"242","616.1041870117188","616.1041870117188","616.1041870117188","663.236083984375","663.236083984375","663.236083984375","1546.25","1546.25","1546.25","64.375","64.375","64.375"
"243","643.6624755859375","643.6624755859375","643.6624755859375","567.078125","567.078125","567.078125","1972.887451171875","1972.887451171875","1972.887451171875","56.125","56.125","56.125"
"244","938.6696166992188","938.6696166992188","938.6696166992188","877.4375","877.4375","877.4375","2023.375","2023.375","2023.375","57.234375","57.234375","57.234375"
"245","1159.925048828125","1159.925048828125","1159.925048828125","557.9166870117188","557.9166870117188","557.9166870117188","1046.4765625","1046.4765625","1046.4765625","75.5","75.5","75.5"
"246","881.1770629882812","881.1770629882812","881.1770629882812","618.0535888671875","618.0535888671875","618.0535888671875","1487.8125","1487.8125","1487.8125","52.8125","52.8125","52.8125"
"247","964.96875","964.96875","964.96875","388.6458435058594","388.6458435058594","388.6458435058594","1493.830322265625","1493.830322265625","1493.830322265625","45.5","45.5","45.5"
"248","758.5625","758.5625","758.5625","536.3928833007812","536.3928833007812","536.3928833007812","897.1770629882812","897.1770629882812","897.1770629882812","50.54166793823242","50.54166793823242","50.54166793823242"
"249","989.7916870117188","989.7916870117188","989.7916870117188","643.7578125","643.7578125","643.7578125","1848.734375","1848.734375","1848.734375","44.5","44.5","44.5"
"250","614.578125","614.578125","614.578125","741.8660888671875","741.8660888671875","741.8660888671875","1616.6171875","1616.6171875","1616.6171875","48.849998474121094","48.849998474121094","48.849998474121094"
"251","820.2562255859375","820.2562255859375","820.2562255859375","732.0535888671875","732.0535888671875","732.0535888671875","858.453125","858.453125","858.453125","52.79166793823242","52.79166793823242","52.79166793823242"
"252","717.1785888671875","717.1785888671875","717.1785888671875","530.40625","530.40625","530.40625","907.6926879882812","907.6926879882812","907.6926879882812","59.20000076293945","59.20000076293945","59.20000076293945"
"253","598.3482055664062","598.3482055664062","598.3482055664062","635.2857055664062","635.2857055664062","635.2857055664062","1308.2708740234375","1308.2708740234375","1308.2708740234375","56.70833206176758","56.70833206176758","56.70833206176758"
"254","565.296875","565.296875","565.296875","618.3250122070312","618.3250122070312","618.3250122070312","1522.65625","1522.65625","1522.65625","54.91666793823242","54.91666793823242","54.91666793823242"
"255","868.984375","868.984375","868.984375","900.9270629882812","900.9270629882812","900.9270629882812","878.4107055664062","878.4107055664062","878.4107055664062","77.58333587646484","77.58333587646484","77.58333587646484"
"256","648.875","648.875","648.875","448.5859375","448.5859375","448.5859375","1339.78125","1339.78125","1339.78125","51.95833206176758","51.95833206176758","51.95833206176758"
"257","714.3250122070312","714.3250122070312","714.3250122070312","606.4874877929688","606.4874877929688","606.4874877929688","1677.4625244140625","1677.4625244140625","1677.4625244140625","56.25","56.25","56.25"
"258","772.6517944335938","772.6517944335938","772.6517944335938","830.7291870117188","830.7291870117188","830.7291870117188","1333.888916015625","1333.888916015625","1333.888916015625","117.91666412353516","117.91666412353516","117.91666412353516"
"259","1195.0625","1195.0625","1195.0625","1024.1875","1024.1875","1024.1875","1307.5","1307.5","1307.5","51.57500076293945","51.57500076293945","51.57500076293945"
"260","812.9749755859375","812.9749755859375","812.9749755859375","684.171875","684.171875","684.171875","1330.6805419921875","1330.6805419921875","1330.6805419921875","76.78125","76.78125","76.78125"
"261","875.7578125","875.7578125","875.7578125","619.1666870117188","619.1666870117188","619.1666870117188","1298.5982666015625","1298.5982666015625","1298.5982666015625","70.75","70.75","70.75"
"262","876.5546875","876.5546875","876.5546875","706.7321166992188","706.7321166992188","706.7321166992188","1393.75","1393.75","1393.75","95.42500305175781","95.42500305175781","95.42500305175781"
"263","1041.4444580078125","1041.4444580078125","1041.4444580078125","599.53125","599.53125","599.53125","889.0625","889.0625","889.0625","52.625","52.625","52.625"
"264","533.2750244140625","533.2750244140625","533.2750244140625","495.1625061035156","495.1625061035156","495.1625061035156","1116.8660888671875","1116.8660888671875","1116.8660888671875","75.75","75.75","75.75"
"265","1104.171875","1104.171875","1104.171875","751.7750244140625","751.7750244140625","751.7750244140625","1346.4765625","1346.4765625","1346.4765625","64.875","64.875","64.875"
"266","1158.7750244140625","1158.7750244140625","1158.7750244140625","822.7430419921875","822.7430419921875","822.7430419921875","1286.4375","1286.4375","1286.4375","63.875","63.875","63.875"
"267","720.9375","720.9375","720.9375","742.5125122070312","742.5125122070312","742.5125122070312","1363.9609375","1363.9609375","1363.9609375","95.75","95.75","95.75"
"268","871.9444580078125","871.9444580078125","871.9444580078125","976.6875","976.6875","976.6875","1366.5625","1366.5625","1366.5625","58.6875","58.6875","58.6875"
"269","744.3541870117188","744.3541870117188","744.3541870117188","542.9285888671875","542.9285888671875","542.9285888671875","1269.25","1269.25","1269.25","66.7249984741211","66.7249984741211","66.7249984741211"
"270","783.203125","783.203125","783.203125","990.923583984375","990.923583984375","990.923583984375","1153.798583984375","1153.798583984375","1153.798583984375","58.75","58.75","58.75"
"271","748.5267944335938","748.5267944335938","748.5267944335938","600.0499877929688","600.0499877929688","600.0499877929688","1054.335205078125","1054.335205078125","1054.335205078125","68.125","68.125","68.125"
"272","621.375","621.375","621.375","707.3125","707.3125","707.3125","834.875","834.875","834.875","100.6875","100.6875","100.6875"
"273","1019.8229370117188","1019.8229370117188","1019.8229370117188","868.5104370117188","868.5104370117188","868.5104370117188","1206","1206","1206","76.69999694824219","76.69999694824219","76.69999694824219"
"274","702.6339111328125","702.6339111328125","702.6339111328125","913.3125","913.3125","913.3125","1669.5234375","1669.5234375","1669.5234375","75.3125","75.3125","75.3125"
"275","605.8660888671875","605.8660888671875","605.8660888671875","575.451416015625","575.451416015625","575.451416015625","879.3680419921875","879.3680419921875","879.3680419921875","70.96875","70.96875","70.96875"
"276","688.625","688.625","688.625","826.6136474609375","826.6136474609375","826.6136474609375","1205.9285888671875","1205.9285888671875","1205.9285888671875","50.6875","50.6875","50.6875"
"277","504.4166564941406","504.4166564941406","504.4166564941406","706.3472290039062","706.3472290039062","706.3472290039062","1711.09716796875","1711.09716796875","1711.09716796875","63.625","63.625","63.625"
"278","743.2678833007812","743.2678833007812","743.2678833007812","686.375","686.375","686.375","1672.4937744140625","1672.4937744140625","1672.4937744140625","62.75","62.75","62.75"
"279","702.625","702.625","702.625","892.5729370117188","892.5729370117188","892.5729370117188","1441.7750244140625","1441.7750244140625","1441.7750244140625","95.5625","95.5625","95.5625"
"280","714.1145629882812","714.1145629882812","714.1145629882812","770.9479370117188","770.9479370117188","770.9479370117188","1158.3671875","1158.3671875","1158.3671875","74.47916412353516","74.47916412353516","74.47916412353516"
"281","626.4722290039062","626.4722290039062","626.4722290039062","651.375","651.375","651.375","984.765625","984.765625","984.765625","66.45833587646484","66.45833587646484","66.45833587646484"
"282","532.9453125","532.9453125","532.9453125","684.0714111328125","684.0714111328125","684.0714111328125","1343.5208740234375","1343.5208740234375","1343.5208740234375","64.44444274902344","64.44444274902344","64.44444274902344"
"283","628.828125","628.828125","628.828125","728.25","728.25","728.25","1405.0267333984375","1405.0267333984375","1405.0267333984375","53.92856979370117","53.92856979370117","53.92856979370117"
"284","577.7625122070312","577.7625122070312","577.7625122070312","712.1796875","712.1796875","712.1796875","1679.25","1679.25","1679.25","64.79166412353516","64.79166412353516","64.79166412353516"
"285","576.2374877929688","576.2374877929688","576.2374877929688","679.875","679.875","679.875","1044.642822265625","1044.642822265625","1044.642822265625","68.45833587646484","68.45833587646484","68.45833587646484"
"286","887.4196166992188","887.4196166992188","887.4196166992188","729.0357055664062","729.0357055664062","729.0357055664062","1593.2557373046875","1593.2557373046875","1593.2557373046875","68.375","68.375","68.375"
"287","570.3499755859375","570.3499755859375","570.3499755859375","676.421875","676.421875","676.421875","1595.5703125","1595.5703125","1595.5703125","55.5625","55.5625","55.5625"
"288","456.2053527832031","456.2053527832031","456.2053527832031","1069.3125","1069.3125","1069.3125","1261.53125","1261.53125","1261.53125","68.1875","68.1875","68.1875"
"289","587.796875","587.796875","587.796875","666.4553833007812","666.4553833007812","666.4553833007812","1438.625","1438.625","1438.625","62","62","62"
"290","594.736083984375","594.736083984375","594.736083984375","718.4553833007812","718.4553833007812","718.4553833007812","802.4937744140625","802.4937744140625","802.4937744140625","43.25","43.25","43.25"
"291","776.6041870117188","776.6041870117188","776.6041870117188","1046.125","1046.125","1046.125","1020.5714111328125","1020.5714111328125","1020.5714111328125","48.125","48.125","48.125"
"292","557.4765625","557.4765625","557.4765625","648.8035888671875","648.8035888671875","648.8035888671875","952.2687377929688","952.2687377929688","952.2687377929688","49.125","49.125","49.125"
"293","785.4749755859375","785.4749755859375","785.4749755859375","494.9166564941406","494.9166564941406","494.9166564941406","1146.267822265625","1146.267822265625","1146.267822265625","69","69","69"
"294","642.673583984375","642.673583984375","642.673583984375","560.5803833007812","560.5803833007812","560.5803833007812","908.8203125","908.8203125","908.8203125","84.20833587646484","84.20833587646484","84.20833587646484"
"295","880.3375244140625","880.3375244140625","880.3375244140625","758.5","758.5","758.5","728.6517944335938","728.6517944335938","728.6517944335938","57.099998474121094","57.099998474121094","57.099998474121094"
"296","362.7916564941406","362.7916564941406","362.7916564941406","346.1625061035156","346.1625061035156","346.1625061035156","1303.734375","1303.734375","1303.734375","54.203125","54.203125","54.203125"
"297","972.6785888671875","972.6785888671875","972.6785888671875","651.625","651.625","651.625","891.9921875","891.9921875","891.9921875","95.42500305175781","95.42500305175781","95.42500305175781"
"298","541.9453125","541.9453125","541.9453125","806.4375","806.4375","806.4375","610.5390625","610.5390625","610.5390625","41.625","41.625","41.625"
"299","1269.84375","1269.84375","1269.84375","736.5374755859375","736.5374755859375","736.5374755859375","465.2083435058594","465.2083435058594","465.2083435058594","68.83333587646484","68.83333587646484","68.83333587646484"
"300","733.6517944335938","733.6517944335938","733.6517944335938","952.3333129882812","952.3333129882812","952.3333129882812","592.4107055664062","592.4107055664062","592.4107055664062","36.125","36.125","36.125"
"301","662.0234375","662.0234375","662.0234375","733.3125","733.3125","733.3125","797.125","797.125","797.125","47.974998474121094","47.974998474121094","47.974998474121094"
"302","993.2678833007812","993.2678833007812","993.2678833007812","589.1624755859375","589.1624755859375","589.1624755859375","837.8203125","837.8203125","837.8203125","59.5","59.5","59.5"
"303","687.4874877929688","687.4874877929688","687.4874877929688","625","625","625","590.9375","590.9375","590.9375","33.275001525878906","33.275001525878906","33.275001525878906"
"304","818.9166870117188","818.9166870117188","818.9166870117188","593.2750244140625","593.2750244140625","593.2750244140625","626.9642944335938","626.9642944335938","626.9642944335938","50.875","50.875","50.875"
"305","847.5","847.5","847.5","1173.25","1173.25","1173.25","454.40179443359375","454.40179443359375","454.40179443359375","65.20833587646484","65.20833587646484","65.20833587646484"
"306","588.546875","588.546875","588.546875","492.6041564941406","492.6041564941406","492.6041564941406","430.3125","430.3125","430.3125","56.974998474121094","56.974998474121094","56.974998474121094"
"307","576.1875","576.1875","576.1875","566.3482055664062","566.3482055664062","566.3482055664062","693.3482055664062","693.3482055664062","693.3482055664062","50.5","50.5","50.5"
"308","585.1517944335938","585.1517944335938","585.1517944335938","598.3125","598.3125","598.3125","584.59375","584.59375","584.59375","71.54166412353516","71.54166412353516","71.54166412353516"
"309","1079.5250244140625","1079.5250244140625","1079.5250244140625","467.1875","467.1875","467.1875","688.3062744140625","688.3062744140625","688.3062744140625","35.025001525878906","35.025001525878906","35.025001525878906"
"310","1043.737548828125","1043.737548828125","1043.737548828125","540.7321166992188","540.7321166992188","540.7321166992188","746.0833129882812","746.0833129882812","746.0833129882812","37.375","37.375","37.375"
"311","906.0056762695312","906.0056762695312","906.0056762695312","671.25","671.25","671.25","634.1640625","634.1640625","634.1640625","55.70000076293945","55.70000076293945","55.70000076293945"
"312","812.4821166992188","812.4821166992188","812.4821166992188","514.7291870117188","514.7291870117188","514.7291870117188","837.9722290039062","837.9722290039062","837.9722290039062","48.32500076293945","48.32500076293945","48.32500076293945"
"313","630.9305419921875","630.9305419921875","630.9305419921875","541.53125","541.53125","541.53125","574.4765625","574.4765625","574.4765625","42.650001525878906","42.650001525878906","42.650001525878906"
"314","780.7916870117188","780.7916870117188","780.7916870117188","458.28125","458.28125","458.28125","596.5750122070312","596.5750122070312","596.5750122070312","54.375","54.375","54.375"
"315","771.1875","771.1875","771.1875","593.484375","593.484375","593.484375","1093.074951171875","1093.074951171875","1093.074951171875","92.29166412353516","92.29166412353516","92.29166412353516"
"316","688.5056762695312","688.5056762695312","688.5056762695312","529.75","529.75","529.75","578.4270629882812","578.4270629882812","578.4270629882812","61.900001525878906","61.900001525878906","61.900001525878906"
"317","717.6666870117188","717.6666870117188","717.6666870117188","731.859375","731.859375","731.859375","508.7291564941406","508.7291564941406","508.7291564941406","45.75","45.75","45.75"
"318","564.2374877929688","564.2374877929688","564.2374877929688","608.484375","608.484375","608.484375","720.4375","720.4375","720.4375","42.875","42.875","42.875"
"319","785.522705078125","785.522705078125","785.522705078125","674.3250122070312","674.3250122070312","674.3250122070312","519.8579711914062","519.8579711914062","519.8579711914062","93.45833587646484","93.45833587646484","93.45833587646484"
"320","783.7604370117188","783.7604370117188","783.7604370117188","474.2916564941406","474.2916564941406","474.2916564941406","1119.984375","1119.984375","1119.984375","71.1875","71.1875","71.1875"
"321","588.34375","588.34375","588.34375","464.7250061035156","464.7250061035156","464.7250061035156","569.1875","569.1875","569.1875","109.125","109.125","109.125"
"322","668.2767944335938","668.2767944335938","668.2767944335938","475.92498779296875","475.92498779296875","475.92498779296875","597.1971435546875","597.1971435546875","597.1971435546875","60.96875","60.96875","60.96875"
"323","630.2000122070312","630.2000122070312","630.2000122070312","411.375","411.375","411.375","678.046875","678.046875","678.046875","41.28571319580078","41.28571319580078","41.28571319580078"
"324","566.703125","566.703125","566.703125","649.421875","649.421875","649.421875","678.5714111328125","678.5714111328125","678.5714111328125","42.1875","42.1875","42.1875"
"325","499.7045593261719","499.7045593261719","499.7045593261719","466.1160583496094","466.1160583496094","466.1160583496094","877.5390625","877.5390625","877.5390625","57.4375","57.4375","57.4375"
"326","1287.21875","1287.21875","1287.21875","1151.5625","1151.5625","1151.5625","903.09375","903.09375","903.09375","118.6875","118.6875","118.6875"
"327","710.8333129882812","710.8333129882812","710.8333129882812","538.7734375","538.7734375","538.7734375","933.3035888671875","933.3035888671875","933.3035888671875","75.57499694824219","75.57499694824219","75.57499694824219"
"328","672.28125","672.28125","672.28125","554.578125","554.578125","554.578125","589.4874877929688","589.4874877929688","589.4874877929688","55.5625","55.5625","55.5625"
"329","523.1964111328125","523.1964111328125","523.1964111328125","610.5625","610.5625","610.5625","778.3125","778.3125","778.3125","55.77083206176758","55.77083206176758","55.77083206176758"
"330","556.5520629882812","556.5520629882812","556.5520629882812","633.0446166992188","633.0446166992188","633.0446166992188","693.4000244140625","693.4000244140625","693.4000244140625","37.125","37.125","37.125"
"331","697.375","697.375","697.375","658.71875","658.71875","658.71875","728.397705078125","728.397705078125","728.397705078125","51.75","51.75","51.75"
"332","628.3671875","628.3671875","628.3671875","512.7410888671875","512.7410888671875","512.7410888671875","569.890625","569.890625","569.890625","80.2249984741211","80.2249984741211","80.2249984741211"
"333","530.8359375","530.8359375","530.8359375","471.04998779296875","471.04998779296875","471.04998779296875","888.7410888671875","888.7410888671875","888.7410888671875","56.08333206176758","56.08333206176758","56.08333206176758"
"334","610.7708129882812","610.7708129882812","610.7708129882812","539.4166870117188","539.4166870117188","539.4166870117188","439.46875","439.46875","439.46875","63.75","63.75","63.75"
"335","605.8515625","605.8515625","605.8515625","520.3125","520.3125","520.3125","1157.3359375","1157.3359375","1157.3359375","72.71875","72.71875","72.71875"
"336","836.8229370117188","836.8229370117188","836.8229370117188","471.328125","471.328125","471.328125","646.7083129882812","646.7083129882812","646.7083129882812","41.75","41.75","41.75"
"337","639.75","639.75","639.75","644.6375122070312","644.6375122070312","644.6375122070312","562.4874877929688","562.4874877929688","562.4874877929688","41.66666793823242","41.66666793823242","41.66666793823242"
"338","683.897705078125","683.897705078125","683.897705078125","563.0341186523438","563.0341186523438","563.0341186523438","563.3046875","563.3046875","563.3046875","69.90625","69.90625","69.90625"
"339","591.96875","591.96875","591.96875","558.2916870117188","558.2916870117188","558.2916870117188","906.9765625","906.9765625","906.9765625","68.375","68.375","68.375"
"340","544.2874755859375","544.2874755859375","544.2874755859375","438.88751220703125","438.88751220703125","438.88751220703125","573.6944580078125","573.6944580078125","573.6944580078125","51.75","51.75","51.75"
"341","714.125","714.125","714.125","724.5","724.5","724.5","606.2045288085938","606.2045288085938","606.2045288085938","52.75","52.75","52.75"
"342","583.53125","583.53125","583.53125","579.8571166992188","579.8571166992188","579.8571166992188","1010.28125","1010.28125","1010.28125","47.375","47.375","47.375"
"343","426.45001220703125","426.45001220703125","426.45001220703125","581.78125","581.78125","581.78125","450.3812561035156","450.3812561035156","450.3812561035156","50.46875","50.46875","50.46875"
"344","536.375","536.375","536.375","488.1428527832031","488.1428527832031","488.1428527832031","805.9479370117188","805.9479370117188","805.9479370117188","123.375","123.375","123.375"
"345","499.67498779296875","499.67498779296875","499.67498779296875","681.25","681.25","681.25","673.2265625","673.2265625","673.2265625","47.375","47.375","47.375"
"346","610.1500244140625","610.1500244140625","610.1500244140625","760.4375","760.4375","760.4375","752.9553833007812","752.9553833007812","752.9553833007812","33.375","33.375","33.375"
"347","790.0520629882812","790.0520629882812","790.0520629882812","630.2053833007812","630.2053833007812","630.2053833007812","912.4553833007812","912.4553833007812","912.4553833007812","96.25","96.25","96.25"
"348","1076.0875244140625","1076.0875244140625","1076.0875244140625","654.6500244140625","654.6500244140625","654.6500244140625","773.2670288085938","773.2670288085938","773.2670288085938","78.03125","78.03125","78.03125"
"349","557.4017944335938","557.4017944335938","557.4017944335938","550.625","550.625","550.625","796.6749877929688","796.6749877929688","796.6749877929688","96.17857360839844","96.17857360839844","96.17857360839844"
"350","522.8671875","522.8671875","522.8671875","499.46875","499.46875","499.46875","521.125","521.125","521.125","44.375","44.375","44.375"
"351","783.6770629882812","783.6770629882812","783.6770629882812","520.46875","520.46875","520.46875","722.6875","722.6875","722.6875","71.56944274902344","71.56944274902344","71.56944274902344"
"352","376.07501220703125","376.07501220703125","376.07501220703125","527.109375","527.109375","527.109375","715.2578125","715.2578125","715.2578125","41.125","41.125","41.125"
"353","776.375","776.375","776.375","588.5875244140625","588.5875244140625","588.5875244140625","477.3571472167969","477.3571472167969","477.3571472167969","55.125","55.125","55.125"
"354","643.84375","643.84375","643.84375","544.0694580078125","544.0694580078125","544.0694580078125","821.4375","821.4375","821.4375","57.375","57.375","57.375"
"355","750.0833129882812","750.0833129882812","750.0833129882812","567.8020629882812","567.8020629882812","567.8020629882812","726.9921875","726.9921875","726.9921875","47.224998474121094","47.224998474121094","47.224998474121094"
"356","680.1458129882812","680.1458129882812","680.1458129882812","532.5833129882812","532.5833129882812","532.5833129882812","521.7410888671875","521.7410888671875","521.7410888671875","41.875","41.875","41.875"
"357","535.2678833007812","535.2678833007812","535.2678833007812","728.625","728.625","728.625","778.1500244140625","778.1500244140625","778.1500244140625","110.625","110.625","110.625"
"358","657.3125","657.3125","657.3125","632.7374877929688","632.7374877929688","632.7374877929688","953.0125122070312","953.0125122070312","953.0125122070312","52.75","52.75","52.75"
"359","669.5089111328125","669.5089111328125","669.5089111328125","480.3958435058594","480.3958435058594","480.3958435058594","1012.2625122070312","1012.2625122070312","1012.2625122070312","40.125","40.125","40.125"
"360","886.9000244140625","886.9000244140625","886.9000244140625","800.0625","800.0625","800.0625","512.78125","512.78125","512.78125","54.6875","54.6875","54.6875"
"361","699.1339111328125","699.1339111328125","699.1339111328125","549.0892944335938","549.0892944335938","549.0892944335938","415.4583435058594","415.4583435058594","415.4583435058594","76.16666412353516","76.16666412353516","76.16666412353516"
"362","715.7678833007812","715.7678833007812","715.7678833007812","636.3854370117188","636.3854370117188","636.3854370117188","591.9375","591.9375","591.9375","84.08333587646484","84.08333587646484","84.08333587646484"
"363","821.890625","821.890625","821.890625","713.546875","713.546875","713.546875","568.5","568.5","568.5","41.0625","41.0625","41.0625"
"364","745.53125","745.53125","745.53125","930.8375244140625","930.8375244140625","930.8375244140625","1057.640625","1057.640625","1057.640625","59.79166793823242","59.79166793823242","59.79166793823242"
"365","544.4821166992188","544.4821166992188","544.4821166992188","711.875","711.875","711.875","763.1624755859375","763.1624755859375","763.1624755859375","65.875","65.875","65.875"
"366","728.0374755859375","728.0374755859375","728.0374755859375","827.1428833007812","827.1428833007812","827.1428833007812","467.01251220703125","467.01251220703125","467.01251220703125","51.5625","51.5625","51.5625"
"367","848.7374877929688","848.7374877929688","848.7374877929688","1004.546875","1004.546875","1004.546875","545.5283813476562","545.5283813476562","545.5283813476562","63.15625","63.15625","63.15625"
"368","687.5208129882812","687.5208129882812","687.5208129882812","563.765625","563.765625","563.765625","917.5234375","917.5234375","917.5234375","49.375","49.375","49.375"
"369","709.0546875","709.0546875","709.0546875","594.6640625","594.6640625","594.6640625","445.8541564941406","445.8541564941406","445.8541564941406","57.25","57.25","57.25"
"370","436.546875","436.546875","436.546875","676.625","676.625","676.625","994.7265625","994.7265625","994.7265625","41.6875","41.6875","41.6875"
"371","686.9270629882812","686.9270629882812","686.9270629882812","677.4027709960938","677.4027709960938","677.4027709960938","539.2053833007812","539.2053833007812","539.2053833007812","67.14583587646484","67.14583587646484","67.14583587646484"
"372","492.109375","492.109375","492.109375","631.3828125","631.3828125","631.3828125","1121.140625","1121.140625","1121.140625","44.95833206176758","44.95833206176758","44.95833206176758"
"373","436.234375","436.234375","436.234375","638.2999877929688","638.2999877929688","638.2999877929688","573.4375","573.4375","573.4375","22.625","22.625","22.625"
"374","555.4479370117188","555.4479370117188","555.4479370117188","468.3125","468.3125","468.3125","874","874","874","97.45833587646484","97.45833587646484","97.45833587646484"
"375","563.8854370117188","563.8854370117188","563.8854370117188","509.3125","509.3125","509.3125","508.09375","508.09375","508.09375","62.83333206176758","62.83333206176758","62.83333206176758"
"376","544.234375","544.234375","544.234375","516.1145629882812","516.1145629882812","516.1145629882812","746.0535888671875","746.0535888671875","746.0535888671875","124.20833587646484","124.20833587646484","124.20833587646484"
"377","518.53125","518.53125","518.53125","679.7083129882812","679.7083129882812","679.7083129882812","337.515625","337.515625","337.515625","55.3125","55.3125","55.3125"
"378","664.3035888671875","664.3035888671875","664.3035888671875","951.7000122070312","951.7000122070312","951.7000122070312","439.88751220703125","439.88751220703125","439.88751220703125","63.45833206176758","63.45833206176758","63.45833206176758"
"379","576.1875","576.1875","576.1875","704.65625","704.65625","704.65625","415.1015625","415.1015625","415.1015625","63.5625","63.5625","63.5625"
"380","473.1458435058594","473.1458435058594","473.1458435058594","486.4375","486.4375","486.4375","616.9930419921875","616.9930419921875","616.9930419921875","71.875","71.875","71.875"
"381","447.2291564941406","447.2291564941406","447.2291564941406","616.3392944335938","616.3392944335938","616.3392944335938","562.4642944335938","562.4642944335938","562.4642944335938","52.25","52.25","52.25"
"382","569.5267944335938","569.5267944335938","569.5267944335938","621.8333129882812","621.8333129882812","621.8333129882812","315.921875","315.921875","315.921875","41.625","41.625","41.625"
"383","577.6875","577.6875","577.6875","871.2750244140625","871.2750244140625","871.2750244140625","482.7946472167969","482.7946472167969","482.7946472167969","60.3125","60.3125","60.3125"
"384","572.7890625","572.7890625","572.7890625","544.798583984375","544.798583984375","544.798583984375","574.375","574.375","574.375","46.79166793823242","46.79166793823242","46.79166793823242"
"385","730.1145629882812","730.1145629882812","730.1145629882812","765.4270629882812","765.4270629882812","765.4270629882812","557.4642944335938","557.4642944335938","557.4642944335938","78.25","78.25","78.25"
"386","1261.65625","1261.65625","1261.65625","598.6666870117188","598.6666870117188","598.6666870117188","484.6785583496094","484.6785583496094","484.6785583496094","71.29166412353516","71.29166412353516","71.29166412353516"
"387","536.921875","536.921875","536.921875","536.2395629882812","536.2395629882812","536.2395629882812","744.1944580078125","744.1944580078125","744.1944580078125","57.650001525878906","57.650001525878906","57.650001525878906"
"388","894.539794921875","894.539794921875","894.539794921875","910.4791870117188","910.4791870117188","910.4791870117188","733.6428833007812","733.6428833007812","733.6428833007812","84.54166412353516","84.54166412353516","84.54166412353516"
"389","569.4749755859375","569.4749755859375","569.4749755859375","420.4553527832031","420.4553527832031","420.4553527832031","813.5625","813.5625","813.5625","50.5","50.5","50.5"
"390","675.4642944335938","675.4642944335938","675.4642944335938","449.82501220703125","449.82501220703125","449.82501220703125","476.7321472167969","476.7321472167969","476.7321472167969","85","85","85"
"391","637.5416870117188","637.5416870117188","637.5416870117188","607.888916015625","607.888916015625","607.888916015625","461.0625","461.0625","461.0625","83.78125","83.78125","83.78125"
"392","664.5833129882812","664.5833129882812","664.5833129882812","571.0520629882812","571.0520629882812","571.0520629882812","333.38751220703125","333.38751220703125","333.38751220703125","58.04166793823242","58.04166793823242","58.04166793823242"
"393","853.9249877929688","853.9249877929688","853.9249877929688","797.9375","797.9375","797.9375","529.9017944335938","529.9017944335938","529.9017944335938","68.1875","68.1875","68.1875"
"394","618.1145629882812","618.1145629882812","618.1145629882812","755.9874877929688","755.9874877929688","755.9874877929688","821.0416870117188","821.0416870117188","821.0416870117188","42.4375","42.4375","42.4375"
"395","594.046875","594.046875","594.046875","642.9375","642.9375","642.9375","344.5375061035156","344.5375061035156","344.5375061035156","60.6875","60.6875","60.6875"
"396","706.875","706.875","706.875","489.9583435058594","489.9583435058594","489.9583435058594","389.65625","389.65625","389.65625","64.625","64.625","64.625"
"397","540.4821166992188","540.4821166992188","540.4821166992188","512.5625","512.5625","512.5625","837.8125","837.8125","837.8125","64.6875","64.6875","64.6875"
"398","651.0803833007812","651.0803833007812","651.0803833007812","505.0446472167969","505.0446472167969","505.0446472167969","403.75","403.75","403.75","57.83928680419922","57.83928680419922","57.83928680419922"
"399","547.9124755859375","547.9124755859375","547.9124755859375","680.4375","680.4375","680.4375","453.1979064941406","453.1979064941406","453.1979064941406","54.875","54.875","54.875"
"400","843.9910888671875","843.9910888671875","843.9910888671875","694.3125","694.3125","694.3125","713.0803833007812","713.0803833007812","713.0803833007812","60.625","60.625","60.625"
"401","987.6375122070312","987.6375122070312","987.6375122070312","502.71875","502.71875","502.71875","410.94642639160156","398.6428527832031","423.25","117.6875","117.6875","117.6875"
"402","574.828125","574.828125","574.828125","411.375","411.375","411.375","489.76283264160156","478.8828125","500.6428527832031","52.83928680419922","52.83928680419922","52.83928680419922"
"403","869.8312377929688","869.8312377929688","869.8312377929688","531.6796875","531.6796875","531.6796875","567.7223358154297","491.2321472167969","644.2125244140625","49.796875","49.796875","49.796875"
"404","617.5208129882812","617.5208129882812","617.5208129882812","356.65625","356.65625","356.65625","310.1979217529297","291.1458435058594","329.25","49.08333206176758","49.08333206176758","49.08333206176758"
"405","466.95001220703125","466.95001220703125","466.95001220703125","492","492","492","540.3638305664062","533.5714111328125","547.15625","72.70833587646484","72.70833587646484","72.70833587646484"
"406","757.5520629882812","757.5520629882812","757.5520629882812","451.3819580078125","451.3819580078125","451.3819580078125","537.0729064941406","477.4375","596.7083129882812","43.125","43.125","43.125"
"407","752.4464111328125","752.4464111328125","752.4464111328125","703.15625","703.15625","703.15625","583.015625","571.3125","594.71875","48.224998474121094","48.224998474121094","48.224998474121094"
"408","906.8020629882812","906.8020629882812","906.8020629882812","534.0750122070312","534.0750122070312","534.0750122070312","938.9259033203125","889.5750122070312","988.2767944335938","46.875","46.875","46.875"
"409","514.21875","514.21875","514.21875","468.0416564941406","468.0416564941406","468.0416564941406","584.9635314941406","550.8333129882812","619.09375","55.08333206176758","55.08333206176758","55.08333206176758"
"410","571.40625","571.40625","571.40625","598.6875","598.6875","598.6875","343.31695556640625","324.3303527832031","362.3035583496094","63.79166793823242","63.79166793823242","63.79166793823242"
"411","582.8624877929688","582.8624877929688","582.8624877929688","529.5416870117188","529.5416870117188","529.5416870117188","407.4985046386719","374.6428527832031","440.3541564941406","56.4375","56.4375","56.4375"
"412","755.015625","755.015625","755.015625","398.4166564941406","398.4166564941406","398.4166564941406","755.2235107421875","698.7109375","811.736083984375","61.125","61.125","61.125"
"413","602.8214111328125","602.8214111328125","602.8214111328125","428.0208435058594","428.0208435058594","428.0208435058594","414.28125","395.3125","433.25","64.5","64.5","64.5"
"414","628.4749755859375","628.4749755859375","628.4749755859375","453.29998779296875","453.29998779296875","453.29998779296875","347.32334899902344","308.6388854980469","386.0078125","73.625","73.625","73.625"
"415","561.25","561.25","561.25","555.5833129882812","555.5833129882812","555.5833129882812","633.7942810058594","497.234375","770.3541870117188","49.29166793823242","49.29166793823242","49.29166793823242"
"416","587.7874755859375","587.7874755859375","587.7874755859375","382.4375","382.4375","382.4375","297.9296875","288.3125","307.546875","56.6875","56.6875","56.6875"
"417","459.90625","459.90625","459.90625","663.09375","663.09375","663.09375","439.5842590332031","391.6328125","487.53570556640625","62.375","62.375","62.375"
"418","355.375","355.375","355.375","366.5625","366.5625","366.5625","456.99998474121094","386.1499938964844","527.8499755859375","62.75","62.75","62.75"
"419","586.8055419921875","586.8055419921875","586.8055419921875","520.8214111328125","520.8214111328125","520.8214111328125","629.8359375","494.640625","765.03125","73.625","73.625","73.625"
"420","740.2395629882812","740.2395629882812","740.2395629882812","489.625","489.625","489.625","873.5947875976562","866.2625122070312","880.9270629882812","99.6875","99.6875","99.6875"
"421","452.7124938964844","452.7124938964844","452.7124938964844","474.32501220703125","474.32501220703125","474.32501220703125","872.2042541503906","805.2053833007812","939.203125","84.625","84.625","84.625"
"422","519.7232055664062","519.7232055664062","519.7232055664062","374.8958435058594","374.8958435058594","374.8958435058594","505.54296875","487.609375","523.4765625","46.25","46.25","46.25"
"423","803.4270629882812","803.4270629882812","803.4270629882812","624.3571166992188","624.3571166992188","624.3571166992188","301.9015655517578","281.140625","322.6625061035156","77.25","77.25","77.25"
"424","684.2083129882812","684.2083129882812","684.2083129882812","499.6875","499.6875","499.6875","357.4140625","316.390625","398.4375","52.54166793823242","52.54166793823242","52.54166793823242"
"425","465.85626220703125","465.85626220703125","465.85626220703125","557.6015625","557.6015625","557.6015625","584.78515625","545.0703125","624.5","84.375","84.375","84.375"
"426","556.25","556.25","556.25","442.73748779296875","442.73748779296875","442.73748779296875","679.2802124023438","626.5104370117188","732.0499877929688","46.70833206176758","46.70833206176758","46.70833206176758"
"427","534.3541870117188","534.3541870117188","534.3541870117188","532.609375","532.609375","532.609375","528.40625","448.0625","608.75","42.349998474121094","42.349998474121094","42.349998474121094"
"428","454.7916564941406","454.7916564941406","454.7916564941406","382.96429443359375","382.96429443359375","382.96429443359375","898.6111145019531","808.2708129882812","988.951416015625","75.04166412353516","75.04166412353516","75.04166412353516"
"429","621.6527709960938","621.6527709960938","621.6527709960938","447.53570556640625","447.53570556640625","447.53570556640625","604.8482055664062","548.1875","661.5089111328125","78.625","78.625","78.625"
"430","584.3020629882812","584.3020629882812","584.3020629882812","476.8125","476.8125","476.8125","577.0758972167969","369.58929443359375","784.5625","51.5","51.5","51.5"
"431","625.40625","625.40625","625.40625","423.8999938964844","423.8999938964844","423.8999938964844","645.5796813964844","492.609375","798.5499877929688","47.54166793823242","47.54166793823242","47.54166793823242"
"432","539.625","539.625","539.625","469.92498779296875","469.92498779296875","469.92498779296875","567.7321472167969","558.6875","576.7767944335938","70.25","70.25","70.25"
"433","658.7291870117188","658.7291870117188","658.7291870117188","566.3125","566.3125","566.3125","527.64453125","485.75","569.5390625","44","44","44"
"434","568.0104370117188","568.0104370117188","568.0104370117188","462.125","462.125","462.125","979.578125","854.65625","1104.5","56.14583206176758","56.14583206176758","56.14583206176758"
"435","1003.6640625","1003.6640625","1003.6640625","687.2291870117188","687.2291870117188","687.2291870117188","429.5989532470703","414.71875","444.4791564941406","49.775001525878906","49.775001525878906","49.775001525878906"
"436","605.2421875","605.2421875","605.2421875","404.1666564941406","404.1666564941406","404.1666564941406","379.85357666015625","306.4821472167969","453.2250061035156","32.4375","32.4375","32.4375"
"437","488.92498779296875","488.92498779296875","488.92498779296875","420.875","420.875","420.875","424.8033905029297","363.4895935058594","486.1171875","97","97","97"
"438","962.9625244140625","962.9625244140625","962.9625244140625","477.75","477.75","477.75","485.3687438964844","406.29998779296875","564.4375","61.3125","61.3125","61.3125"
"439","451.9375","451.9375","451.9375","431.6625061035156","431.6625061035156","431.6625061035156","495.49603271484375","427.34027099609375","563.6517944335938","49.25","49.25","49.25"
"440","935.5208129882812","935.5208129882812","935.5208129882812","488.1785583496094","488.1785583496094","488.1785583496094","340.9437561035156","275.25","406.63751220703125","69.0625","69.0625","69.0625"
"441","688.125","688.125","688.125","340.34375","340.34375","340.34375","320.7749938964844","307.1499938964844","334.3999938964844","39.53125","39.53125","39.53125"
"442","871.8250122070312","871.8250122070312","871.8250122070312","748.7125244140625","748.7125244140625","748.7125244140625","374.56640625","340.875","408.2578125","51.25","51.25","51.25"
"443","495.03125","495.03125","495.03125","344.07501220703125","344.07501220703125","344.07501220703125","623.7721252441406","593.6796875","653.8645629882812","67.25","67.25","67.25"
"444","749.5625","749.5625","749.5625","499.53125","499.53125","499.53125","468.6354217529297","361.4583435058594","575.8125","40.900001525878906","40.900001525878906","40.900001525878906"
"445","409.1145935058594","409.1145935058594","409.1145935058594","355.578125","355.578125","355.578125","318.0671844482422","317.546875","318.5874938964844","24.875","24.875","24.875"
"446","564.15625","564.15625","564.15625","389.8839416503906","389.8839416503906","389.8839416503906","630.2890625","565.3125","695.265625","26.625","26.625","26.625"
"447","551.78125","551.78125","551.78125","499.03125","499.03125","499.03125","423.9604187011719","351.3999938964844","496.5208435058594","54.5","54.5","54.5"
"448","687.5446166992188","687.5446166992188","687.5446166992188","447.7013854980469","447.7013854980469","447.7013854980469","548.9492950439453","420.2250061035156","677.673583984375","48.125","48.125","48.125"
"449","759.53125","759.53125","759.53125","856.798583984375","856.798583984375","856.798583984375","356.47291564941406","277.6458435058594","435.29998779296875","45.46875","45.46875","45.46875"
"450","485.4140625","485.4140625","485.4140625","436.5625","436.5625","436.5625","526.2274169921875","380.15625","672.298583984375","58.41666793823242","58.41666793823242","58.41666793823242"
"451","690.71875","690.71875","690.71875","491.08929443359375","491.08929443359375","491.08929443359375","1166.0808410644531","715.6527709960938","1616.5089111328125","52.0625","49.5","54.625"
"452","466.2265625","466.2265625","466.2265625","562.734375","562.734375","562.734375","389.03125","296.25","481.8125","27.3125","22.1875","32.4375"
"453","817.078125","817.078125","817.078125","524.7410888671875","524.7410888671875","524.7410888671875","806.9270629882812","388.75","1225.1041259765625","50.9375","47.6875","54.1875"
"454","853.265625","853.265625","853.265625","786.1875","786.1875","786.1875","825.7390747070312","361.828125","1289.6500244140625","74.55208206176758","59.6875","89.41666412353516"
"455","365.8660583496094","365.8660583496094","365.8660583496094","566.7142944335938","566.7142944335938","566.7142944335938","772.3781280517578","390.7875061035156","1153.96875","63.5625","53.5625","73.5625"
"456","629.234375","629.234375","629.234375","549.6319580078125","549.6319580078125","549.6319580078125","679.4084777832031","406.84375","951.9732055664062","74.4375","72.5","76.375"
"457","457.8958435058594","457.8958435058594","457.8958435058594","705.421875","705.421875","705.421875","593.0968780517578","423.0375061035156","763.15625","56.296875","54.40625","58.1875"
"458","678.7000122070312","678.7000122070312","678.7000122070312","432.3214416503906","432.3214416503906","432.3214416503906","354.9513931274414","231.9791717529297","477.9236145019531","52.89999961853027","48.875","56.92499923706055"
"459","427.5625","427.5625","427.5625","576.5250244140625","576.5250244140625","576.5250244140625","936.3398132324219","765.7142944335938","1106.96533203125","55.15625","43.9375","66.375"
"460","527.0625","527.0625","527.0625","701.5357055664062","701.5357055664062","701.5357055664062","676.1232452392578","463.9479064941406","888.298583984375","55.5","47.375","63.625"
"461","460.6312561035156","460.6312561035156","460.6312561035156","702.5625","702.5625","702.5625","505.2798767089844","295.78472900390625","714.7750244140625","54.83333206176758","43.625","66.04166412353516"
"462","702.7708129882812","702.7708129882812","702.7708129882812","490.2395935058594","490.2395935058594","490.2395935058594","960.0119323730469","516.7916870117188","1403.232177734375","50.96354103088379","50.21875","51.70833206176758"
"463","464.5249938964844","464.5249938964844","464.5249938964844","618.9652709960938","618.9652709960938","618.9652709960938","618.25390625","460.15625","776.3515625","94.1875","54.625","133.75"
"464","467.4375","467.4375","467.4375","732.6517944335938","732.6517944335938","732.6517944335938","728.8992156982422","457.0874938964844","1000.7109375","72.17499923706055","58.974998474121094","85.375"
"465","510.734375","510.734375","510.734375","476.07501220703125","476.07501220703125","476.07501220703125","1087.2135314941406","1009.1770629882812","1165.25","50.45833396911621","49.125","51.79166793823242"
"466","484.25","484.25","484.25","537.7249755859375","537.7249755859375","537.7249755859375","528.3489685058594","504.40625","552.2916870117188","63.64999961853027","62.54999923706055","64.75"
"467","542.5625","542.5625","542.5625","487.2875061035156","487.2875061035156","487.2875061035156","854.5947875976562","837.0125122070312","872.1770629882812","43.25","42.75","43.75"
"468","613.5416870117188","613.5416870117188","613.5416870117188","593.2232055664062","593.2232055664062","593.2232055664062","313.04895782470703","237.3229217529297","388.7749938964844","56.04166603088379","50.25","61.83333206176758"
"469","616.8020629882812","616.8020629882812","616.8020629882812","580.2410888671875","580.2410888671875","580.2410888671875","918.7393188476562","705.3035888671875","1132.175048828125","49.67708396911621","39.5","59.85416793823242"
"470","986.5999755859375","986.5999755859375","986.5999755859375","869.1687622070312","869.1687622070312","869.1687622070312","515.1175689697266","391.3958435058594","638.8392944335938","65.2890625","64.328125","66.25"
"471","571.3958129882812","571.3958129882812","571.3958129882812","710.4791870117188","710.4791870117188","710.4791870117188","597.2562561035156","441.63751220703125","752.875","47.75","46","49.5"
"472","512.59375","512.59375","512.59375","493.9910583496094","493.9910583496094","493.9910583496094","644.3942565917969","566.3055419921875","722.4829711914062","56.5","44.625","68.375"
"473","501.63751220703125","501.63751220703125","501.63751220703125","531.3660888671875","531.3660888671875","531.3660888671875","480.23567962646484","212.2916717529297","748.1796875","69.90625","62.8125","77"
"474","537.1458129882812","537.1458129882812","537.1458129882812","666.4553833007812","666.4553833007812","666.4553833007812","454.0208282470703","328.3854064941406","579.65625","65.03750038146973","48.20000076293945","81.875"
"475","539.8854370117188","539.8854370117188","539.8854370117188","737.1517944335938","737.1517944335938","737.1517944335938","857.51708984375","721.1770629882812","993.8571166992188","56.90625","50.375","63.4375"
"476","775.3303833007812","775.3303833007812","775.3303833007812","1151.237548828125","1151.237548828125","1151.237548828125","433.8854064941406","329.4375","538.3333129882812","58.484375","49.1875","67.78125"
"477","705.953125","705.953125","705.953125","766.3125","766.3125","766.3125","438.5286407470703","369.078125","507.9791564941406","63.5625","59","68.125"
"478","629.671875","629.671875","629.671875","546.0625","546.0625","546.0625","955.9573059082031","872.4249877929688","1039.4896240234375","70.3187484741211","57.6875","82.94999694824219"
"479","674.3375244140625","674.3375244140625","674.3375244140625","559.28125","559.28125","559.28125","484.3937530517578","475.1000061035156","493.6875","44.25","42","46.5"
"480","654.6624755859375","654.6624755859375","654.6624755859375","641.9453125","641.9453125","641.9453125","476.6458282470703","279.9166564941406","673.375","52.16964149475098","47.28571319580078","57.05356979370117"
"481","900.6770629882812","900.6770629882812","900.6770629882812","604.1160888671875","604.1160888671875","604.1160888671875","402.328125","350.4375","454.21875","41.171875","31.3125","51.03125"
"482","591.875","591.875","591.875","578.0208129882812","578.0208129882812","578.0208129882812","809.1614379882812","538.3125","1080.0103759765625","60.96875","47","74.9375"
"483","952","952","952","669.5999755859375","669.5999755859375","669.5999755859375","636.3937683105469","518.0250244140625","754.7625122070312","47.243303298950195","41.71875","52.76785659790039"
"484","758.2999877929688","758.2999877929688","758.2999877929688","771.7708129882812","771.7708129882812","771.7708129882812","557.7265625","314.0625","801.390625","70.04018020629883","66.1875","73.89286041259766"
"485","995.578125","995.578125","995.578125","519.5714111328125","519.5714111328125","519.5714111328125","822.5546875","623.109375","1022","64.97916793823242","64","65.95833587646484"
"486","688.90625","688.90625","688.90625","452.90179443359375","452.90179443359375","452.90179443359375","384.06666564941406","381.17498779296875","386.9583435058594","36.53125","28","45.0625"
"487","696.1180419921875","696.1180419921875","696.1180419921875","453.1696472167969","453.1696472167969","453.1696472167969","751.8809509277344","717.5833129882812","786.1785888671875","39.125","36","42.25"
"488","352.0625","352.0625","352.0625","460.1145935058594","460.1145935058594","460.1145935058594","423.99497985839844","347.5078125","500.4821472167969","52.32291793823242","30.8125","73.83333587646484"
"489","775.71875","775.71875","775.71875","682.34375","682.34375","682.34375","543.8125152587891","332.8020935058594","754.8229370117188","58.79999923706055","44","73.5999984741211"
"490","845.03125","845.03125","845.03125","504.5208435058594","504.5208435058594","504.5208435058594","463.83021545410156","380.5874938964844","547.0729370117188","73.86458206176758","63.8125","83.91666412353516"
"491","1058.2125244140625","1058.2125244140625","1058.2125244140625","612.9375","612.9375","612.9375","303.4739532470703","295.3541564941406","311.59375","45.09722137451172","37.5","52.69444274902344"
"492","477.40179443359375","477.40179443359375","477.40179443359375","646.2374877929688","646.2374877929688","646.2374877929688","438.9077453613281","369.6458435058594","508.1696472167969","93.79464340209961","34.58928680419922","153"
"493","632.0208129882812","632.0208129882812","632.0208129882812","712.5125122070312","712.5125122070312","712.5125122070312","418.9151916503906","298.8125","539.0178833007812","70.54166603088379","54.70833206176758","86.375"
"494","614.53125","614.53125","614.53125","657.7604370117188","657.7604370117188","657.7604370117188","405.0395812988281","382.9125061035156","427.1666564941406","61.30729103088379","55.70833206176758","66.90625"
"495","445.8928527832031","445.8928527832031","445.8928527832031","664.7249755859375","664.7249755859375","664.7249755859375","240.8312530517578","206.875","274.7875061035156","46.0625","40.29166793823242","51.83333206176758"
"496","481.0729064941406","481.0729064941406","481.0729064941406","538.6875","538.6875","538.6875","293.875","260.5694580078125","327.1805419921875","40.31875038146973","36.07500076293945","44.5625"
"497","473.3958435058594","473.3958435058594","473.3958435058594","671.5250244140625","671.5250244140625","671.5250244140625","504.7250061035156","320.375","689.0750122070312","56.16875076293945","43.8125","68.5250015258789"
"498","947.734375","947.734375","947.734375","618.15625","618.15625","618.15625","302.0859375","274.609375","329.5625","42.99479103088379","38.20833206176758","47.78125"
"499","850.5208129882812","850.5208129882812","850.5208129882812","697.2083129882812","697.2083129882812","697.2083129882812","307.4513854980469","289.75","325.15277099609375","44.46249961853027","33.17499923706055","55.75"
"500","698.4017944335938","698.4017944335938","698.4017944335938","655.9000244140625","655.9000244140625","655.9000244140625","359.53570556640625","359.53570556640625","359.53570556640625","58.75","58.75","58.75"
"501","761.7291870117188","681.6666870117188","841.7916870117188","720.9910888671875","720.9910888671875","720.9910888671875","424.8819580078125","424.8819580078125","424.8819580078125","70.625","70.625","70.625"
"502","560.7250061035156","558.7000122070312","562.75","813.4249877929688","813.4249877929688","813.4249877929688","537.84375","537.84375","537.84375","50.9375","50.9375","50.9375"
"503","785.3802185058594","678.84375","891.9166870117188","761.4270629882812","761.4270629882812","761.4270629882812","245.8625030517578","245.8625030517578","245.8625030517578","51.125","51.125","51.125"
"504","480.63331604003906","445.6666564941406","515.5999755859375","668.8333129882812","668.8333129882812","668.8333129882812","378.2916564941406","378.2916564941406","378.2916564941406","66.75","66.75","66.75"
"505","790.5843811035156","706.0125122070312","875.15625","779.3839111328125","779.3839111328125","779.3839111328125","378.921875","378.921875","378.921875","78.125","78.125","78.125"
"506","568.5658569335938","564.078125","573.0535888671875","677.0089111328125","677.0089111328125","677.0089111328125","266.04998779296875","266.04998779296875","266.04998779296875","47.83333206176758","47.83333206176758","47.83333206176758"
"507","597.8020782470703","415.1666564941406","780.4375","768.5499877929688","768.5499877929688","768.5499877929688","341.625","341.625","341.625","49.875","49.875","49.875"
"508","501.6875","454.25","549.125","775.203125","775.203125","775.203125","400.96527099609375","400.96527099609375","400.96527099609375","60.8125","60.8125","60.8125"
"509","768.5089416503906","741.5803833007812","795.4375","986.1953125","986.1953125","986.1953125","266.3125","266.3125","266.3125","25.75","25.75","25.75"
"510","399.8463592529297","381.8333435058594","417.859375","705.78125","705.78125","705.78125","354.7109375","354.7109375","354.7109375","49","49","49"
"511","708.6302185058594","680.8541870117188","736.40625","1294.75","1294.75","1294.75","364.4375","364.4375","364.4375","40.625","40.625","40.625"
"512","425.0687561035156","395.875","454.26251220703125","953.5535888671875","953.5535888671875","953.5535888671875","718.3571166992188","718.3571166992188","718.3571166992188","57.08333206176758","57.08333206176758","57.08333206176758"
"513","530.7857055664062","526.0625","535.5089111328125","815.4453125","815.4453125","815.4453125","270.1666564941406","270.1666564941406","270.1666564941406","59.17045593261719","59.17045593261719","59.17045593261719"
"514","785.5572814941406","581.90625","989.2083129882812","955.6437377929688","955.6437377929688","955.6437377929688","455.28125","455.28125","455.28125","67.70833587646484","67.70833587646484","67.70833587646484"
"515","1219.7291564941406","850.8333129882812","1588.625","798.09375","798.09375","798.09375","533.9296875","533.9296875","533.9296875","44.65625","44.65625","44.65625"
"516","513.9508972167969","429.02679443359375","598.875","711.397705078125","711.397705078125","711.397705078125","377.4921875","377.4921875","377.4921875","63.125","63.125","63.125"
"517","802.6666564941406","597.75","1007.5833129882812","954.5170288085938","954.5170288085938","954.5170288085938","341.28125","341.28125","341.28125","59.599998474121094","59.599998474121094","59.599998474121094"
"518","500.0734405517578","488.7875061035156","511.359375","1197.015625","1197.015625","1197.015625","438.6328125","438.6328125","438.6328125","58.33333206176758","58.33333206176758","58.33333206176758"
"519","614.2312622070312","562.9625244140625","665.5","887.28125","887.28125","887.28125","879.9625244140625","879.9625244140625","879.9625244140625","51.724998474121094","51.724998474121094","51.724998474121094"
"520","1027.8333129882812","832.4375","1223.2291259765625","912.986083984375","912.986083984375","912.986083984375","492.58929443359375","492.58929443359375","492.58929443359375","43.75","43.75","43.75"
"521","346.15625","338.5625","353.75","685.6666870117188","685.6666870117188","685.6666870117188","376.46875","376.46875","376.46875","43.75","43.75","43.75"
"522","611.5520935058594","531.7916870117188","691.3125","875.2708129882812","875.2708129882812","875.2708129882812","327.296875","327.296875","327.296875","64.875","64.875","64.875"
"523","504.00001525878906","381.5833435058594","626.4166870117188","828.4285888671875","828.4285888671875","828.4285888671875","541.875","541.875","541.875","41.29166793823242","41.29166793823242","41.29166793823242"
"524","616.2879333496094","608.6071166992188","623.96875","670.0374755859375","670.0374755859375","670.0374755859375","596.763916015625","596.763916015625","596.763916015625","51.75","51.75","51.75"
"525","889.7187194824219","734.0833129882812","1045.3541259765625","945.0625","945.0625","945.0625","310.92498779296875","310.92498779296875","310.92498779296875","57.875","57.875","57.875"
"526","595.4833374023438","484.73748779296875","706.2291870117188","804.2443237304688","804.2443237304688","804.2443237304688","455.375","455.375","455.375","45","45","45"
"527","357.40625","329.421875","385.390625","411.203125","411.203125","411.203125","307.20001220703125","307.20001220703125","307.20001220703125","55.79166793823242","55.79166793823242","55.79166793823242"
"528","610.2109375","573.3125","647.109375","874.8801879882812","874.8801879882812","874.8801879882812","551.75","551.75","551.75","48.4375","48.4375","48.4375"
"529","647.8645935058594","563.8541870117188","731.875","1067.362548828125","1067.362548828125","1067.362548828125","469.4236145019531","469.4236145019531","469.4236145019531","47.5","47.5","47.5"
"530","670.6383972167969","633.9642944335938","707.3125","1077.0521240234375","1077.0521240234375","1077.0521240234375","584.3482055664062","584.3482055664062","584.3482055664062","57.1875","57.1875","57.1875"
"531","852.5812377929688","823.9375","881.2249755859375","1137.9317626953125","1137.9317626953125","1137.9317626953125","549.7578125","549.7578125","549.7578125","51.375","51.375","51.375"
"532","493.9479064941406","442.21875","545.6770629882812","876.138916015625","876.138916015625","876.138916015625","620.513916015625","620.513916015625","620.513916015625","39.375","39.375","39.375"
"533","565.8333435058594","517.1875","614.4791870117188","890.6770629882812","890.6770629882812","890.6770629882812","256.5625","256.5625","256.5625","45.16666793823242","45.16666793823242","45.16666793823242"
"534","747.8125","609.875","885.75","850.9166870117188","850.9166870117188","850.9166870117188","455.91070556640625","455.91070556640625","455.91070556640625","49.5","49.5","49.5"
"535","488.4562530517578","471.6875","505.2250061035156","663.0446166992188","663.0446166992188","663.0446166992188","457.09820556640625","457.09820556640625","457.09820556640625","63.8125","63.8125","63.8125"
"536","544.421875","515.625","573.21875","1205.21875","1205.21875","1205.21875","413.25","413.25","413.25","35","35","35"
"537","451.8114471435547","425.92498779296875","477.6979064941406","968.96875","968.96875","968.96875","321.8333435058594","321.8333435058594","321.8333435058594","50.625","50.625","50.625"
"538","616.0703125","558.484375","673.65625","861.7421875","861.7421875","861.7421875","492.71875","492.71875","492.71875","50.07500076293945","50.07500076293945","50.07500076293945"
"539","522.3854064941406","509.25","535.5208129882812","1299.267822265625","1299.267822265625","1299.267822265625","235.22500610351562","235.22500610351562","235.22500610351562","45.25","45.25","45.25"
"540","567.4453125","463.546875","671.34375","1017.078125","1017.078125","1017.078125","592.5","592.5","592.5","54.0625","54.0625","54.0625"
"541","668.6666564941406","659.875","677.4583129882812","1173.5208740234375","1173.5208740234375","1173.5208740234375","394.1160583496094","394.1160583496094","394.1160583496094","78.8499984741211","78.8499984741211","78.8499984741211"
"542","454.984375","411.84375","498.125","992.3125","992.3125","992.3125","409.59375","409.59375","409.59375","43.3125","43.3125","43.3125"
"543","514.9696044921875","483.765625","546.173583984375","1071.8359375","1071.8359375","1071.8359375","308.40625","308.40625","308.40625","50.57500076293945","50.57500076293945","50.57500076293945"
"544","505.4410858154297","453.1696472167969","557.7125244140625","1376.6785888671875","1376.6785888671875","1376.6785888671875","407.5763854980469","407.5763854980469","407.5763854980469","43.29166793823242","43.29166793823242","43.29166793823242"
"545","568.546875","454.59375","682.5","937.7857055664062","937.7857055664062","937.7857055664062","459.4196472167969","459.4196472167969","459.4196472167969","38.875","38.875","38.875"
"546","558.0718688964844","547.3624877929688","568.78125","998.6071166992188","998.6071166992188","998.6071166992188","453.7916564941406","453.7916564941406","453.7916564941406","59","59","59"
"547","559.2555847167969","519.7142944335938","598.796875","1081.0521240234375","1081.0521240234375","1081.0521240234375","281.1160583496094","281.1160583496094","281.1160583496094","69.75","69.75","69.75"
"548","574.7890625","570.078125","579.5","1284.392822265625","1284.392822265625","1284.392822265625","653.9711303710938","653.9711303710938","653.9711303710938","47.42499923706055","47.42499923706055","47.42499923706055"
"549","621.8812255859375","599.4749755859375","644.2874755859375","891.2249755859375","891.2249755859375","891.2249755859375","444.7569580078125","444.7569580078125","444.7569580078125","38.375","38.375","38.375"
"550","476.625","383.84375","569.40625","1127.03125","1127.03125","1127.03125","639.2750244140625","639.2750244140625","639.2750244140625","38.34375","38.34375","38.34375"
"551","827.2864685058594","640.7291870117188","1013.84375","1479.7916259765625","1479.7916259765625","1479.7916259765625","416.1015625","416.1015625","416.1015625","55","55","55"
"552","559.3876342773438","550.7857055664062","567.9895629882812","962.6339111328125","962.6339111328125","962.6339111328125","290.40625","290.40625","290.40625","46.375","46.375","46.375"
"553","529.0718688964844","475.42498779296875","582.71875","1936.6041259765625","1936.6041259765625","1936.6041259765625","288.6180419921875","288.6180419921875","288.6180419921875","50.21875","50.21875","50.21875"
"554","509.65625","497.5625","521.75","746.1339111328125","746.1339111328125","746.1339111328125","643.65625","643.65625","643.65625","33.45833206176758","33.45833206176758","33.45833206176758"
"555","553.9739685058594","536.3229370117188","571.625","1073.7890625","1073.7890625","1073.7890625","464.2589416503906","464.2589416503906","464.2589416503906","39.91666793823242","39.91666793823242","39.91666793823242"
"556","580.9791564941406","555.2083129882812","606.75","1037.1339111328125","1037.1339111328125","1037.1339111328125","494.9609375","494.9609375","494.9609375","48.54166793823242","48.54166793823242","48.54166793823242"
"557","563.6281127929688","498.59375","628.6624755859375","1006.375","1006.375","1006.375","803.6666870117188","803.6666870117188","803.6666870117188","55.625","55.625","55.625"
"558","602.1432342529297","469.6458435058594","734.640625","1235.798583984375","1235.798583984375","1235.798583984375","473.99432373046875","473.99432373046875","473.99432373046875","47.125","47.125","47.125"
"559","713.4406127929688","694.65625","732.2249755859375","986.453125","986.453125","986.453125","981.8250122070312","981.8250122070312","981.8250122070312","36.875","36.875","36.875"
"560","569.5895843505859","418.1041564941406","721.0750122070312","985.6640625","985.6640625","985.6640625","502.4791564941406","502.4791564941406","502.4791564941406","46.39583206176758","46.39583206176758","46.39583206176758"
"561","595.3515625","491.328125","699.375","900.203125","900.203125","900.203125","578.34375","578.34375","578.34375","42.875","42.875","42.875"
"562","538.3515625","461.4375","615.265625","762.140625","762.140625","762.140625","358.95001220703125","358.95001220703125","358.95001220703125","25.625","25.625","25.625"
"563","556.25","513.03125","599.46875","1136.53125","1136.53125","1136.53125","446.8359375","446.8359375","446.8359375","39.25","39.25","39.25"
"564","801.125","514.5625","1087.6875","842.3698120117188","842.3698120117188","842.3698120117188","518.7222290039062","518.7222290039062","518.7222290039062","44.1875","44.1875","44.1875"
"565","465.140625","432.8125","497.46875","1170.75","1170.75","1170.75","331.828125","331.828125","331.828125","39.6875","39.6875","39.6875"
"566","560.3687438964844","522.875","597.8624877929688","705.6964111328125","705.6964111328125","705.6964111328125","814.015625","814.015625","814.015625","73.375","73.375","73.375"
"567","789.1328125","774.171875","804.09375","1591.7083740234375","1591.7083740234375","1591.7083740234375","434.9375","434.9375","434.9375","48.125","48.125","48.125"
"568","582.9618225097656","539.0694580078125","626.8541870117188","949.8333129882812","949.8333129882812","949.8333129882812","471.52679443359375","471.52679443359375","471.52679443359375","47.42499923706055","47.42499923706055","47.42499923706055"
"569","506.8828125","475.6875","538.078125","1026.919677734375","1026.919677734375","1026.919677734375","706.6607055664062","706.6607055664062","706.6607055664062","46","46","46"
"570","522.2526092529297","449.2708435058594","595.234375","932.9296875","932.9296875","932.9296875","335.1875","335.1875","335.1875","37.79166793823242","37.79166793823242","37.79166793823242"
"571","782.5812377929688","698.1875","866.9749755859375","1745.517822265625","1745.517822265625","1745.517822265625","413.8333435058594","413.8333435058594","413.8333435058594","47.875","47.875","47.875"
"572","548.0416564941406","518.1458129882812","577.9375","1540.9375","1540.9375","1540.9375","294.84375","294.84375","294.84375","50","50","50"
"573","561.0357055664062","539.0089111328125","583.0625","1006.4375","1006.4375","1006.4375","605.6805419921875","605.6805419921875","605.6805419921875","41.625","41.625","41.625"
"574","611.2249755859375","611.2249755859375","611.2249755859375","1218.875","1218.875","1218.875","405.6041564941406","405.6041564941406","405.6041564941406","40.78125","40.78125","40.78125"
"575","593.953125","593.953125","593.953125","1266.8819580078125","1266.8819580078125","1266.8819580078125","450.265625","450.265625","450.265625","58.64583206176758","58.64583206176758","58.64583206176758"
"576","436.9791564941406","436.9791564941406","436.9791564941406","1089.21875","1089.21875","1089.21875","548.3035888671875","548.3035888671875","548.3035888671875","30.58333396911621","30.58333396911621","30.58333396911621"
"577","646.1624755859375","646.1624755859375","646.1624755859375","1207.09375","1207.09375","1207.09375","357.15625","357.15625","357.15625","31.375","31.375","31.375"
"578","601.7874755859375","601.7874755859375","601.7874755859375","1045.044677734375","1045.044677734375","1045.044677734375","501.3928527832031","501.3928527832031","501.3928527832031","45.33333206176758","45.33333206176758","45.33333206176758"
"579","490.03125","490.03125","490.03125","1157.7750244140625","1157.7750244140625","1157.7750244140625","329.96875","329.96875","329.96875","31.375","31.375","31.375"
"580","678.359375","678.359375","678.359375","743.0520629882812","743.0520629882812","743.0520629882812","446.75","446.75","446.75","27.8125","27.8125","27.8125"
"581","593.5714111328125","593.5714111328125","593.5714111328125","1034.625","1034.625","1034.625","445.6666564941406","445.6666564941406","445.6666564941406","41.75","41.75","41.75"
"582","586.2874755859375","586.2874755859375","586.2874755859375","1105.8021240234375","1105.8021240234375","1105.8021240234375","443.38751220703125","443.38751220703125","443.38751220703125","41.5","41.5","41.5"
"583","846.625","846.625","846.625","1293.0374755859375","1293.0374755859375","1293.0374755859375","415","415","415","45.9375","45.9375","45.9375"
"584","454.27679443359375","454.27679443359375","454.27679443359375","848.6071166992188","848.6071166992188","848.6071166992188","1296.4285888671875","1296.4285888671875","1296.4285888671875","34.46875","34.46875","34.46875"
"585","625.75","625.75","625.75","873.2569580078125","873.2569580078125","873.2569580078125","1020.875","1020.875","1020.875","40.125","40.125","40.125"
"586","474.6875","474.6875","474.6875","1086.015625","1086.015625","1086.015625","552.625","552.625","552.625","94.75","94.75","94.75"
"587","788.1354370117188","788.1354370117188","788.1354370117188","757.2421875","757.2421875","757.2421875","454.25","454.25","454.25","54.525001525878906","54.525001525878906","54.525001525878906"
"588","488.34375","488.34375","488.34375","934.9562377929688","934.9562377929688","934.9562377929688","344.8645935058594","344.8645935058594","344.8645935058594","37","37","37"
"589","587.4375","587.4375","587.4375","912.5","912.5","912.5","552.3875122070312","552.3875122070312","552.3875122070312","26.8125","26.8125","26.8125"
"590","860.78125","860.78125","860.78125","1281.6517333984375","1281.6517333984375","1281.6517333984375","780.5374755859375","780.5374755859375","780.5374755859375","32","32","32"
"591","863.609375","863.609375","863.609375","1079.0625","1079.0625","1079.0625","863.9812622070312","863.9812622070312","863.9812622070312","50.375","50.375","50.375"
"592","841.1500244140625","841.1500244140625","841.1500244140625","1019.1187744140625","1019.1187744140625","1019.1187744140625","1048.3375244140625","1048.3375244140625","1048.3375244140625","42.9375","42.9375","42.9375"
"593","911","911","911","844.1953125","844.1953125","844.1953125","297.6015625","297.6015625","297.6015625","94.25","94.25","94.25"
"594","539.71875","539.71875","539.71875","994.59375","994.59375","994.59375","592.9874877929688","592.9874877929688","592.9874877929688","37.96875","37.96875","37.96875"
"595","1428.71875","1428.71875","1428.71875","878.5729370117188","878.5729370117188","878.5729370117188","364.7678527832031","364.7678527832031","364.7678527832031","41.875","41.875","41.875"
"596","517.75","517.75","517.75","740.8333129882812","740.8333129882812","740.8333129882812","927.763916015625","927.763916015625","927.763916015625","85.20833587646484","85.20833587646484","85.20833587646484"
"597","591.7083129882812","591.7083129882812","591.7083129882812","807.4722290039062","807.4722290039062","807.4722290039062","452.1696472167969","452.1696472167969","452.1696472167969","61","61","61"
"598","848.8125","848.8125","848.8125","1007.984375","1007.984375","1007.984375","654.0078125","654.0078125","654.0078125","47.875","47.875","47.875"
"599","1437.1666259765625","1437.1666259765625","1437.1666259765625","1105.512451171875","1105.512451171875","1105.512451171875","723.46875","723.46875","723.46875","54.75","54.75","54.75"
"600","727.9375","727.9375","727.9375","1410.3646240234375","1410.3646240234375","1410.3646240234375","757.84375","757.84375","757.84375","69.125","69.125","69.125"
"601","1208.375","1208.375","1208.375","943.1352844238281","940.1171875","946.1533813476562","348.21875","348.21875","348.21875","28.125","28.125","28.125"
"602","1078.6041259765625","1078.6041259765625","1078.6041259765625","784.578125","619","950.15625","375.2604064941406","375.2604064941406","375.2604064941406","65.875","65.875","65.875"
"603","529.8958129882812","529.8958129882812","529.8958129882812","875.3312377929688","744.2874755859375","1006.375","669.2410888671875","669.2410888671875","669.2410888671875","64.04166412353516","64.04166412353516","64.04166412353516"
"604","725.375","725.375","725.375","689.6573791503906","668.8928833007812","710.421875","647.9166870117188","647.9166870117188","647.9166870117188","36.5625","36.5625","36.5625"
"605","1049.5208740234375","1049.5208740234375","1049.5208740234375","1028.1674194335938","993.9910888671875","1062.34375","354.4125061035156","354.4125061035156","354.4125061035156","76.5","76.5","76.5"
"606","827.8125","827.8125","827.8125","1020.2057189941406","895.2708129882812","1145.140625","785.65625","785.65625","785.65625","21.9375","21.9375","21.9375"
"607","565.1875","565.1875","565.1875","715.1294555664062","709.4017944335938","720.8571166992188","390.875","390.875","390.875","39.25","39.25","39.25"
"608","595.5625","595.5625","595.5625","1065.9292602539062","1060.0687255859375","1071.789794921875","275.328125","275.328125","275.328125","48.25","48.25","48.25"
"609","938.65625","938.65625","938.65625","1080.7874755859375","1078.949951171875","1082.625","400.0803527832031","400.0803527832031","400.0803527832031","43.04999923706055","43.04999923706055","43.04999923706055"
"610","995.3624877929688","995.3624877929688","995.3624877929688","918.3390502929688","915.1624755859375","921.515625","862.0446166992188","862.0446166992188","862.0446166992188","45.07500076293945","45.07500076293945","45.07500076293945"
"611","446.4375","446.4375","446.4375","1293.4739379882812","1133.625","1453.3228759765625","341.0249938964844","341.0249938964844","341.0249938964844","63.75","63.75","63.75"
"612","743.7109375","743.7109375","743.7109375","642.21875","624.4166870117188","660.0208129882812","319.9196472167969","319.9196472167969","319.9196472167969","53.5","53.5","53.5"
"613","656.2374877929688","656.2374877929688","656.2374877929688","888.7708435058594","865.1666870117188","912.375","573.4910888671875","573.4910888671875","573.4910888671875","41.45833206176758","41.45833206176758","41.45833206176758"
"614","594.140625","594.140625","594.140625","1042.2938232421875","922.298583984375","1162.2890625","454.546875","454.546875","454.546875","44.16666793823242","44.16666793823242","44.16666793823242"
"615","651.921875","651.921875","651.921875","837.9538879394531","772.8660888671875","903.0416870117188","585.6484375","585.6484375","585.6484375","49.125","49.125","49.125"
"616","627.5833129882812","627.5833129882812","627.5833129882812","752.8763122558594","721.1666870117188","784.5859375","505.5625","505.5625","505.5625","89.3125","89.3125","89.3125"
"617","454.125","454.125","454.125","1103.0436401367188","982.5069580078125","1223.580322265625","570.6964111328125","570.6964111328125","570.6964111328125","52.75","52.75","52.75"
"618","485.125","485.125","485.125","899.6319580078125","820.4791870117188","978.7847290039062","1082.125","1082.125","1082.125","49.33333206176758","49.33333206176758","49.33333206176758"
"619","649.1666870117188","649.1666870117188","649.1666870117188","1278.46484375","1192.0546875","1364.875","618.4943237304688","618.4943237304688","618.4943237304688","38.5","38.5","38.5"
"620","636.1500244140625","636.1500244140625","636.1500244140625","872.8541870117188","790.951416015625","954.7569580078125","287.8333435058594","287.8333435058594","287.8333435058594","40.0625","40.0625","40.0625"
"621","614.3250122070312","614.3250122070312","614.3250122070312","782.2139892578125","753.576416015625","810.8515625","429.51251220703125","429.51251220703125","429.51251220703125","25.625","25.625","25.625"
"622","619.3333129882812","619.3333129882812","619.3333129882812","948.1614379882812","829.09375","1067.2291259765625","988.71875","988.71875","988.71875","61.6875","61.6875","61.6875"
"623","801.96875","801.96875","801.96875","885.2315368652344","817.84375","952.6193237304688","802.6785888671875","802.6785888671875","802.6785888671875","54.625","54.625","54.625"
"624","1317.96875","1317.96875","1317.96875","679.9186706542969","642.4444580078125","717.3928833007812","480.5625","480.5625","480.5625","48.41666793823242","48.41666793823242","48.41666793823242"
"625","885.5","885.5","885.5","535.71875","441.625","629.8125","578.9140625","578.9140625","578.9140625","50.125","50.125","50.125"
"626","907.0104370117188","907.0104370117188","907.0104370117188","748.9125061035156","714.5125122070312","783.3125","253.5","253.5","253.5","47.125","47.125","47.125"
"627","640.5499877929688","640.5499877929688","640.5499877929688","708.7630310058594","598.3541870117188","819.171875","570.4642944335938","570.4642944335938","570.4642944335938","39.625","39.625","39.625"
"628","649.75","649.75","649.75","636.3534240722656","616.8839111328125","655.8229370117188","708.9196166992188","708.9196166992188","708.9196166992188","60.07500076293945","60.07500076293945","60.07500076293945"
"629","1245.9625244140625","1245.9625244140625","1245.9625244140625","757.9196472167969","673.3392944335938","842.5","477.9479064941406","477.9479064941406","477.9479064941406","71.08333587646484","71.08333587646484","71.08333587646484"
"630","518.59375","518.59375","518.59375","933.7562561035156","920.4375","947.0750122070312","258.5874938964844","258.5874938964844","258.5874938964844","52.95833206176758","52.95833206176758","52.95833206176758"
"631","708.2916870117188","708.2916870117188","708.2916870117188","1097.052490234375","1094.59716796875","1099.5078125","521.9500122070312","521.9500122070312","521.9500122070312","89.125","89.125","89.125"
"632","703.0125122070312","703.0125122070312","703.0125122070312","1092.2048950195312","1076.6319580078125","1107.77783203125","424.53570556640625","424.53570556640625","424.53570556640625","64.5","64.5","64.5"
"633","933.9375","933.9375","933.9375","1092.8801879882812","1037.3125","1148.4478759765625","553.5341186523438","553.5341186523438","553.5341186523438","38.75","38.75","38.75"
"634","624.0833129882812","624.0833129882812","624.0833129882812","1076.1158752441406","940.6926879882812","1211.5390625","1124.2083740234375","1124.2083740234375","1124.2083740234375","45.45833206176758","45.45833206176758","45.45833206176758"
"635","664.1375122070312","664.1375122070312","664.1375122070312","781.5257873535156","702.0446166992188","861.0069580078125","432.6979064941406","432.6979064941406","432.6979064941406","40.04166793823242","40.04166793823242","40.04166793823242"
"636","1044.0625","1044.0625","1044.0625","1311.8303833007812","1292.5625","1331.0982666015625","894.90625","894.90625","894.90625","52.5625","52.5625","52.5625"
"637","658.265625","658.265625","658.265625","931.8258972167969","900.6517944335938","963","312.5","312.5","312.5","61.546875","61.546875","61.546875"
"638","449.5","449.5","449.5","823.953125","752.90625","895","768.4017944335938","768.4017944335938","768.4017944335938","61.40625","61.40625","61.40625"
"639","627.6375122070312","627.6375122070312","627.6375122070312","548.5757141113281","530.5125122070312","566.638916015625","959.0535888671875","959.0535888671875","959.0535888671875","36.25","36.25","36.25"
"640","703.4791870117188","703.4791870117188","703.4791870117188","1088.21875","990.5625","1185.875","468.875","468.875","468.875","28.20833396911621","28.20833396911621","28.20833396911621"
"641","595.0625","595.0625","595.0625","966.747802734375","887.8984375","1045.59716796875","280.54998779296875","280.54998779296875","280.54998779296875","47.91666793823242","47.91666793823242","47.91666793823242"
"642","697.78125","697.78125","697.78125","1031.0870666503906","938.4553833007812","1123.71875","745.71875","745.71875","745.71875","25","25","25"
"643","674.25","674.25","674.25","1218.43359375","1143.3984375","1293.46875","391.13751220703125","391.13751220703125","391.13751220703125","31.0625","31.0625","31.0625"
"644","555.109375","555.109375","555.109375","1189.5664672851562","1105.4107666015625","1273.72216796875","230.65625","230.65625","230.65625","36.875","36.875","36.875"
"645","727.7578125","727.7578125","727.7578125","1008.515625","862.78125","1154.25","447.3125","447.3125","447.3125","51.33333206176758","51.33333206176758","51.33333206176758"
"646","507","507","507","1189.4639282226562","971.9625244140625","1406.96533203125","280.8500061035156","280.8500061035156","280.8500061035156","50.375","50.375","50.375"
"647","422.5625","422.5625","422.5625","1251.7023315429688","1025.1312255859375","1478.2734375","222.0729217529297","222.0729217529297","222.0729217529297","30.125","30.125","30.125"
"648","475.59375","475.59375","475.59375","777.9692993164062","602.8214111328125","953.1171875","366.5625","366.5625","366.5625","49.6875","49.6875","49.6875"
"649","567.609375","567.609375","567.609375","1444.5958251953125","1401.7125244140625","1487.4791259765625","293.47320556640625","293.47320556640625","293.47320556640625","39.03125","39.03125","39.03125"
"650","1157.387451171875","1157.387451171875","1157.387451171875","828.6961059570312","771.0875244140625","886.3046875","702.765625","702.765625","702.765625","50.58333206176758","50.58333206176758","50.58333206176758"
"651","603.6624755859375","603.6624755859375","603.6624755859375","1615.27294921875","1471.4625244140625","1759.0833740234375","465.8958435058594","465.8958435058594","465.8958435058594","27.25","27.25","27.25"
"652","696.65625","696.65625","696.65625","1245.5256652832031","886.1607055664062","1604.890625","540.625","540.625","540.625","27.75","27.75","27.75"
"653","656","656","656","1035.2874755859375","897.6875","1172.887451171875","371.1875","371.1875","371.1875","28.625","28.625","28.625"
"654","658.109375","658.109375","658.109375","853.4296875","617.640625","1089.21875","510.9583435058594","510.9583435058594","510.9583435058594","38.8125","38.8125","38.8125"
"655","730.96875","730.96875","730.96875","1329.6473388671875","1225","1434.294677734375","278.3229064941406","278.3229064941406","278.3229064941406","25.5","25.5","25.5"
"656","705.9000244140625","705.9000244140625","705.9000244140625","1791.5625","1698.4375","1884.6875","756.8125","756.8125","756.8125","49.125","49.125","49.125"
"657","1074.7083740234375","1074.7083740234375","1074.7083740234375","977.006103515625","609.234375","1344.77783203125","442.3541564941406","442.3541564941406","442.3541564941406","53.849998474121094","53.849998474121094","53.849998474121094"
"658","389.1875","389.1875","389.1875","1276.4107666015625","1276.4107666015625","1276.4107666015625","651.953125","651.953125","651.953125","56.46428680419922","56.46428680419922","56.46428680419922"
"659","698.4166870117188","698.4166870117188","698.4166870117188","1257.5","1257.5","1257.5","370.25","370.25","370.25","52.04166793823242","52.04166793823242","52.04166793823242"
"660","753.4375","753.4375","753.4375","1370.0625","1370.0625","1370.0625","313.88751220703125","313.88751220703125","313.88751220703125","52.75","52.75","52.75"
"661","484.5874938964844","484.5874938964844","484.5874938964844","1908.96875","1908.96875","1908.96875","316.2395935058594","316.2395935058594","316.2395935058594","45.8125","45.8125","45.8125"
"662","328.625","328.625","328.625","921.6875","921.6875","921.6875","184.5","184.5","184.5","43.79166793823242","43.79166793823242","43.79166793823242"
"663","581.3250122070312","581.3250122070312","581.3250122070312","1198.625","1198.625","1198.625","411.70001220703125","411.70001220703125","411.70001220703125","53.25","53.25","53.25"
"664","669.75","669.75","669.75","1738.21875","1738.21875","1738.21875","307.28125","307.28125","307.28125","82.875","82.875","82.875"
"665","532.53125","532.53125","532.53125","1334.7421875","1334.7421875","1334.7421875","632.0859375","632.0859375","632.0859375","42.53125","42.53125","42.53125"
"666","857.8125","857.8125","857.8125","1412.97216796875","1412.97216796875","1412.97216796875","310.203125","310.203125","310.203125","41","41","41"
"667","540.96875","540.96875","540.96875","1278.265625","1278.265625","1278.265625","587.6666870117188","587.6666870117188","587.6666870117188","45.6875","45.6875","45.6875"
"668","833.6666870117188","833.6666870117188","833.6666870117188","1572.9375","1572.9375","1572.9375","510.5234375","510.5234375","510.5234375","44.6875","44.6875","44.6875"
"669","583.40625","583.40625","583.40625","914.1527709960938","914.1527709960938","914.1527709960938","459.58929443359375","459.58929443359375","459.58929443359375","44.90625","44.90625","44.90625"
"670","478.203125","478.203125","478.203125","1271.612548828125","1271.612548828125","1271.612548828125","271.6666564941406","271.6666564941406","271.6666564941406","34","34","34"
"671","514.125","514.125","514.125","1186.642822265625","1186.642822265625","1186.642822265625","326.25","326.25","326.25","60.20833206176758","60.20833206176758","60.20833206176758"
"672","570.28125","570.28125","570.28125","628.8541870117188","628.8541870117188","628.8541870117188","479.484375","479.484375","479.484375","50.375","50.375","50.375"
"673","515.7083129882812","515.7083129882812","515.7083129882812","818.9285888671875","818.9285888671875","818.9285888671875","248.78125","248.78125","248.78125","48.5","48.5","48.5"
"674","436.84375","436.84375","436.84375","932.4017944335938","932.4017944335938","932.4017944335938","370.5089416503906","370.5089416503906","370.5089416503906","86.5","86.5","86.5"
"675","1139.15625","1139.15625","1139.15625","1417.762451171875","1417.762451171875","1417.762451171875","351.78125","351.78125","351.78125","22","22","22"
"676","478.125","478.125","478.125","1558.0625","1558.0625","1558.0625","471.75","471.75","471.75","41.625","41.625","41.625"
"677","653.0208129882812","653.0208129882812","653.0208129882812","1022.7321166992188","1022.7321166992188","1022.7321166992188","345.140625","345.140625","345.140625","58.125","58.125","58.125"
"678","440.0625","440.0625","440.0625","1172.169677734375","1172.169677734375","1172.169677734375","560.8928833007812","560.8928833007812","560.8928833007812","51.125","51.125","51.125"
"679","698.2291870117188","698.2291870117188","698.2291870117188","950.8125","950.8125","950.8125","312.48748779296875","312.48748779296875","312.48748779296875","32.5625","32.5625","32.5625"
"680","1173.15625","1173.15625","1173.15625","1214.612548828125","1214.612548828125","1214.612548828125","395.4791564941406","395.4791564941406","395.4791564941406","34.71875","34.71875","34.71875"
"681","856.375","856.375","856.375","1203.4375","1203.4375","1203.4375","572.2321166992188","572.2321166992188","572.2321166992188","72.125","72.125","72.125"
"682","779","779","779","1080.625","1080.625","1080.625","509.1875","509.1875","509.1875","29.875","29.875","29.875"
"683","608.953125","608.953125","608.953125","940.15625","940.15625","940.15625","862.1696166992188","862.1696166992188","862.1696166992188","60.125","60.125","60.125"
"684","779.25","779.25","779.25","1086.9625244140625","1086.9625244140625","1086.9625244140625","516.5416870117188","516.5416870117188","516.5416870117188","58.1875","58.1875","58.1875"
"685","609.7291870117188","609.7291870117188","609.7291870117188","741.78125","741.78125","741.78125","1011.1458129882812","1011.1458129882812","1011.1458129882812","42.41666793823242","42.41666793823242","42.41666793823242"
"686","926.046875","926.046875","926.046875","1340.6458740234375","1340.6458740234375","1340.6458740234375","304.765625","304.765625","304.765625","46.875","46.875","46.875"
"687","726.3541870117188","726.3541870117188","726.3541870117188","1148.90625","1148.90625","1148.90625","504.5625","504.5625","504.5625","40.75","40.75","40.75"
"688","423.625","423.625","423.625","752.4500122070312","752.4500122070312","752.4500122070312","666.7708129882812","666.7708129882812","666.7708129882812","58.25","58.25","58.25"
"689","613.0374755859375","613.0374755859375","613.0374755859375","1132.75","1132.75","1132.75","338.4375","338.4375","338.4375","41.625","41.625","41.625"
"690","682.0520629882812","682.0520629882812","682.0520629882812","1281.9921875","1281.9921875","1281.9921875","314.625","314.625","314.625","39.5625","39.5625","39.5625"
"691","993.9791870117188","993.9791870117188","993.9791870117188","868.375","868.375","868.375","198.140625","198.140625","198.140625","33.875","33.875","33.875"
"692","752.15625","752.15625","752.15625","1496","1496","1496","254.5833282470703","254.5833282470703","254.5833282470703","38.75","38.75","38.75"
"693","460.3958435058594","460.3958435058594","460.3958435058594","830.9270629882812","830.9270629882812","830.9270629882812","884.9000244140625","884.9000244140625","884.9000244140625","37.83333206176758","37.83333206176758","37.83333206176758"
"694","396.96875","396.96875","396.96875","974.625","974.625","974.625","815.25","815.25","815.25","34.96875","34.96875","34.96875"
"695","821.0416870117188","821.0416870117188","821.0416870117188","883.3375244140625","883.3375244140625","883.3375244140625","245.109375","245.109375","245.109375","59.91666793823242","59.91666793823242","59.91666793823242"
"696","556.96875","556.96875","556.96875","1262.8541259765625","1262.8541259765625","1262.8541259765625","876.9375","876.9375","876.9375","47.58333206176758","47.58333206176758","47.58333206176758"
"697","357.9375","357.9375","357.9375","946.4375","946.4375","946.4375","508.15625","508.15625","508.15625","44.25","44.25","44.25"
"698","681.3333129882812","681.3333129882812","681.3333129882812","1796.5625","1796.5625","1796.5625","826.484375","826.484375","826.484375","33.5","33.5","33.5"
"699","429.140625","429.140625","429.140625","1197.65625","1197.65625","1197.65625","378.96875","378.96875","378.96875","43.95833206176758","43.95833206176758","43.95833206176758"
"700","936.8125","936.8125","936.8125","1281.8214111328125","1281.8214111328125","1281.8214111328125","363.8125","363.8125","363.8125","45.125","45.125","45.125"
"701","378.9375","378.9375","378.9375","1135.9791259765625","1135.9791259765625","1135.9791259765625","320.765625","320.765625","320.765625","44.125","44.125","44.125"
"702","629.15625","629.15625","629.15625","898.4791870117188","898.4791870117188","898.4791870117188","508.0833435058594","508.0833435058594","508.0833435058594","22","22","22"
"703","523.75","523.75","523.75","636.7857055664062","636.7857055664062","636.7857055664062","320.3541564941406","320.3541564941406","320.3541564941406","48.95000076293945","48.95000076293945","48.95000076293945"
"704","628.15625","628.15625","628.15625","978.96875","978.96875","978.96875","398.4270935058594","398.4270935058594","398.4270935058594","52.625","52.625","52.625"
"705","603.6875","603.6875","603.6875","802.875","802.875","802.875","773.9791870117188","773.9791870117188","773.9791870117188","37","37","37"
"706","526.9375","526.9375","526.9375","589.9166870117188","589.9166870117188","589.9166870117188","348.4583435058594","348.4583435058594","348.4583435058594","40","40","40"
"707","539.875","539.875","539.875","978.4107055664062","978.4107055664062","978.4107055664062","292.54998779296875","292.54998779296875","292.54998779296875","40.349998474121094","40.349998474121094","40.349998474121094"
"708","450.71875","450.71875","450.71875","773.2222290039062","773.2222290039062","773.2222290039062","804.5416870117188","804.5416870117188","804.5416870117188","41.125","41.125","41.125"
"709","518.1875","518.1875","518.1875","1148.737548828125","1148.737548828125","1148.737548828125","497.953125","497.953125","497.953125","59.83333206176758","59.83333206176758","59.83333206176758"
"710","298.5625","298.5625","298.5625","1158.137451171875","1158.137451171875","1158.137451171875","312.78125","312.78125","312.78125","35.20000076293945","35.20000076293945","35.20000076293945"
"711","769.84375","769.84375","769.84375","1126.1607666015625","1126.1607666015625","1126.1607666015625","539.25","539.25","539.25","53.5","53.5","53.5"
"712","575.6964111328125","575.6964111328125","575.6964111328125","792.8928833007812","792.8928833007812","792.8928833007812","243.9875030517578","243.9875030517578","243.9875030517578","46.16666793823242","46.16666793823242","46.16666793823242"
"713","421.1458435058594","421.1458435058594","421.1458435058594","1498.0625","1498.0625","1498.0625","380.34375","380.34375","380.34375","36.16666793823242","36.16666793823242","36.16666793823242"
"714","691.25","691.25","691.25","1514.46875","1514.46875","1514.46875","473.5520935058594","473.5520935058594","473.5520935058594","37.66666793823242","37.66666793823242","37.66666793823242"
"715","496.65625","496.65625","496.65625","1152.5728759765625","1152.5728759765625","1152.5728759765625","849.09375","849.09375","849.09375","54","54","54"
"716","431.6875","431.6875","431.6875","587.6875","587.6875","587.6875","338.1625061035156","338.1625061035156","338.1625061035156","40.25","40.25","40.25"
"717","626.375","626.375","626.375","1198.0875244140625","1198.0875244140625","1198.0875244140625","536.15625","536.15625","536.15625","23.75","23.75","23.75"
"718","409.57501220703125","409.57501220703125","409.57501220703125","992.1071166992188","992.1071166992188","992.1071166992188","485.9910583496094","485.9910583496094","485.9910583496094","38.375","38.375","38.375"
"719","379.59375","379.59375","379.59375","702.5562744140625","702.5562744140625","702.5562744140625","446.1875","446.1875","446.1875","52.4375","52.4375","52.4375"
"720","385.8958435058594","385.8958435058594","385.8958435058594","677.2374877929688","677.2374877929688","677.2374877929688","629.5","629.5","629.5","37.83333206176758","37.83333206176758","37.83333206176758"
"721","475.9750061035156","475.9750061035156","475.9750061035156","739.6749877929688","739.6749877929688","739.6749877929688","452.0520935058594","452.0520935058594","452.0520935058594","50.25","50.25","50.25"
"722","802.546875","802.546875","802.546875","1096.3541259765625","1096.3541259765625","1096.3541259765625","349.0208435058594","349.0208435058594","349.0208435058594","55","55","55"
"723","439.59375","439.59375","439.59375","1199.3541259765625","1199.3541259765625","1199.3541259765625","410.3999938964844","410.3999938964844","410.3999938964844","23.75","23.75","23.75"
"724","506.5","506.5","506.5","610.201416015625","610.201416015625","610.201416015625","238.0749969482422","238.0749969482422","238.0749969482422","41.41666793823242","41.41666793823242","41.41666793823242"
"725","425.1875","425.1875","425.1875","1184.453125","1184.453125","1184.453125","302.75","302.75","302.75","34.20833206176758","34.20833206176758","34.20833206176758"
"726","476.8541564941406","476.8541564941406","476.8541564941406","993.9910888671875","993.9910888671875","993.9910888671875","614.09375","614.09375","614.09375","46.125","46.125","46.125"
"727","465.61248779296875","465.61248779296875","465.61248779296875","781.53125","781.53125","781.53125","228.375","228.375","228.375","61.625","61.625","61.625"
"728","394.71875","394.71875","394.71875","1297.0875244140625","1297.0875244140625","1297.0875244140625","694.9464111328125","694.9464111328125","694.9464111328125","53.85416793823242","53.85416793823242","53.85416793823242"
"729","505.0208435058594","505.0208435058594","505.0208435058594","1231.34375","1231.34375","1231.34375","988.78125","988.78125","988.78125","70.41666412353516","70.41666412353516","70.41666412353516"
"730","484.1875","484.1875","484.1875","928.1071166992188","928.1071166992188","928.1071166992188","314.75","314.75","314.75","42.84375","42.84375","42.84375"
"731","439.3333435058594","439.3333435058594","439.3333435058594","1192.75","1192.75","1192.75","340.046875","340.046875","340.046875","63","63","63"
"732","533.234375","533.234375","533.234375","1174.4375","1174.4375","1174.4375","350.84027099609375","350.84027099609375","350.84027099609375","47","47","47"
"733","430.46875","430.46875","430.46875","601.40625","601.40625","601.40625","548.796875","548.796875","548.796875","79.4375","79.4375","79.4375"
"734","869.84375","869.84375","869.84375","1149.9000244140625","1149.9000244140625","1149.9000244140625","186.15625","186.15625","186.15625","71.25","71.25","71.25"
"735","618.2708129882812","618.2708129882812","618.2708129882812","1058.9375","1058.9375","1058.9375","323.25","323.25","323.25","30.625","30.625","30.625"
"736","466.578125","466.578125","466.578125","612.46875","612.46875","612.46875","461.8020935058594","461.8020935058594","461.8020935058594","55.6875","55.6875","55.6875"
"737","760.3392944335938","760.3392944335938","760.3392944335938","882.1375122070312","882.1375122070312","882.1375122070312","304.71875","304.71875","304.71875","60.54166793823242","60.54166793823242","60.54166793823242"
"738","476.9375","476.9375","476.9375","1863.3333740234375","1863.3333740234375","1863.3333740234375","384.875","384.875","384.875","42.5","42.5","42.5"
"739","793.703125","793.703125","793.703125","1209.675048828125","1209.675048828125","1209.675048828125","221.625","221.625","221.625","47","47","47"
"740","731.625","731.625","731.625","1567.09375","1567.09375","1567.09375","386.3958435058594","386.3958435058594","386.3958435058594","65.8125","65.8125","65.8125"
"741","499.78125","499.78125","499.78125","1279.703125","1279.703125","1279.703125","371.8125","371.8125","371.8125","95.5","95.5","95.5"
"742","533.203125","533.203125","533.203125","919.6875","919.6875","919.6875","248.22500610351562","248.22500610351562","248.22500610351562","52","52","52"
"743","621.40625","621.40625","621.40625","1076.482177734375","1076.482177734375","1076.482177734375","293.2410583496094","293.2410583496094","293.2410583496094","43.125","43.125","43.125"
"744","587.09375","587.09375","587.09375","1566.40625","1566.40625","1566.40625","651.578125","651.578125","651.578125","80.30357360839844","80.30357360839844","80.30357360839844"
"745","471.2291564941406","471.2291564941406","471.2291564941406","776.1875","776.1875","776.1875","370.21875","370.21875","370.21875","50.650001525878906","50.650001525878906","50.650001525878906"
"746","625.8125","625.8125","625.8125","1196.78125","1196.78125","1196.78125","324.3214416503906","324.3214416503906","324.3214416503906","36.75","36.75","36.75"
"747","590.234375","590.234375","590.234375","1094.1041259765625","1094.1041259765625","1094.1041259765625","289.125","289.125","289.125","53.79166793823242","53.79166793823242","53.79166793823242"
"748","702.5499877929688","702.5499877929688","702.5499877929688","684.0208129882812","684.0208129882812","684.0208129882812","326.65625","326.65625","326.65625","87","87","87"
"749","737.7916870117188","737.7916870117188","737.7916870117188","1491.890625","1491.890625","1491.890625","444.703125","444.703125","444.703125","49.1875","49.1875","49.1875"
"750","750.3125","750.3125","750.3125","1481.96533203125","1481.96533203125","1481.96533203125","217.875","217.875","217.875","54.25","54.25","54.25"
"751","647.90625","647.90625","647.90625","987.8303833007812","987.8303833007812","987.8303833007812","316.15179443359375","316.15179443359375","316.15179443359375","45.14583206176758","45.14583206176758","45.14583206176758"
"752","672.2708129882812","672.2708129882812","672.2708129882812","1347.2291259765625","1347.2291259765625","1347.2291259765625","353.2986145019531","353.2986145019531","353.2986145019531","61.70833206176758","61.70833206176758","61.70833206176758"
"753","864.9821166992188","864.9821166992188","864.9821166992188","1573.390625","1573.390625","1573.390625","755.7291870117188","755.7291870117188","755.7291870117188","91.5625","91.5625","91.5625"
"754","693.3541870117188","693.3541870117188","693.3541870117188","1574.9375","1574.9375","1574.9375","295.5","295.5","295.5","56.375","56.375","56.375"
"755","894.625","894.625","894.625","797.5625","797.5625","797.5625","446.6875","446.6875","446.6875","45.1875","45.1875","45.1875"
"756","977.78125","977.78125","977.78125","909.6624755859375","909.6624755859375","909.6624755859375","326.95001220703125","326.95001220703125","326.95001220703125","44.5","44.5","44.5"
"757","955.7708129882812","955.7708129882812","955.7708129882812","1653.4453125","1653.4453125","1653.4453125","288.5416564941406","288.5416564941406","288.5416564941406","30","30","30"
"758","714.2374877929688","714.2374877929688","714.2374877929688","1087.0208740234375","1087.0208740234375","1087.0208740234375","338.234375","338.234375","338.234375","65.91666412353516","65.91666412353516","65.91666412353516"
"759","772.5499877929688","772.5499877929688","772.5499877929688","1344.2916259765625","1344.2916259765625","1344.2916259765625","279.9166564941406","279.9166564941406","279.9166564941406","44.25","44.25","44.25"
"760","1482.762451171875","1482.762451171875","1482.762451171875","1688.296875","1688.296875","1688.296875","340","340","340","46.16666793823242","46.16666793823242","46.16666793823242"
"761","987.9375","987.9375","987.9375","702.625","702.625","702.625","505.1458435058594","505.1458435058594","505.1458435058594","57.46875","57.46875","57.46875"
"762","838.6979370117188","838.6979370117188","838.6979370117188","940.0750122070312","940.0750122070312","940.0750122070312","383.3541564941406","383.3541564941406","383.3541564941406","54.974998474121094","54.974998474121094","54.974998474121094"
"763","719.9625244140625","719.9625244140625","719.9625244140625","1576.7874755859375","1576.7874755859375","1576.7874755859375","454.03125","454.03125","454.03125","32.375","32.375","32.375"
"764","645.0892944335938","645.0892944335938","645.0892944335938","1511.921875","1511.921875","1511.921875","302.2569580078125","302.2569580078125","302.2569580078125","57.25","57.25","57.25"
"765","572.9270629882812","572.9270629882812","572.9270629882812","857.109375","857.109375","857.109375","301.3645935058594","301.3645935058594","301.3645935058594","40.375","40.375","40.375"
"766","572.2374877929688","572.2374877929688","572.2374877929688","1235.3035888671875","1235.3035888671875","1235.3035888671875","453.6979064941406","453.6979064941406","453.6979064941406","49.375","49.375","49.375"
"767","651","651","651","1178.890625","1178.890625","1178.890625","743.53125","743.53125","743.53125","54.33333206176758","54.33333206176758","54.33333206176758"
"768","719.5625","719.5625","719.5625","796.6979370117188","796.6979370117188","796.6979370117188","248.046875","248.046875","248.046875","50.875","50.875","50.875"
"769","554.4270629882812","554.4270629882812","554.4270629882812","1009.515625","1009.515625","1009.515625","393.9861145019531","393.9861145019531","393.9861145019531","34.1875","34.1875","34.1875"
"770","970.6785888671875","970.6785888671875","970.6785888671875","588.7291870117188","588.7291870117188","588.7291870117188","334.0833435058594","334.0833435058594","334.0833435058594","34","34","34"
"771","528","528","528","1035.2578125","1035.2578125","1035.2578125","318.0625","318.0625","318.0625","77.875","77.875","77.875"
"772","896.15625","896.15625","896.15625","917.8020629882812","917.8020629882812","917.8020629882812","363.2109375","363.2109375","363.2109375","45.375","45.375","45.375"
"773","584.8875122070312","584.8875122070312","584.8875122070312","951.6875","951.6875","951.6875","218.625","218.625","218.625","46.125","46.125","46.125"
"774","875.09375","875.09375","875.09375","728.1875","728.1875","728.1875","287.2083435058594","287.2083435058594","287.2083435058594","34.375","34.375","34.375"
"775","700.46875","700.46875","700.46875","867.9821166992188","867.9821166992188","867.9821166992188","302.5416564941406","302.5416564941406","302.5416564941406","44.33333206176758","44.33333206176758","44.33333206176758"
"776","780.3333129882812","780.3333129882812","780.3333129882812","978.765625","978.765625","978.765625","488.375","488.375","488.375","31.54166603088379","31.54166603088379","31.54166603088379"
"777","632.9375","632.9375","632.9375","1085.75","1085.75","1085.75","998.4017944335938","998.4017944335938","998.4017944335938","68.125","68.125","68.125"
"778","728.3958129882812","728.3958129882812","728.3958129882812","1232.796875","1232.796875","1232.796875","428.3374938964844","428.3374938964844","428.3374938964844","44.75","44.75","44.75"
"779","809.3375244140625","809.3375244140625","809.3375244140625","820.3020629882812","820.3020629882812","820.3020629882812","293.6180419921875","293.6180419921875","293.6180419921875","51","51","51"
"780","442.4166564941406","442.4166564941406","442.4166564941406","1070.925048828125","1070.925048828125","1070.925048828125","370.125","370.125","370.125","45.95833206176758","45.95833206176758","45.95833206176758"
"781","803.125","803.125","803.125","1004.8958129882812","1004.8958129882812","1004.8958129882812","422.8515625","422.8515625","422.8515625","55.025001525878906","55.025001525878906","55.025001525878906"
"782","858.4249877929688","858.4249877929688","858.4249877929688","990.3680419921875","990.3680419921875","990.3680419921875","470.90625","470.90625","470.90625","42.53125","42.53125","42.53125"
"783","1459.862548828125","1459.862548828125","1459.862548828125","675.7708129882812","675.7708129882812","675.7708129882812","745.625","745.625","745.625","60.34375","60.34375","60.34375"
"784","1216.0374755859375","1216.0374755859375","1216.0374755859375","1079.4732666015625","1079.4732666015625","1079.4732666015625","712.046875","712.046875","712.046875","31.5","31.5","31.5"
"785","631.125","631.125","631.125","949.4500122070312","949.4500122070312","949.4500122070312","621.6375122070312","621.6375122070312","621.6375122070312","42.875","42.875","42.875"
"786","780.0625","780.0625","780.0625","1024.796875","1024.796875","1024.796875","469.625","469.625","469.625","69.125","69.125","69.125"
"787","515.4749755859375","515.4749755859375","515.4749755859375","935.5250244140625","935.5250244140625","935.5250244140625","314.70001220703125","314.70001220703125","314.70001220703125","52","52","52"
"788","958.2708129882812","958.2708129882812","958.2708129882812","985.640625","985.640625","985.640625","281.625","281.625","281.625","87.8125","87.8125","87.8125"
"789","1196.8125","1196.8125","1196.8125","1061.9791259765625","1061.9791259765625","1061.9791259765625","272.2946472167969","272.2946472167969","272.2946472167969","49.5","49.5","49.5"
"790","1980.625","1980.625","1980.625","1070.076416015625","1070.076416015625","1070.076416015625","571.9375","571.9375","571.9375","31.5","31.5","31.5"
"791","1582.1785888671875","1582.1785888671875","1582.1785888671875","936.5833129882812","936.5833129882812","936.5833129882812","303.78570556640625","303.78570556640625","303.78570556640625","82.94999694824219","82.94999694824219","82.94999694824219"
"792","1004.3125","1004.3125","1004.3125","1497.3541259765625","1497.3541259765625","1497.3541259765625","319.2749938964844","319.2749938964844","319.2749938964844","46.375","46.375","46.375"
"793","1003.9124755859375","1003.9124755859375","1003.9124755859375","1182.296875","1182.296875","1182.296875","411.875","411.875","411.875","40.5","40.5","40.5"
"794","771.5833129882812","771.5833129882812","771.5833129882812","633.1041870117188","633.1041870117188","633.1041870117188","473.6875","473.6875","473.6875","60.9375","60.9375","60.9375"
"795","1053.8515625","1053.8515625","1053.8515625","1047.9625244140625","1047.9625244140625","1047.9625244140625","324.6499938964844","324.6499938964844","324.6499938964844","48.875","48.875","48.875"
"796","1485.0999755859375","1485.0999755859375","1485.0999755859375","965.6145629882812","965.6145629882812","965.6145629882812","1416.6875","1416.6875","1416.6875","68.54166412353516","68.54166412353516","68.54166412353516"
"797","1013.328125","1013.328125","1013.328125","979.34375","979.34375","979.34375","459.234375","459.234375","459.234375","47.48214340209961","47.48214340209961","47.48214340209961"
"798","1310.513916015625","1310.513916015625","1310.513916015625","1149.4625244140625","1149.4625244140625","1149.4625244140625","521.2916870117188","521.2916870117188","521.2916870117188","65.75","65.75","65.75"
"799","730.6375122070312","730.6375122070312","730.6375122070312","956.2291870117188","956.2291870117188","956.2291870117188","706.03125","706.03125","706.03125","49.8125","49.8125","49.8125"
"800","1434.4583740234375","1434.4583740234375","1434.4583740234375","1157.9375","1157.9375","1157.9375","297.046875","297.046875","297.046875","35.25","35.25","35.25"
"801","963.5104370117188","963.5104370117188","963.5104370117188","1086.294677734375","1086.294677734375","1086.294677734375","558.5833129882812","558.5833129882812","558.5833129882812","91.875","91.875","91.875"
"802","897.78125","897.78125","897.78125","814.0625","814.0625","814.0625","488.1458435058594","488.1458435058594","488.1458435058594","40.5","40.5","40.5"
"803","1197.4140625","1197.4140625","1197.4140625","1396.612548828125","1396.612548828125","1396.612548828125","315.140625","315.140625","315.140625","49.41666793823242","49.41666793823242","49.41666793823242"
"804","914.875","914.875","914.875","1048.737548828125","1048.737548828125","1048.737548828125","232.6666717529297","232.6666717529297","232.6666717529297","40.625","40.625","40.625"
"805","693.0714111328125","693.0714111328125","693.0714111328125","1018.8958129882812","1018.8958129882812","1018.8958129882812","299.8359375","299.8359375","299.8359375","52.375","52.375","52.375"
"806","1146.8125","1146.8125","1146.8125","1176.1666259765625","1176.1666259765625","1176.1666259765625","349.9285583496094","349.9285583496094","349.9285583496094","39.375","39.375","39.375"
"807","1005.5446166992188","1005.5446166992188","1005.5446166992188","1277.6666259765625","1277.6666259765625","1277.6666259765625","602.1375122070312","602.1375122070312","602.1375122070312","58.849998474121094","58.849998474121094","58.849998474121094"
"808","777.0277709960938","777.0277709960938","777.0277709960938","1092.4017333984375","1092.4017333984375","1092.4017333984375","416","416","416","50.75","50.75","50.75"
"809","848.2999877929688","848.2999877929688","848.2999877929688","1607.5521240234375","1607.5521240234375","1607.5521240234375","293.9166564941406","293.9166564941406","293.9166564941406","38.75","38.75","38.75"
"810","900.515625","900.515625","900.515625","1151.8125","1151.8125","1151.8125","771.609375","771.609375","771.609375","42.375","42.375","42.375"
"811","862.96875","862.96875","862.96875","654.4375","654.4375","654.4375","337.1041564941406","337.1041564941406","337.1041564941406","83.96875","83.96875","83.96875"
"812","1020.7000122070312","1020.7000122070312","1020.7000122070312","1394.5999755859375","1394.5999755859375","1394.5999755859375","312.5714416503906","312.5714416503906","312.5714416503906","66.83333587646484","66.83333587646484","66.83333587646484"
"813","1117.328125","1117.328125","1117.328125","1074.90625","1074.90625","1074.90625","703.2083129882812","703.2083129882812","703.2083129882812","60.75","60.75","60.75"
"814","2077.583251953125","2077.583251953125","2077.583251953125","1567.8499755859375","1567.8499755859375","1567.8499755859375","370.5416564941406","370.5416564941406","370.5416564941406","57.25","57.25","57.25"
"815","1144.2142333984375","1144.2142333984375","1144.2142333984375","1419.53125","1419.53125","1419.53125","421.875","421.875","421.875","59.54166793823242","59.54166793823242","59.54166793823242"
"816","1025.4896240234375","1025.4896240234375","1025.4896240234375","1538.7410888671875","1538.7410888671875","1538.7410888671875","551.515625","551.515625","551.515625","40.5","40.5","40.5"
"817","1434.96875","1434.96875","1434.96875","861.9375","861.9375","861.9375","355.3333435058594","355.3333435058594","355.3333435058594","42.8125","42.8125","42.8125"
"818","859.0499877929688","859.0499877929688","859.0499877929688","987.1624755859375","987.1624755859375","987.1624755859375","386.796875","386.796875","386.796875","51.5","51.5","51.5"
"819","875.34375","875.34375","875.34375","1693.5357666015625","1693.5357666015625","1693.5357666015625","736.375","736.375","736.375","41.25","41.25","41.25"
"820","817.625","817.625","817.625","2335.375","2335.375","2335.375","225.3125","225.3125","225.3125","41.5","41.5","41.5"
"821","1023.9375","1023.9375","1023.9375","1257.578125","1257.578125","1257.578125","415.03125","415.03125","415.03125","40.78125","40.78125","40.78125"
"822","838.859375","838.859375","838.859375","1655.362548828125","1655.362548828125","1655.362548828125","195.8958282470703","195.8958282470703","195.8958282470703","67.875","67.875","67.875"
"823","1277.6875","1277.6875","1277.6875","506.0625","506.0625","506.0625","967.65625","967.65625","967.65625","42.75","42.75","42.75"
"824","872.8250122070312","872.8250122070312","872.8250122070312","1216.359375","1216.359375","1216.359375","574.8125","574.8125","574.8125","50.8125","50.8125","50.8125"
"825","531.3125","531.3125","531.3125","1085.1353759765625","1085.1353759765625","1085.1353759765625","841.875","841.875","841.875","58.04166793823242","58.04166793823242","58.04166793823242"
"826","1100.5625","1100.5625","1100.5625","1215.6875","1215.6875","1215.6875","275.1171875","275.1171875","275.1171875","64","64","64"
"827","997.4124755859375","997.4124755859375","997.4124755859375","826.6624755859375","826.6624755859375","826.6624755859375","287.01251220703125","287.01251220703125","287.01251220703125","34.33333206176758","34.33333206176758","34.33333206176758"
"828","777.890625","777.890625","777.890625","644.4166870117188","644.4166870117188","644.4166870117188","391.09027099609375","391.09027099609375","391.09027099609375","58.95833206176758","58.95833206176758","58.95833206176758"
"829","845.5520629882812","845.5520629882812","845.5520629882812","1062.2396240234375","1062.2396240234375","1062.2396240234375","381.75","381.75","381.75","67.08333587646484","67.08333587646484","67.08333587646484"
"830","1005.5208129882812","1005.5208129882812","1005.5208129882812","832.34375","832.34375","832.34375","508.2250061035156","508.2250061035156","508.2250061035156","108.75","108.75","108.75"
"831","1036.3125","1036.3125","1036.3125","1255.0833740234375","1255.0833740234375","1255.0833740234375","352.9375","352.9375","352.9375","39.5","39.5","39.5"
"832","648.25","648.25","648.25","1002.1041870117188","1002.1041870117188","1002.1041870117188","217.21875","217.21875","217.21875","39.75","39.75","39.75"
"833","747.6041870117188","747.6041870117188","747.6041870117188","1552.3646240234375","1552.3646240234375","1552.3646240234375","180.140625","180.140625","180.140625","74.66666412353516","74.66666412353516","74.66666412353516"
"834","763.1875","763.1875","763.1875","1106.5","1106.5","1106.5","440.2291564941406","440.2291564941406","440.2291564941406","35","35","35"
"835","794.5625","794.5625","794.5625","773.46875","773.46875","773.46875","250.078125","250.078125","250.078125","49.42499923706055","49.42499923706055","49.42499923706055"
"836","902.7604370117188","902.7604370117188","902.7604370117188","1089.734375","1089.734375","1089.734375","164.3958282470703","164.3958282470703","164.3958282470703","101.60416412353516","101.60416412353516","101.60416412353516"
"837","655.1875","655.1875","655.1875","1342.6875","1342.6875","1342.6875","307.9791564941406","307.9791564941406","307.9791564941406","59.70833206176758","59.70833206176758","59.70833206176758"
"838","997.25","997.25","997.25","777.59375","777.59375","777.59375","245.0625","245.0625","245.0625","66.625","66.625","66.625"
"839","708.1749877929688","708.1749877929688","708.1749877929688","1992.0625","1992.0625","1992.0625","369.75","369.75","369.75","42.625","42.625","42.625"
"840","696.484375","696.484375","696.484375","1057.875","1057.875","1057.875","367.8333435058594","367.8333435058594","367.8333435058594","63.09375","63.09375","63.09375"
"841","663.21875","663.21875","663.21875","1396.2916259765625","1396.2916259765625","1396.2916259765625","525.1875","525.1875","525.1875","57.375","57.375","57.375"
"842","760.078125","760.078125","760.078125","1621.46875","1621.46875","1621.46875","770.65625","770.65625","770.65625","89.9375","89.9375","89.9375"
"843","1067.4375","1067.4375","1067.4375","1623.544677734375","1623.544677734375","1623.544677734375","2205.3125","2205.3125","2205.3125","57.625","57.625","57.625"
"844","926.390625","926.390625","926.390625","1544.53125","1544.53125","1544.53125","505.53125","505.53125","505.53125","51.4375","51.4375","51.4375"
"845","647.3125","647.3125","647.3125","2036.203125","2036.203125","2036.203125","481.375","481.375","481.375","34.875","34.875","34.875"
"846","694.46875","694.46875","694.46875","1044.9375","1044.9375","1044.9375","241.0416717529297","241.0416717529297","241.0416717529297","48.375","48.375","48.375"
"847","720.25","720.25","720.25","1573.012451171875","1573.012451171875","1573.012451171875","354.75","354.75","354.75","39.71875","39.71875","39.71875"
"848","595.25","595.25","595.25","1060.9625244140625","1060.9625244140625","1060.9625244140625","233.640625","233.640625","233.640625","62.04166793823242","62.04166793823242","62.04166793823242"
"849","678.7708129882812","678.7708129882812","678.7708129882812","1219.887451171875","1219.887451171875","1219.887451171875","1214.7291259765625","1214.7291259765625","1214.7291259765625","52.125","52.125","52.125"
"850","740.0416870117188","740.0416870117188","740.0416870117188","1553.4375","1553.4375","1553.4375","1090.078125","1090.078125","1090.078125","55.125","55.125","55.125"
"851","915.046875","915.046875","915.046875","1571","1571","1571","359.390625","359.390625","359.390625","27","27","27"
"852","605.75","605.75","605.75","1003.390625","1003.390625","1003.390625","171.2708282470703","171.2708282470703","171.2708282470703","83.875","83.875","83.875"
"853","727.25","727.25","727.25","1809.7421875","1809.7421875","1809.7421875","263.3333435058594","263.3333435058594","263.3333435058594","31.5","31.5","31.5"
"854","610.09375","610.09375","610.09375","1732.21875","1732.21875","1732.21875","399.96429443359375","399.96429443359375","399.96429443359375","50","50","50"
"855","771.15625","771.15625","771.15625","942.609375","942.609375","942.609375","349.625","349.625","349.625","52.5","52.5","52.5"
"856","822.7410888671875","822.7410888671875","822.7410888671875","1153.982177734375","1153.982177734375","1153.982177734375","229.96875","229.96875","229.96875","29","29","29"
"857","785.486083984375","785.486083984375","785.486083984375","1637.25","1637.25","1637.25","1400","1400","1400","34.3125","34.3125","34.3125"
"858","835.734375","835.734375","835.734375","1844.734375","1844.734375","1844.734375","372.4166564941406","372.4166564941406","372.4166564941406","33.25","33.25","33.25"
"859","566.5625","566.5625","566.5625","1491.3035888671875","1491.3035888671875","1491.3035888671875","988.34375","988.34375","988.34375","93.75","93.75","93.75"
"860","780.046875","780.046875","780.046875","2445.8125","2445.8125","2445.8125","179.4375","179.4375","179.4375","81.0625","81.0625","81.0625"
"861","836.3250122070312","836.3250122070312","836.3250122070312","1706.425048828125","1706.425048828125","1706.425048828125","296.2083435058594","296.2083435058594","296.2083435058594","40.125","40.125","40.125"
"862","1242.0625","1242.0625","1242.0625","1170.1875","1170.1875","1170.1875","278.70001220703125","278.70001220703125","278.70001220703125","60.75","60.75","60.75"
"863","1261.9625244140625","1261.9625244140625","1261.9625244140625","1601.34375","1601.34375","1601.34375","384.9583435058594","384.9583435058594","384.9583435058594","50.5625","50.5625","50.5625"
"864","955.1624755859375","955.1624755859375","955.1624755859375","2084.125","2084.125","2084.125","394.8125","394.8125","394.8125","52.33333206176758","52.33333206176758","52.33333206176758"
"865","1030.7142333984375","1030.7142333984375","1030.7142333984375","2209.52490234375","2209.52490234375","2209.52490234375","495.8125","495.8125","495.8125","56.25","56.25","56.25"
"866","948.1458129882812","948.1458129882812","948.1458129882812","2388.8125","2388.8125","2388.8125","427.203125","427.203125","427.203125","51.25","51.25","51.25"
"867","839.0416870117188","839.0416870117188","839.0416870117188","1563.9375","1563.9375","1563.9375","269.515625","269.515625","269.515625","90","90","90"
"868","1051.90625","1051.90625","1051.90625","2775.865966796875","2775.865966796875","2775.865966796875","345.53125","345.53125","345.53125","42.3125","42.3125","42.3125"
"869","944.46875","944.46875","944.46875","2139.53759765625","2139.53759765625","2139.53759765625","176.3125","176.3125","176.3125","51.20833206176758","51.20833206176758","51.20833206176758"
"870","729.84375","729.84375","729.84375","1052.5416259765625","1052.5416259765625","1052.5416259765625","382.4624938964844","382.4624938964844","382.4624938964844","62.5","62.5","62.5"
"871","1691.53125","1691.53125","1691.53125","2159.75","2159.75","2159.75","897.25","897.25","897.25","62.125","62.125","62.125"
"872","712.5625","712.5625","712.5625","1910.0208740234375","1910.0208740234375","1910.0208740234375","548.1339111328125","548.1339111328125","548.1339111328125","48.125","48.125","48.125"
"873","1106.9166259765625","1106.9166259765625","1106.9166259765625","1844.421875","1844.421875","1844.421875","194.453125","194.453125","194.453125","65.3125","65.3125","65.3125"
"874","636.125","636.125","636.125","2541.270751953125","2541.270751953125","2541.270751953125","186.4375","186.4375","186.4375","59.95833206176758","59.95833206176758","59.95833206176758"
"875","1171.4107666015625","1171.4107666015625","1171.4107666015625","1238.8125","1238.8125","1238.8125","402.203125","402.203125","402.203125","46.78125","46.78125","46.78125"
"876","988.7874755859375","988.7874755859375","988.7874755859375","2859.28125","2859.28125","2859.28125","1037.34375","1037.34375","1037.34375","47.73214340209961","47.73214340209961","47.73214340209961"
"877","1002.21875","1002.21875","1002.21875","1656.75","1656.75","1656.75","333.75","333.75","333.75","74.0625","74.0625","74.0625"
"878","1275.1353759765625","1275.1353759765625","1275.1353759765625","3132.583251953125","3132.583251953125","3132.583251953125","210.421875","210.421875","210.421875","105.58333587646484","105.58333587646484","105.58333587646484"
"879","1038.2603759765625","1038.2603759765625","1038.2603759765625","1626.6146240234375","1626.6146240234375","1626.6146240234375","365.140625","365.140625","365.140625","30.6875","30.6875","30.6875"
"880","942.8854370117188","942.8854370117188","942.8854370117188","1477.6458740234375","1477.6458740234375","1477.6458740234375","196.6458282470703","196.6458282470703","196.6458282470703","64.625","64.625","64.625"
"881","1073.2109375","1073.2109375","1073.2109375","2536.958251953125","2536.958251953125","2536.958251953125","702.03125","702.03125","702.03125","70.25","70.25","70.25"
"882","1356.4478759765625","1356.4478759765625","1356.4478759765625","1748.112548828125","1748.112548828125","1748.112548828125","828.2708129882812","828.2708129882812","828.2708129882812","52.25","52.25","52.25"
"883","1424.421875","1424.421875","1424.421875","1387.175048828125","1387.175048828125","1387.175048828125","516.0625","516.0625","516.0625","58","58","58"
"884","901.75","901.75","901.75","2090.15625","2090.15625","2090.15625","284.5104064941406","284.5104064941406","284.5104064941406","31.071428298950195","31.071428298950195","31.071428298950195"
"885","1258.328125","1258.328125","1258.328125","1444.3021240234375","1444.3021240234375","1444.3021240234375","371.0625","371.0625","371.0625","70.4375","70.4375","70.4375"
"886","1859.890625","1859.890625","1859.890625","2627.199951171875","2627.199951171875","2627.199951171875","761.6749877929688","761.6749877929688","761.6749877929688","56.875","56.875","56.875"
"887","1048.9910888671875","1048.9910888671875","1048.9910888671875","882.0416870117188","882.0416870117188","882.0416870117188","764.4732055664062","764.4732055664062","764.4732055664062","59.6875","59.6875","59.6875"
"888","1075.84375","1075.84375","1075.84375","2325.21875","2325.21875","2325.21875","209.203125","209.203125","209.203125","75.25","75.25","75.25"
"889","1447.75","1447.75","1447.75","2714.66259765625","2714.66259765625","2714.66259765625","320.3125","320.3125","320.3125","34.96875","34.96875","34.96875"
"890","2143.541748046875","2143.541748046875","2143.541748046875","1322.4375","1322.4375","1322.4375","319.5208435058594","319.5208435058594","319.5208435058594","31.125","31.125","31.125"
"891","1931.9375","1931.9375","1931.9375","2021.71875","2021.71875","2021.71875","299.1875","299.1875","299.1875","45.375","45.375","45.375"
"892","1741.015625","1741.015625","1741.015625","2087.75","2087.75","2087.75","405.140625","405.140625","405.140625","66.54166412353516","66.54166412353516","66.54166412353516"
"893","889.6339111328125","889.6339111328125","889.6339111328125","1345.6666259765625","1345.6666259765625","1345.6666259765625","262.54998779296875","262.54998779296875","262.54998779296875","46.625","46.625","46.625"
"894","1238.25","1238.25","1238.25","1947.362548828125","1947.362548828125","1947.362548828125","450.6979064941406","450.6979064941406","450.6979064941406","32.46875","32.46875","32.46875"
"895","1112.375","1112.375","1112.375","1699.517822265625","1699.517822265625","1699.517822265625","731.96875","731.96875","731.96875","31.625","31.625","31.625"
"896","1555.6328125","1555.6328125","1555.6328125","1915.8958740234375","1915.8958740234375","1915.8958740234375","527.125","527.125","527.125","76.6875","76.6875","76.6875"
"897","660.78125","660.78125","660.78125","1317.484375","1317.484375","1317.484375","311.8541564941406","311.8541564941406","311.8541564941406","50.75","50.75","50.75"
"898","1057.550048828125","1057.550048828125","1057.550048828125","2030.3333740234375","2030.3333740234375","2030.3333740234375","499.9791564941406","499.9791564941406","499.9791564941406","54.974998474121094","54.974998474121094","54.974998474121094"
"899","1539.0999755859375","1539.0999755859375","1539.0999755859375","1875.5859375","1875.5859375","1875.5859375","172.71875","172.71875","172.71875","54.1875","54.1875","54.1875"
"900","776.2708129882812","776.2708129882812","776.2708129882812","1487.5625","1487.5625","1487.5625","352.1145935058594","352.1145935058594","352.1145935058594","39","39","39"
"901","793.3839111328125","793.3839111328125","793.3839111328125","1363.375","1363.375","1363.375","497.78125","497.78125","497.78125","37.25","37.25","37.25"
"902","1005.6875","1005.6875","1005.6875","1705.15625","1705.15625","1705.15625","257.3035583496094","257.3035583496094","257.3035583496094","61.625","61.625","61.625"
"903","956.6624755859375","956.6624755859375","956.6624755859375","1228.4583740234375","1228.4583740234375","1228.4583740234375","212.859375","212.859375","212.859375","48.875","48.875","48.875"
"904","1388.78125","1388.78125","1388.78125","1108.84375","1108.84375","1108.84375","160.25","160.25","160.25","42.5","42.5","42.5"
"905","716.8624877929688","716.8624877929688","716.8624877929688","1234.9375","1234.9375","1234.9375","437.2410583496094","437.2410583496094","437.2410583496094","40.25","40.25","40.25"
"906","873.015625","873.015625","873.015625","560.15625","560.15625","560.15625","546.3125","546.3125","546.3125","46.25","46.25","46.25"
"907","602.8375244140625","602.8375244140625","602.8375244140625","1397","1397","1397","389.96875","389.96875","389.96875","48.6875","48.6875","48.6875"
"908","1251.925048828125","1251.925048828125","1251.925048828125","1415.65625","1415.65625","1415.65625","578.6375122070312","578.6375122070312","578.6375122070312","56","56","56"
"909","1375.375","1375.375","1375.375","1145.4375","1145.4375","1145.4375","818.0416870117188","818.0416870117188","818.0416870117188","30.15625","30.15625","30.15625"
"910","1018.109375","1018.109375","1018.109375","743.7249755859375","743.7249755859375","743.7249755859375","167.9375","167.9375","167.9375","40.375","40.375","40.375"
"911","1207.955322265625","1207.955322265625","1207.955322265625","1859.375","1859.375","1859.375","243.125","243.125","243.125","40.54166793823242","40.54166793823242","40.54166793823242"
"912","1243.3853759765625","1243.3853759765625","1243.3853759765625","1942.0416259765625","1942.0416259765625","1942.0416259765625","169.3541717529297","169.3541717529297","169.3541717529297","50.21875","50.21875","50.21875"
"913","971.2410888671875","971.2410888671875","971.2410888671875","1425.4107666015625","1425.4107666015625","1425.4107666015625","368.5729064941406","368.5729064941406","368.5729064941406","45.875","45.875","45.875"
"914","1007.234375","1007.234375","1007.234375","1757","1757","1757","465.6666564941406","465.6666564941406","465.6666564941406","49.60416793823242","49.60416793823242","49.60416793823242"
"915","1172.7291259765625","1172.7291259765625","1172.7291259765625","1024.675048828125","1024.675048828125","1024.675048828125","410.9375","410.9375","410.9375","45.34375","45.34375","45.34375"
"916","1322.7916259765625","1322.7916259765625","1322.7916259765625","1203.296875","1203.296875","1203.296875","299.1666564941406","299.1666564941406","299.1666564941406","63.4375","63.4375","63.4375"
"917","1715.71875","1715.71875","1715.71875","1584.421875","1584.421875","1584.421875","547.625","547.625","547.625","69.3125","69.3125","69.3125"
"918","1112.5833740234375","1112.5833740234375","1112.5833740234375","1668.15625","1668.15625","1668.15625","484.5625","484.5625","484.5625","50.20833206176758","50.20833206176758","50.20833206176758"
"919","898.734375","898.734375","898.734375","1825.046875","1825.046875","1825.046875","234.3125","234.3125","234.3125","51.3125","51.3125","51.3125"
"920","831.2874755859375","831.2874755859375","831.2874755859375","807.1875","807.1875","807.1875","793.65625","793.65625","793.65625","57.70833206176758","57.70833206176758","57.70833206176758"
"921","1061.90625","1061.90625","1061.90625","1408.550048828125","1408.550048828125","1408.550048828125","248.75","248.75","248.75","51.17499923706055","51.17499923706055","51.17499923706055"
"922","786.59375","786.59375","786.59375","1661.28125","1661.28125","1661.28125","211.125","211.125","211.125","28.625","28.625","28.625"
"923","748.1428833007812","748.1428833007812","748.1428833007812","1803.40625","1803.40625","1803.40625","335.2708435058594","335.2708435058594","335.2708435058594","34.58333206176758","34.58333206176758","34.58333206176758"
"924","743.7410888671875","743.7410888671875","743.7410888671875","843.2916870117188","843.2916870117188","843.2916870117188","355.53125","355.53125","355.53125","42.04166793823242","42.04166793823242","42.04166793823242"
"925","1067.875","1067.875","1067.875","1811.09375","1811.09375","1811.09375","232.625","232.625","232.625","79","79","79"
"926","656.4625244140625","656.4625244140625","656.4625244140625","1296.375","1296.375","1296.375","225","225","225","57.71875","57.71875","57.71875"
"927","958.03125","958.03125","958.03125","2233.4921875","2233.4921875","2233.4921875","524.3541870117188","524.3541870117188","524.3541870117188","48.40625","48.40625","48.40625"
"928","766.3375244140625","766.3375244140625","766.3375244140625","1320.5","1320.5","1320.5","286.0625","286.0625","286.0625","56.66666793823242","56.66666793823242","56.66666793823242"
"929","803.4749755859375","803.4749755859375","803.4749755859375","1358.875","1358.875","1358.875","481.609375","481.609375","481.609375","58.75","58.75","58.75"
"930","738.0535888671875","738.0535888671875","738.0535888671875","1953.3333740234375","1953.3333740234375","1953.3333740234375","218.46875","218.46875","218.46875","36.875","36.875","36.875"
"931","807.1749877929688","807.1749877929688","807.1749877929688","1585.15625","1585.15625","1585.15625","333.7265625","333.7265625","333.7265625","93.25","93.25","93.25"
"932","933.5416870117188","933.5416870117188","933.5416870117188","1368.1500244140625","1368.1500244140625","1368.1500244140625","423.40625","423.40625","423.40625","33.125","33.125","33.125"
"933","630.7999877929688","630.7999877929688","630.7999877929688","1080","1080","1080","380.8125","380.8125","380.8125","26.6875","26.6875","26.6875"
"934","804.7916870117188","804.7916870117188","804.7916870117188","1338.015625","1338.015625","1338.015625","345.8999938964844","345.8999938964844","345.8999938964844","69.33928680419922","69.33928680419922","69.33928680419922"
"935","981.3571166992188","981.3571166992188","981.3571166992188","1296.734375","1296.734375","1296.734375","474.375","474.375","474.375","52.75","52.75","52.75"
"936","518.125","518.125","518.125","1118.0357666015625","1118.0357666015625","1118.0357666015625","371.7708435058594","371.7708435058594","371.7708435058594","50.25","50.25","50.25"
"937","785.140625","785.140625","785.140625","1639.9625244140625","1639.9625244140625","1639.9625244140625","540.765625","540.765625","540.765625","43.95833206176758","43.95833206176758","43.95833206176758"
"938","586.59375","586.59375","586.59375","1611.21875","1611.21875","1611.21875","354.38751220703125","354.38751220703125","354.38751220703125","49.375","49.375","49.375"
"939","724.0104370117188","724.0104370117188","724.0104370117188","1646.6353759765625","1646.6353759765625","1646.6353759765625","307.5625","307.5625","307.5625","49.625","49.625","49.625"
"940","839.640625","839.640625","839.640625","1796.5416259765625","1796.5416259765625","1796.5416259765625","176.0625","176.0625","176.0625","61.625","61.625","61.625"
"941","613.7053833007812","613.7053833007812","613.7053833007812","908.4791870117188","908.4791870117188","908.4791870117188","501.5","501.5","501.5","35.375","35.375","35.375"
"942","886.34375","886.34375","886.34375","1126.8958740234375","1126.8958740234375","1126.8958740234375","555.234375","555.234375","555.234375","50","50","50"
"943","755.8035888671875","755.8035888671875","755.8035888671875","1362.0875244140625","1362.0875244140625","1362.0875244140625","371.4375","371.4375","371.4375","53.70833206176758","53.70833206176758","53.70833206176758"
"944","859.09375","859.09375","859.09375","1555.71875","1555.71875","1555.71875","272.3125","272.3125","272.3125","26.125","26.125","26.125"
"945","737.625","737.625","737.625","500.15625","500.15625","500.15625","439.25","439.25","439.25","40.9375","40.9375","40.9375"
"946","1056.9625244140625","1056.9625244140625","1056.9625244140625","912.1458129882812","912.1458129882812","912.1458129882812","177.25","177.25","177.25","37.46875","37.46875","37.46875"
"947","1178.84375","1178.84375","1178.84375","1229.2291259765625","1229.2291259765625","1229.2291259765625","364.0625","364.0625","364.0625","44.79166793823242","44.79166793823242","44.79166793823242"
"948","928.40625","928.40625","928.40625","1985.671875","1985.671875","1985.671875","446.875","446.875","446.875","30.70833396911621","30.70833396911621","30.70833396911621"
"949","557.9583129882812","557.9583129882812","557.9583129882812","1308.262451171875","1308.262451171875","1308.262451171875","379.2708435058594","379.2708435058594","379.2708435058594","63.625","63.625","63.625"
"950","1081.75","1081.75","1081.75","1334.2916259765625","1334.2916259765625","1334.2916259765625","155.875","155.875","155.875","49.54999923706055","49.54999923706055","49.54999923706055"
"951","568.4874877929688","568.4874877929688","568.4874877929688","1268.421875","1268.421875","1268.421875","423.6875","423.6875","423.6875","49.4375","49.4375","49.4375"
"952","750.9479370117188","750.9479370117188","750.9479370117188","1982.0875244140625","1982.0875244140625","1982.0875244140625","306","306","306","62.91666793823242","62.91666793823242","62.91666793823242"
"953","871.2999877929688","871.2999877929688","871.2999877929688","1289.3958740234375","1289.3958740234375","1289.3958740234375","627.5625","627.5625","627.5625","64.875","64.875","64.875"
"954","1120.984375","1120.984375","1120.984375","1535.21875","1535.21875","1535.21875","236.25","236.25","236.25","53","53","53"
"955","944.3392944335938","944.3392944335938","944.3392944335938","1396.3499755859375","1396.3499755859375","1396.3499755859375","489.9791564941406","489.9791564941406","489.9791564941406","50","50","50"
"956","683.3375244140625","683.3375244140625","683.3375244140625","2545.375","2545.375","2545.375","332.5874938964844","332.5874938964844","332.5874938964844","52.8125","52.8125","52.8125"
"957","736.890625","736.890625","736.890625","1475.4583740234375","1475.4583740234375","1475.4583740234375","388.4375","388.4375","388.4375","81.34375","81.34375","81.34375"
"958","794.5625","794.5625","794.5625","2611.1875","2611.1875","2611.1875","754.5625","754.5625","754.5625","49","49","49"
"959","799.1500244140625","799.1500244140625","799.1500244140625","1562.71875","1562.71875","1562.71875","338.875","338.875","338.875","46.125","46.125","46.125"
"960","760.2374877929688","760.2374877929688","760.2374877929688","1115.3958740234375","1115.3958740234375","1115.3958740234375","525.375","525.375","525.375","40.5","40.5","40.5"
"961","856.75","856.75","856.75","1537.25","1537.25","1537.25","207.9375","207.9375","207.9375","2295.074951171875","2295.074951171875","2295.074951171875"
"962","531.765625","531.765625","531.765625","1483.75","1483.75","1483.75","652.5416870117188","652.5416870117188","652.5416870117188","46.75","46.75","46.75"
"963","773.96875","773.96875","773.96875","969.9791870117188","969.9791870117188","969.9791870117188","623.703125","623.703125","623.703125","45","45","45"
"964","791.3020629882812","791.3020629882812","791.3020629882812","768.0499877929688","768.0499877929688","768.0499877929688","344.21875","344.21875","344.21875","48.83333206176758","48.83333206176758","48.83333206176758"
"965","691.828125","691.828125","691.828125","1190.6875","1190.6875","1190.6875","718.953125","718.953125","718.953125","27.125","27.125","27.125"
"966","1116.09375","1116.09375","1116.09375","1023.375","1023.375","1023.375","382.953125","382.953125","382.953125","30.54166603088379","30.54166603088379","30.54166603088379"
"967","801.703125","801.703125","801.703125","1352.2291259765625","1352.2291259765625","1352.2291259765625","364.609375","364.609375","364.609375","71.60416412353516","71.60416412353516","71.60416412353516"
"968","1052.4583740234375","1052.4583740234375","1052.4583740234375","1757.53125","1757.53125","1757.53125","670.0416870117188","670.0416870117188","670.0416870117188","55.67499923706055","55.67499923706055","55.67499923706055"
"969","919.796875","919.796875","919.796875","1303.5625","1303.5625","1303.5625","173.125","173.125","173.125","25","25","25"
"970","1239.25","1239.25","1239.25","1052.9271240234375","1052.9271240234375","1052.9271240234375","302.9479064941406","302.9479064941406","302.9479064941406","56.375","56.375","56.375"
"971","573.3125","573.3125","573.3125","1284.546875","1284.546875","1284.546875","496.875","496.875","496.875","73.8125","73.8125","73.8125"
"972","676.0250244140625","676.0250244140625","676.0250244140625","1793.9732666015625","1793.9732666015625","1793.9732666015625","379.2124938964844","379.2124938964844","379.2124938964844","55","55","55"
"973","655.65625","655.65625","655.65625","1053.3333740234375","1053.3333740234375","1053.3333740234375","783.5833129882812","783.5833129882812","783.5833129882812","49.875","49.875","49.875"
"974","663.203125","663.203125","663.203125","1241.90625","1241.90625","1241.90625","334.7291564941406","334.7291564941406","334.7291564941406","22.25","22.25","22.25"
"975","722.296875","722.296875","722.296875","1409.9375","1409.9375","1409.9375","748.34375","748.34375","748.34375","55.375","55.375","55.375"
"976","876.421875","876.421875","876.421875","1463.8333740234375","1463.8333740234375","1463.8333740234375","619.96875","619.96875","619.96875","57.8125","57.8125","57.8125"
"977","579.625","579.625","579.625","1973.6875","1973.6875","1973.6875","150.9375","150.9375","150.9375","45.91666793823242","45.91666793823242","45.91666793823242"
"978","450.34375","450.34375","450.34375","1424.5416259765625","1424.5416259765625","1424.5416259765625","754.3125","754.3125","754.3125","60.41666793823242","60.41666793823242","60.41666793823242"
"979","847.3875122070312","847.3875122070312","847.3875122070312","673.9583129882812","673.9583129882812","673.9583129882812","147.65625","147.65625","147.65625","43.5","43.5","43.5"
"980","461.5833435058594","461.5833435058594","461.5833435058594","915.5416870117188","915.5416870117188","915.5416870117188","276.6875","276.6875","276.6875","43.66071319580078","43.66071319580078","43.66071319580078"
"981","657.4375","657.4375","657.4375","1541","1541","1541","382.8333435058594","382.8333435058594","382.8333435058594","51.79166793823242","51.79166793823242","51.79166793823242"
"982","435.2708435058594","435.2708435058594","435.2708435058594","555.3541870117188","555.3541870117188","555.3541870117188","653.625","653.625","653.625","63.5","63.5","63.5"
"983","1254.8125","1254.8125","1254.8125","930.546875","930.546875","930.546875","303.375","303.375","303.375","35.20833206176758","35.20833206176758","35.20833206176758"
"984","762.6749877929688","762.6749877929688","762.6749877929688","884.1666870117188","884.1666870117188","884.1666870117188","267.4375","267.4375","267.4375","32.5625","32.5625","32.5625"
"985","710.046875","710.046875","710.046875","1056.3333740234375","1056.3333740234375","1056.3333740234375","1028.25","1028.25","1028.25","58.5","58.5","58.5"
"986","573.7083129882812","573.7083129882812","573.7083129882812","1065.921875","1065.921875","1065.921875","207.34375","207.34375","207.34375","45.125","45.125","45.125"
"987","398","398","398","1354.15625","1354.15625","1354.15625","163.875","163.875","163.875","30.6875","30.6875","30.6875"
"988","883.1458129882812","883.1458129882812","883.1458129882812","773.1328125","773.1328125","773.1328125","1133.550048828125","1133.550048828125","1133.550048828125","37","37","37"
"989","545.1875","545.1875","545.1875","601.421875","601.421875","601.421875","255.1750030517578","255.1750030517578","255.1750030517578","51.5","51.5","51.5"
"990","900.203125","900.203125","900.203125","1023.625","1023.625","1023.625","1004.375","1004.375","1004.375","60.4375","60.4375","60.4375"
"991","535.625","535.625","535.625","1255.125","1255.125","1255.125","245.5","245.5","245.5","41.70833206176758","41.70833206176758","41.70833206176758"
"992","526.0750122070312","526.0750122070312","526.0750122070312","1581.2916259765625","1581.2916259765625","1581.2916259765625","295.875","295.875","295.875","100.375","100.375","100.375"
"993","611.875","611.875","611.875","858.7999877929688","858.7999877929688","858.7999877929688","473","473","473","34.9375","34.9375","34.9375"
"994","1140.78125","1140.78125","1140.78125","892.546875","892.546875","892.546875","631.0374755859375","631.0374755859375","631.0374755859375","40.70833206176758","40.70833206176758","40.70833206176758"
"995","1179.9166259765625","1179.9166259765625","1179.9166259765625","638.625","638.625","638.625","423.1666564941406","423.1666564941406","423.1666564941406","73.4375","73.4375","73.4375"
"996","790.8875122070312","790.8875122070312","790.8875122070312","1747.0625","1747.0625","1747.0625","156.21875","156.21875","156.21875","53.125","53.125","53.125"
"997","556.34375","556.34375","556.34375","1770.4910888671875","1770.4910888671875","1770.4910888671875","409.8125","409.8125","409.8125","27.70833396911621","27.70833396911621","27.70833396911621"
"998","911.9166870117188","911.9166870117188","911.9166870117188","1417.21533203125","1417.21533203125","1417.21533203125","337.48748779296875","337.48748779296875","337.48748779296875","32.8125","32.8125","32.8125"
"999","713.1041870117188","713.1041870117188","713.1041870117188","462.25","462.25","462.25","418.671875","418.671875","418.671875","53","53","53"
"1000","830.375","830.375","830.375","1646.75","1646.75","1646.75","557.625","557.625","557.625","46.625","46.625","46.625"
"1001","425.2291564941406","425.2291564941406","425.2291564941406","558.65625","558.65625","558.65625","1810.9375","1401.25","2220.625","54.20833206176758","54.20833206176758","54.20833206176758"
"1002","683.3571166992188","683.3571166992188","683.3571166992188","1343.703125","1343.703125","1343.703125","405.9833221435547","385.2916564941406","426.67498779296875","71.90625","71.90625","71.90625"
"1003","890.0416870117188","890.0416870117188","890.0416870117188","539.8125","539.8125","539.8125","728.65625","664.6875","792.625","40.125","40.125","40.125"
"1004","724.625","724.625","724.625","1522.5625","1522.5625","1522.5625","171.90625","169.3125","174.5","83.25","83.25","83.25"
"1005","1077.4000244140625","1077.4000244140625","1077.4000244140625","599.28125","599.28125","599.28125","592.9375","375.6875","810.1875","39.625","39.625","39.625"
"1006","1091.578125","1091.578125","1091.578125","1402.375","1402.375","1402.375","422.02777099609375","411.8125","432.2430419921875","39.6875","39.6875","39.6875"
"1007","413.1041564941406","413.1041564941406","413.1041564941406","1084.171875","1084.171875","1084.171875","125.234375","114.625","135.84375","32.375","32.375","32.375"
"1008","1764.25","1764.25","1764.25","1748.2916259765625","1748.2916259765625","1748.2916259765625","274.9140625","260.359375","289.46875","49.28125","49.28125","49.28125"
"1009","1748.0625","1748.0625","1748.0625","679.3125","679.3125","679.3125","316.5416717529297","298.5625","334.5208435058594","40.28571319580078","40.28571319580078","40.28571319580078"
"1010","1595.5","1595.5","1595.5","1522.7916259765625","1522.7916259765625","1522.7916259765625","417.8229217529297","416.9583435058594","418.6875","32.375","32.375","32.375"
"1011","1127.3333740234375","1127.3333740234375","1127.3333740234375","732.40625","732.40625","732.40625","342.6999969482422","318.75","366.6499938964844","49.40625","49.40625","49.40625"
"1012","1133.4896240234375","1133.4896240234375","1133.4896240234375","2047.25","2047.25","2047.25","1974.7916870117188","1349.7083740234375","2599.875","55.95833206176758","55.95833206176758","55.95833206176758"
"1013","597.6339111328125","597.6339111328125","597.6339111328125","1465.1339111328125","1465.1339111328125","1465.1339111328125","183.58333587646484","183.1041717529297","184.0625","70.42500305175781","70.42500305175781","70.42500305175781"
"1014","817.9375","817.9375","817.9375","1591.199951171875","1591.199951171875","1591.199951171875","314.9921875","258.28125","371.703125","34.28125","34.28125","34.28125"
"1015","872.6666870117188","872.6666870117188","872.6666870117188","1956.890625","1956.890625","1956.890625","348.7317657470703","309.921875","387.5416564941406","48","48","48"
"1016","892.21875","892.21875","892.21875","976.0416870117188","976.0416870117188","976.0416870117188","776.4947814941406","722.1145629882812","830.875","29.875","29.875","29.875"
"1017","1242.5416259765625","1242.5416259765625","1242.5416259765625","795.75","795.75","795.75","378.515625","370.90625","386.125","36.16666793823242","36.16666793823242","36.16666793823242"
"1018","699.1875","699.1875","699.1875","1198.25","1198.25","1198.25","240.765625","152.03125","329.5","51.20833206176758","51.20833206176758","51.20833206176758"
"1019","1120.1875","1120.1875","1120.1875","1003.78125","1003.78125","1003.78125","210.765625","167.09375","254.4375","47.875","47.875","47.875"
"1020","760.1375122070312","760.1375122070312","760.1375122070312","1308.609375","1308.609375","1308.609375","369.828125","291.953125","447.703125","44.58333206176758","44.58333206176758","44.58333206176758"
"1021","788.546875","788.546875","788.546875","1706.4749755859375","1706.4749755859375","1706.4749755859375","461.1031188964844","422.67498779296875","499.53125","29.54166603088379","29.54166603088379","29.54166603088379"
"1022","518.0625","518.0625","518.0625","2095.520751953125","2095.520751953125","2095.520751953125","461.30519104003906","361.3229064941406","561.2874755859375","74.5","74.5","74.5"
"1023","946.1875","946.1875","946.1875","545.9375","545.9375","545.9375","366.1640625","338.25","394.078125","37.4375","37.4375","37.4375"
"1024","643.5","643.5","643.5","1190.328125","1190.328125","1190.328125","224.1458282470703","168.9375","279.3541564941406","76.5","76.5","76.5"
"1025","643.78125","643.78125","643.78125","1704.4625244140625","1704.4625244140625","1704.4625244140625","333.68228912353516","226.5208282470703","440.84375","55.525001525878906","55.525001525878906","55.525001525878906"
"1026","870.4375","870.4375","870.4375","1470.875","1470.875","1470.875","280.5989532470703","272.0416564941406","289.15625","53.35714340209961","53.35714340209961","53.35714340209961"
"1027","805.5625","805.5625","805.5625","972.7625122070312","972.7625122070312","972.7625122070312","299.5989532470703","283.3229064941406","315.875","77.125","77.125","77.125"
"1028","455.7678527832031","455.7678527832031","455.7678527832031","1421.7603759765625","1421.7603759765625","1421.7603759765625","327.25","295.3125","359.1875","52.8125","52.8125","52.8125"
"1029","1087.6875","1087.6875","1087.6875","1210.046875","1210.046875","1210.046875","412.8000030517578","315.9375","509.6625061035156","62.75","62.75","62.75"
"1030","941.1624755859375","941.1624755859375","941.1624755859375","984.328125","984.328125","984.328125","782.046875","475.1875","1088.90625","27.575000762939453","27.575000762939453","27.575000762939453"
"1031","844.875","844.875","844.875","1702.6146240234375","1702.6146240234375","1702.6146240234375","302.4250030517578","118.375","486.4750061035156","34.83333206176758","34.83333206176758","34.83333206176758"
"1032","409.5","409.5","409.5","1639.3021240234375","1639.3021240234375","1639.3021240234375","473.1354064941406","184.59375","761.6770629882812","55.4375","55.4375","55.4375"
"1033","672.4553833007812","672.4553833007812","672.4553833007812","1009.3541870117188","1009.3541870117188","1009.3541870117188","396.6083221435547","322.9791564941406","470.23748779296875","19","19","19"
"1034","970.7374877929688","970.7374877929688","970.7374877929688","933.421875","933.421875","933.421875","400.97396087646484","173.3541717529297","628.59375","43.75","43.75","43.75"
"1035","1006.875","1006.875","1006.875","2154.479248046875","2154.479248046875","2154.479248046875","598.0234375","449.875","746.171875","78.75","78.75","78.75"
"1036","868.75","868.75","868.75","2691.199951171875","2691.199951171875","2691.199951171875","134.25","111.0625","157.4375","43.40625","43.40625","43.40625"
"1037","1305.7083740234375","1305.7083740234375","1305.7083740234375","1028.96875","1028.96875","1028.96875","542.65625","389.21875","696.09375","64.25","64.25","64.25"
"1038","1095.90625","1095.90625","1095.90625","1310.6875","1310.6875","1310.6875","351.46875","306.375","396.5625","45.71875","45.71875","45.71875"
"1039","681.578125","681.578125","681.578125","1617.53125","1617.53125","1617.53125","590.6437377929688","523.625","657.6624755859375","87.625","87.625","87.625"
"1040","449.75","449.75","449.75","517.40625","517.40625","517.40625","387.4453125","367.09375","407.796875","55.33333206176758","55.33333206176758","55.33333206176758"
"1041","751.5208129882812","751.5208129882812","751.5208129882812","1241.4791259765625","1241.4791259765625","1241.4791259765625","631.7375183105469","550.0250244140625","713.4500122070312","118.75","118.75","118.75"
"1042","790.1875","790.1875","790.1875","1578.237548828125","1578.237548828125","1578.237548828125","521.3828125","180.890625","861.875","41.25","41.25","41.25"
"1043","490.1875","490.1875","490.1875","1264.578125","1264.578125","1264.578125","265.60208892822266","145.4791717529297","385.7250061035156","74.9375","74.9375","74.9375"
"1044","756","756","756","1689.03125","1689.03125","1689.03125","327.1875","323.9375","330.4375","52.1875","52.1875","52.1875"
"1045","660.6696166992188","660.6696166992188","660.6696166992188","1085.5859375","1085.5859375","1085.5859375","633.9828186035156","442.20001220703125","825.765625","29","29","29"
"1046","881.0875244140625","881.0875244140625","881.0875244140625","1513.4583740234375","1513.4583740234375","1513.4583740234375","274.15625","117","431.3125","47.5","47.5","47.5"
"1047","942.0416870117188","942.0416870117188","942.0416870117188","1349.2410888671875","1349.2410888671875","1349.2410888671875","339.21875","269.125","409.3125","45.875","45.875","45.875"
"1048","1019.96875","1019.96875","1019.96875","1374.487548828125","1374.487548828125","1374.487548828125","252.5390625","212.296875","292.78125","39.125","39.125","39.125"
"1049","529.5","529.5","529.5","1542.887451171875","1542.887451171875","1542.887451171875","345.296875","260.78125","429.8125","53.375","53.375","53.375"
"1050","940.703125","940.703125","940.703125","1704.705322265625","1704.705322265625","1704.705322265625","399.2291717529297","295.3125","503.1458435058594","59.8125","59.8125","59.8125"
"1051","701.8541870117188","701.8541870117188","701.8541870117188","1112.1624755859375","1112.1624755859375","1112.1624755859375","861.5625228881836","225.4791717529297","1497.6458740234375","35.45833206176758","35.45833206176758","35.45833206176758"
"1052","931.671875","931.671875","931.671875","1186.46875","1186.46875","1186.46875","231.1145782470703","156.4375","305.7916564941406","129.625","129.625","129.625"
"1053","542.6875","542.6875","542.6875","959.9375","959.9375","959.9375","421.5625","199.375","643.75","54.83333206176758","54.83333206176758","54.83333206176758"
"1054","386.34375","386.34375","386.34375","1233.7396240234375","1233.7396240234375","1233.7396240234375","456.90625","117.875","795.9375","76.9375","76.9375","76.9375"
"1055","1385.6041259765625","1385.6041259765625","1385.6041259765625","1977.15625","1977.15625","1977.15625","756.40625","606.21875","906.59375","64.0625","64.0625","64.0625"
"1056","1143.09375","1143.09375","1143.09375","846.0999755859375","846.0999755859375","846.0999755859375","323.625","209.4375","437.8125","54.75","54.75","54.75"
"1057","1178.1666259765625","1178.1666259765625","1178.1666259765625","1969.987548828125","1969.987548828125","1969.987548828125","422.4166717529297","400.7083435058594","444.125","39.33333206176758","39.33333206176758","39.33333206176758"
"1058","830.0208129882812","830.0208129882812","830.0208129882812","1679.6041259765625","1679.6041259765625","1679.6041259765625","512.7890625","259.53125","766.046875","27","27","27"
"1059","1883.6875","1883.6875","1883.6875","1840.375","1840.375","1840.375","279.84375","204.46875","355.21875","104.75","104.75","104.75"
"1060","1102.9375","1102.9375","1102.9375","1185.6978759765625","1185.6978759765625","1185.6978759765625","1182.71875","714.875","1650.5625","60.625","60.625","60.625"
"1061","1140.34375","1140.34375","1140.34375","1562.2410888671875","1562.2410888671875","1562.2410888671875","348.6015625","219.453125","477.75","64.625","64.625","64.625"
"1062","1124.375","1124.375","1124.375","2447.916748046875","2447.916748046875","2447.916748046875","606.40625","429","783.8125","40.95833206176758","40.95833206176758","40.95833206176758"
"1063","597.265625","597.265625","597.265625","1406.0089111328125","1406.0089111328125","1406.0089111328125","444.5687561035156","186.5625","702.5750122070312","51.9375","51.9375","51.9375"
"1064","1001.6979370117188","1001.6979370117188","1001.6979370117188","1580.4791259765625","1580.4791259765625","1580.4791259765625","515.9687423706055","200.6041717529297","831.3333129882812","58.525001525878906","58.525001525878906","58.525001525878906"
"1065","1135.7142333984375","1135.7142333984375","1135.7142333984375","1472.46875","1472.46875","1472.46875","567.2562561035156","464.38751220703125","670.125","34.5","34.5","34.5"
"1066","895.9166870117188","895.9166870117188","895.9166870117188","1724.78125","1724.78125","1724.78125","647.3671875","517.78125","776.953125","27.5","27.5","27.5"
"1067","869.9375","869.9375","869.9375","1633.142822265625","1633.142822265625","1633.142822265625","370.3883972167969","151.625","589.1517944335938","54.70833206176758","54.70833206176758","54.70833206176758"
"1068","1009.0625","1009.0625","1009.0625","2182.046875","2182.046875","2182.046875","874.9166870117188","457.5","1292.3333740234375","60.5","60.5","60.5"
"1069","569.8333129882812","569.8333129882812","569.8333129882812","779.96875","779.96875","779.96875","120.546875","100.6875","140.40625","36.83333206176758","36.83333206176758","36.83333206176758"
"1070","781.71875","781.71875","781.71875","1960.6500244140625","1960.6500244140625","1960.6500244140625","193.9375","75.5625","312.3125","28.3125","28.3125","28.3125"
"1071","718.515625","718.515625","718.515625","1202.1041259765625","1202.1041259765625","1202.1041259765625","320.921875","236.8125","405.03125","40","40","40"
"1072","840.0178833007812","840.0178833007812","840.0178833007812","2416.25","2416.25","2416.25","405.0364685058594","322.2395935058594","487.8333435058594","42.65625","42.65625","42.65625"
"1073","850.3928833007812","850.3928833007812","850.3928833007812","849.6749877929688","849.6749877929688","849.6749877929688","295.52083587646484","144.1041717529297","446.9375","66.0625","66.0625","66.0625"
"1074","1357.84375","1357.84375","1357.84375","1207.421875","1207.421875","1207.421875","401.03644943237305","127.89583587646484","674.1770629882812","50.3125","50.3125","50.3125"
"1075","1372.578125","1372.578125","1372.578125","1933.8853759765625","1933.8853759765625","1933.8853759765625","429.1484375","216.65625","641.640625","46.125","46.125","46.125"
"1076","1076.5208740234375","1076.5208740234375","1076.5208740234375","1476.265625","1476.265625","1476.265625","589.4791564941406","269.5625","909.3958129882812","44.349998474121094","44.349998474121094","44.349998474121094"
"1077","892.96875","892.96875","892.96875","2112.607177734375","2112.607177734375","2112.607177734375","181.24478912353516","179.71875","182.7708282470703","41.3125","41.3125","41.3125"
"1078","920.25","920.25","920.25","1935","1935","1935","223.00521087646484","209.0416717529297","236.96875","71","71","71"
"1079","904.53125","904.53125","904.53125","1860.4375","1860.4375","1860.4375","293.296875","239.5625","347.03125","60.625","60.625","60.625"
"1080","1023.09375","1023.09375","1023.09375","1424.9625244140625","1424.9625244140625","1424.9625244140625","363.3020782470703","324.6666564941406","401.9375","51.75","51.75","51.75"
"1081","1488.8125","1488.8125","1488.8125","1329.40966796875","1329.40966796875","1329.40966796875","483.890625","466","501.78125","47.78125","47.78125","47.78125"
"1082","1280.375","1280.375","1280.375","825.125","825.125","825.125","609.546875","125.375","1093.71875","39.5","39.5","39.5"
"1083","1156.6875","1156.6875","1156.6875","2068.645751953125","2068.645751953125","2068.645751953125","404.4468765258789","151.5500030517578","657.34375","32","32","32"
"1084","1193.140625","1193.140625","1193.140625","1812.8853759765625","1812.8853759765625","1812.8853759765625","409.6197814941406","383.9166564941406","435.3229064941406","82.4000015258789","82.4000015258789","82.4000015258789"
"1085","680.1458129882812","680.1458129882812","680.1458129882812","1244.4896240234375","1244.4896240234375","1244.4896240234375","392.3802185058594","152.875","631.8854370117188","38.4375","38.4375","38.4375"
"1086","911.7125244140625","911.7125244140625","911.7125244140625","1760.28125","1760.28125","1760.28125","440.6187438964844","266.3125","614.9249877929688","35.625","35.625","35.625"
"1087","1193.703125","1193.703125","1193.703125","1008.71875","1008.71875","1008.71875","444.38331604003906","335.2291564941406","553.5374755859375","50.5","50.5","50.5"
"1088","993.75","993.75","993.75","1639.987548828125","1639.987548828125","1639.987548828125","404.453125","310.21875","498.6875","101.375","101.375","101.375"
"1089","1285.300048828125","1285.300048828125","1285.300048828125","2305.90625","2305.90625","2305.90625","476.9765625","184.34375","769.609375","66.75","66.75","66.75"
"1090","1314.375","1314.375","1314.375","1334.4375","1334.4375","1334.4375","386.984375","150.4375","623.53125","32","32","32"
"1091","599.78125","599.78125","599.78125","2359.324951171875","2359.324951171875","2359.324951171875","245.97916412353516","222.5833282470703","269.375","29","29","29"
"1092","708.5125122070312","708.5125122070312","708.5125122070312","1501.5089111328125","1501.5089111328125","1501.5089111328125","308.90625","227.15625","390.65625","37.5","37.5","37.5"
"1093","892.84375","892.84375","892.84375","1285.6041259765625","1285.6041259765625","1285.6041259765625","328.671875","232.09375","425.25","26","26","26"
"1094","1443.890625","1443.890625","1443.890625","1088.0999755859375","1088.0999755859375","1088.0999755859375","572.453125","492.1875","652.71875","46.875","46.875","46.875"
"1095","934.3875122070312","934.3875122070312","934.3875122070312","908.1875","908.1875","908.1875","224.9166717529297","142.125","307.7083435058594","50.75","50.75","50.75"
"1096","1559.09033203125","1559.09033203125","1559.09033203125","1500.2708740234375","1500.2708740234375","1500.2708740234375","172.75","165.3125","180.1875","37.75","37.75","37.75"
"1097","1026.0999755859375","1026.0999755859375","1026.0999755859375","1246.625","1246.625","1246.625","253.9875030517578","250.85000610351562","257.125","49","49","49"
"1098","1102.5416259765625","1102.5416259765625","1102.5416259765625","2713.322998046875","2713.322998046875","2713.322998046875","334.75","170.3125","499.1875","71.79166412353516","71.79166412353516","71.79166412353516"
"1099","1698.875","1698.875","1698.875","1379.9896240234375","1379.9896240234375","1379.9896240234375","384.2265625","155.5","612.953125","42.125","42.125","42.125"
"1100","2433.75","2433.75","2433.75","2281.125","2281.125","2281.125","1054.125","1054.125","1054.125","72.66666412353516","72.66666412353516","72.66666412353516"
"1101","983.78125","983.78125","983.78125","1033.125","1033.125","1033.125","205.46249389648438","205.46249389648438","205.46249389648438","59","59","59"
"1102","991.0374755859375","991.0374755859375","991.0374755859375","2098.550048828125","2098.550048828125","2098.550048828125","172.625","172.625","172.625","42","42","42"
"1103","762.6875","762.6875","762.6875","1336.3125","1336.3125","1336.3125","712.2291870117188","712.2291870117188","712.2291870117188","52.875","52.875","52.875"
"1104","2352.9375","2352.9375","2352.9375","1052.3499755859375","1052.3499755859375","1052.3499755859375","669.75","669.75","669.75","28.25","28.25","28.25"
"1105","1222.0521240234375","1222.0521240234375","1222.0521240234375","1703.375","1703.375","1703.375","371.375","371.375","371.375","43","43","43"
"1106","2169.0625","2169.0625","2169.0625","1843.265625","1843.265625","1843.265625","310.82501220703125","310.82501220703125","310.82501220703125","73.625","73.625","73.625"
"1107","1338.9375","1338.9375","1338.9375","2771.6875","2771.6875","2771.6875","156.90625","156.90625","156.90625","45.5625","45.5625","45.5625"
"1108","1788.5833740234375","1788.5833740234375","1788.5833740234375","1884.4124755859375","1884.4124755859375","1884.4124755859375","192.0625","192.0625","192.0625","45.875","45.875","45.875"
"1109","1099.9375","1099.9375","1099.9375","1680.8333740234375","1680.8333740234375","1680.8333740234375","529.4375","529.4375","529.4375","61","61","61"
"1110","1385.9583740234375","1385.9583740234375","1385.9583740234375","1977.890625","1977.890625","1977.890625","396.6041564941406","396.6041564941406","396.6041564941406","90.125","90.125","90.125"
"1111","1116.5875244140625","1116.5875244140625","1116.5875244140625","716.546875","716.546875","716.546875","1564.0416259765625","1564.0416259765625","1564.0416259765625","61.20833206176758","61.20833206176758","61.20833206176758"
"1112","872.5499877929688","872.5499877929688","872.5499877929688","1280.2708740234375","1280.2708740234375","1280.2708740234375","440.3125","440.3125","440.3125","36.5","36.5","36.5"
"1113","815.1624755859375","815.1624755859375","815.1624755859375","1086.515625","1086.515625","1086.515625","431.3020935058594","431.3020935058594","431.3020935058594","57","57","57"
"1114","914.375","914.375","914.375","1898.515625","1898.515625","1898.515625","399.265625","399.265625","399.265625","38.5625","38.5625","38.5625"
"1115","825.671875","825.671875","825.671875","1504.375","1504.375","1504.375","1067.46875","1067.46875","1067.46875","30.75","30.75","30.75"
"1116","613.015625","613.015625","613.015625","581.28125","581.28125","581.28125","833.671875","833.671875","833.671875","53.5","53.5","53.5"
"1117","1376.142822265625","1376.142822265625","1376.142822265625","1553.46875","1553.46875","1553.46875","146.21875","146.21875","146.21875","44","44","44"
"1118","1230.0625","1230.0625","1230.0625","465.9375","465.9375","465.9375","364.828125","364.828125","364.828125","49.66666793823242","49.66666793823242","49.66666793823242"
"1119","1614.84375","1614.84375","1614.84375","1402.6875","1402.6875","1402.6875","267.4375","267.4375","267.4375","54.5","54.5","54.5"
"1120","887.5104370117188","887.5104370117188","887.5104370117188","1061.1624755859375","1061.1624755859375","1061.1624755859375","256.375","256.375","256.375","44.1875","44.1875","44.1875"
"1121","1998","1998","1998","","","","261.71875","261.71875","261.71875","42.875","42.875","42.875"
"1122","984.0416870117188","984.0416870117188","984.0416870117188","","","","445.640625","445.640625","445.640625","26.83333396911621","26.83333396911621","26.83333396911621"
"1123","671.9625244140625","671.9625244140625","671.9625244140625","","","","396.8541564941406","396.8541564941406","396.8541564941406","43.375","43.375","43.375"
"1124","1639.699951171875","1639.699951171875","1639.699951171875","","","","721.8125","721.8125","721.8125","57.8125","57.8125","57.8125"
"1125","1313.625","1313.625","1313.625","","","","239.8125","239.8125","239.8125","84.625","84.625","84.625"
"1126","766.8541870117188","766.8541870117188","766.8541870117188","","","","465.125","465.125","465.125","33.375","33.375","33.375"
"1127","838.5625","838.5625","838.5625","","","","528.0416870117188","528.0416870117188","528.0416870117188","40.125","40.125","40.125"
"1128","847.7291870117188","847.7291870117188","847.7291870117188","","","","357.125","357.125","357.125","36.75","36.75","36.75"
"1129","425.8125","425.8125","425.8125","","","","427.625","427.625","427.625","41.625","41.625","41.625"
"1130","1530.875","1530.875","1530.875","","","","543.71875","543.71875","543.71875","67","67","67"
"1131","750.4375","750.4375","750.4375","","","","311.40625","311.40625","311.40625","37.125","37.125","37.125"
"1132","904.5","904.5","904.5","","","","582.25","582.25","582.25","29.25","29.25","29.25"
"1133","1061.859375","1061.859375","1061.859375","","","","203.5","203.5","203.5","44.8125","44.8125","44.8125"
"1134","1300.625","1300.625","1300.625","","","","440.71875","440.71875","440.71875","56.625","56.625","56.625"
"1135","887.765625","887.765625","887.765625","","","","221.75","221.75","221.75","43.75","43.75","43.75"
"1136","1302.109375","1302.109375","1302.109375","","","","459.9791564941406","459.9791564941406","459.9791564941406","61","61","61"
"1137","951.4000244140625","951.4000244140625","951.4000244140625","","","","275.03125","275.03125","275.03125","32.5","32.5","32.5"
"1138","1119.2291259765625","1119.2291259765625","1119.2291259765625","","","","456.8333435058594","456.8333435058594","456.8333435058594","41.75","41.75","41.75"
"1139","1065.987548828125","1065.987548828125","1065.987548828125","","","","1382.21875","1382.21875","1382.21875","40.4375","40.4375","40.4375"
"1140","640.53125","640.53125","640.53125","","","","1136.125","1136.125","1136.125","29.5","29.5","29.5"
"1141","847.5208129882812","847.5208129882812","847.5208129882812","","","","984.8125","984.8125","984.8125","23.375","23.375","23.375"
"1142","1046.375","1046.375","1046.375","","","","592.9749755859375","592.9749755859375","592.9749755859375","118.375","118.375","118.375"
"1143","673.7625122070312","673.7625122070312","673.7625122070312","","","","406.70001220703125","406.70001220703125","406.70001220703125","40.375","40.375","40.375"
"1144","759.765625","759.765625","759.765625","","","","407.8854064941406","407.8854064941406","407.8854064941406","30","30","30"
"1145","814.4375","814.4375","814.4375","","","","167.9166717529297","167.9166717529297","167.9166717529297","34.45000076293945","34.45000076293945","34.45000076293945"
"1146","924.5208129882812","924.5208129882812","924.5208129882812","","","","488.1625061035156","488.1625061035156","488.1625061035156","34.9375","34.9375","34.9375"
"1147","744.2291870117188","744.2291870117188","744.2291870117188","","","","197.875","197.875","197.875","35.91666793823242","35.91666793823242","35.91666793823242"
"1148","466.25","466.25","466.25","","","","1095.03125","1095.03125","1095.03125","35.375","35.375","35.375"
"1149","640.3125","640.3125","640.3125","","","","362.84375","362.84375","362.84375","40.6875","40.6875","40.6875"
"1150","1180.1353759765625","1180.1353759765625","1180.1353759765625","","","","248.4166717529297","248.4166717529297","248.4166717529297","41","41","41"
"1151","979.1428833007812","979.1428833007812","979.1428833007812","","","","726.46875","726.46875","726.46875","27","27","27"
"1152","633","633","633","","","","623.375","623.375","623.375","30.225000381469727","30.225000381469727","30.225000381469727"
"1153","993.1375122070312","993.1375122070312","993.1375122070312","","","","378.96875","378.96875","378.96875","36.875","36.875","36.875"
"1154","862.7083129882812","862.7083129882812","862.7083129882812","","","","468.171875","468.171875","468.171875","47.125","47.125","47.125"
"1155","1077.15625","1077.15625","1077.15625","","","","962.4375","962.4375","962.4375","28","28","28"
"1156","897.8125","897.8125","897.8125","","","","143.46875","143.46875","143.46875","70","70","70"
"1157","1615.4791259765625","1615.4791259765625","1615.4791259765625","","","","1028.4375","1028.4375","1028.4375","43.125","43.125","43.125"
"1158","1500.175048828125","1500.175048828125","1500.175048828125","","","","377.5208435058594","377.5208435058594","377.5208435058594","48.25","48.25","48.25"
"1159","1414.1875","1414.1875","1414.1875","","","","730.875","730.875","730.875","27.875","27.875","27.875"
"1160","1492.203125","1492.203125","1492.203125","","","","145.78125","145.78125","145.78125","30.95833396911621","30.95833396911621","30.95833396911621"
"1161","1334.5","1334.5","1334.5","","","","141.3125","141.3125","141.3125","62.33333206176758","62.33333206176758","62.33333206176758"
"1162","1462.1160888671875","1462.1160888671875","1462.1160888671875","","","","596.3958129882812","596.3958129882812","596.3958129882812","45","45","45"
"1163","750.4791870117188","750.4791870117188","750.4791870117188","","","","394.8333435058594","394.8333435058594","394.8333435058594","31.75","31.75","31.75"
"1164","1451.7083740234375","1451.7083740234375","1451.7083740234375","","","","421.4791564941406","421.4791564941406","421.4791564941406","39.5","39.5","39.5"
"1165","1261.392822265625","1261.392822265625","1261.392822265625","","","","1339.40625","1339.40625","1339.40625","54.375","54.375","54.375"
"1166","1183.3125","1183.3125","1183.3125","","","","186.25","186.25","186.25","55","55","55"
"1167","1752.375","1752.375","1752.375","","","","277.5","277.5","277.5","44.75","44.75","44.75"
"1168","976.0625","976.0625","976.0625","","","","359.6041564941406","359.6041564941406","359.6041564941406","55","55","55"
"1169","1420.4375","1420.4375","1420.4375","","","","266.78125","266.78125","266.78125","30.75","30.75","30.75"
"1170","1490.0416259765625","1490.0416259765625","1490.0416259765625","","","","169.4375","169.4375","169.4375","42.1875","42.1875","42.1875"
"1171","725.1015625","725.1015625","725.1015625","","","","194.65625","194.65625","194.65625","88.25","88.25","88.25"
"1172","1514.1624755859375","1514.1624755859375","1514.1624755859375","","","","779","779","779","31.5","31.5","31.5"
"1173","1658.40625","1658.40625","1658.40625","","","","548","548","548","64","64","64"
"1174","971.0625","971.0625","971.0625","","","","448.0208435058594","448.0208435058594","448.0208435058594","84.875","84.875","84.875"
"1175","629.28125","629.28125","629.28125","","","","726.609375","726.609375","726.609375","36","36","36"
"1176","1140.8125","1140.8125","1140.8125","","","","314.25","314.25","314.25","29","29","29"
"1177","1144.2916259765625","1144.2916259765625","1144.2916259765625","","","","314.09375","314.09375","314.09375","67","67","67"
"1178","1346.09375","1346.09375","1346.09375","","","","1996.9375","1996.9375","1996.9375","54.03125","54.03125","54.03125"
"1179","851.125","851.125","851.125","","","","395.57501220703125","395.57501220703125","395.57501220703125","48.375","48.375","48.375"
"1180","1149.1607666015625","1149.1607666015625","1149.1607666015625","","","","193.3125","193.3125","193.3125","75.6875","75.6875","75.6875"
"1181","1070.65625","1070.65625","1070.65625","","","","423.328125","423.328125","423.328125","33.5","33.5","33.5"
"1182","1129.25","1129.25","1129.25","","","","109.125","109.125","109.125","37.375","37.375","37.375"
"1183","1438.453125","1438.453125","1438.453125","","","","370","370","370","28","28","28"
"1184","1467.5625","1467.5625","1467.5625","","","","310.78125","310.78125","310.78125","64.25","64.25","64.25"
"1185","1034.449951171875","1034.449951171875","1034.449951171875","","","","365.578125","365.578125","365.578125","57.875","57.875","57.875"
"1186","2232.65625","2232.65625","2232.65625","","","","225.0625","225.0625","225.0625","40.5","40.5","40.5"
"1187","1684.737548828125","1684.737548828125","1684.737548828125","","","","433.9375","433.9375","433.9375","36.83333206176758","36.83333206176758","36.83333206176758"
"1188","1769.140625","1769.140625","1769.140625","","","","285.78125","285.78125","285.78125","23.91666603088379","23.91666603088379","23.91666603088379"
"1189","1359.25","1359.25","1359.25","","","","152.25","152.25","152.25","59.125","59.125","59.125"
"1190","1407.1875","1407.1875","1407.1875","","","","891.7291870117188","891.7291870117188","891.7291870117188","53.5","53.5","53.5"
"1191","1289.012451171875","1289.012451171875","1289.012451171875","","","","579.53125","579.53125","579.53125","26.125","26.125","26.125"
"1192","1671.75","1671.75","1671.75","","","","309.9166564941406","309.9166564941406","309.9166564941406","93.25","93.25","93.25"
"1193","957.0416870117188","957.0416870117188","957.0416870117188","","","","264.34375","264.34375","264.34375","42.5","42.5","42.5"
"1194","1212.3125","1212.3125","1212.3125","","","","135","135","135","48.16666793823242","48.16666793823242","48.16666793823242"
"1195","","","","","","","214.0833282470703","214.0833282470703","214.0833282470703","42.75","42.75","42.75"
"1196","","","","","","","452.70001220703125","452.70001220703125","452.70001220703125","51.875","51.875","51.875"
"1197","","","","","","","327.29998779296875","327.29998779296875","327.29998779296875","42.5","42.5","42.5"
"1198","","","","","","","402.7083435058594","402.7083435058594","402.7083435058594","36.08333206176758","36.08333206176758","36.08333206176758"
"1199","","","","","","","411.625","411.625","411.625","40.102272033691406","40.102272033691406","40.102272033691406"
"1200","","","","","","","663.03125","663.03125","663.03125","54.46875","54.46875","54.46875"
"1201","","","","","","","348.265625","348.265625","348.265625","29.875","29.875","29.875"
"1202","","","","","","","1456.2083740234375","1456.2083740234375","1456.2083740234375","52.91666793823242","52.91666793823242","52.91666793823242"
"1203","","","","","","","142.25","142.25","142.25","36.625","36.625","36.625"
"1204","","","","","","","475.4624938964844","475.4624938964844","475.4624938964844","74.3125","74.3125","74.3125"
"1205","","","","","","","1252.4749755859375","1252.4749755859375","1252.4749755859375","25","25","25"
"1206","","","","","","","278.71875","278.71875","278.71875","24","24","24"
"1207","","","","","","","281.921875","281.921875","281.921875","48.5","48.5","48.5"
"1208","","","","","","","354.9375","354.9375","354.9375","28.75","28.75","28.75"
"1209","","","","","","","274.5","274.5","274.5","70.19642639160156","70.19642639160156","70.19642639160156"
"1210","","","","","","","122.75","122.75","122.75","87.6875","87.6875","87.6875"
"1211","","","","","","","432.3333435058594","432.3333435058594","432.3333435058594","28.25","28.25","28.25"
"1212","","","","","","","600.1041870117188","600.1041870117188","600.1041870117188","52.91666793823242","52.91666793823242","52.91666793823242"
"1213","","","","","","","656.1624755859375","656.1624755859375","656.1624755859375","38.25","38.25","38.25"
"1214","","","","","","","532.90625","532.90625","532.90625","95.75","95.75","95.75"
"1215","","","","","","","902.65625","902.65625","902.65625","30.8125","30.8125","30.8125"
"1216","","","","","","","388.4375","388.4375","388.4375","39.29166793823242","39.29166793823242","39.29166793823242"
"1217","","","","","","","2479.625","2479.625","2479.625","28.75","28.75","28.75"
"1218","","","","","","","201.84375","201.84375","201.84375","38.046875","38.046875","38.046875"
"1219","","","","","","","505.3125","505.3125","505.3125","39.20833206176758","39.20833206176758","39.20833206176758"
"1220","","","","","","","223.9375","223.9375","223.9375","34.1875","34.1875","34.1875"
"1221","","","","","","","673.9375","673.9375","673.9375","71.75","71.75","71.75"
"1222","","","","","","","179.234375","179.234375","179.234375","85.5","85.5","85.5"
"1223","","","","","","","1628.859375","1628.859375","1628.859375","45.275001525878906","45.275001525878906","45.275001525878906"
"1224","","","","","","","498.65625","498.65625","498.65625","64","64","64"
"1225","","","","","","","211.625","211.625","211.625","56.4375","56.4375","56.4375"
"1226","","","","","","","283.4791564941406","283.4791564941406","283.4791564941406","58.79166793823242","58.79166793823242","58.79166793823242"
"1227","","","","","","","503.5","503.5","503.5","82.5625","82.5625","82.5625"
"1228","","","","","","","184.75","184.75","184.75","47.5","47.5","47.5"
"1229","","","","","","","590.1145629882812","590.1145629882812","590.1145629882812","32.1875","32.1875","32.1875"
"1230","","","","","","","290.2916564941406","290.2916564941406","290.2916564941406","53.82500076293945","53.82500076293945","53.82500076293945"
"1231","","","","","","","150.125","150.125","150.125","35.650001525878906","35.650001525878906","35.650001525878906"
"1232","","","","","","","108.375","108.375","108.375","78.875","78.875","78.875"
"1233","","","","","","","309.90625","309.90625","309.90625","90.875","90.875","90.875"
"1234","","","","","","","121.4375","121.4375","121.4375","37.625","37.625","37.625"
"1235","","","","","","","681.5208129882812","681.5208129882812","681.5208129882812","63.625","63.625","63.625"
"1236","","","","","","","192.6875","192.6875","192.6875","99.125","99.125","99.125"
"1237","","","","","","","236.4791717529297","236.4791717529297","236.4791717529297","26","26","26"
"1238","","","","","","","414.15625","414.15625","414.15625","59.9375","59.9375","59.9375"
"1239","","","","","","","407.1499938964844","407.1499938964844","407.1499938964844","44.0625","44.0625","44.0625"
"1240","","","","","","","247.875","247.875","247.875","118","118","118"
"1241","","","","","","","330.65625","330.65625","330.65625","34.125","34.125","34.125"
"1242","","","","","","","393.140625","393.140625","393.140625","62.25","62.25","62.25"
"1243","","","","","","","459.9375","459.9375","459.9375","65","65","65"
"1244","","","","","","","310.171875","310.171875","310.171875","40","40","40"
"1245","","","","","","","413.29998779296875","413.29998779296875","413.29998779296875","27","27","27"
"1246","","","","","","","211.9583282470703","211.9583282470703","211.9583282470703","51.1875","51.1875","51.1875"
"1247","","","","","","","148.328125","148.328125","148.328125","24.6875","24.6875","24.6875"
"1248","","","","","","","307.125","307.125","307.125","39.25","39.25","39.25"
"1249","","","","","","","100.4375","100.4375","100.4375","45.875","45.875","45.875"
"1250","","","","","","","291.625","291.625","291.625","34.75","34.75","34.75"
"1251","","","","","","","322.5833435058594","322.5833435058594","322.5833435058594","52","52","52"
"1252","","","","","","","224.5833282470703","224.5833282470703","224.5833282470703","42","42","42"
"1253","","","","","","","508.96875","508.96875","508.96875","50.04166793823242","50.04166793823242","50.04166793823242"
"1254","","","","","","","303.75","303.75","303.75","36.625","36.625","36.625"
"1255","","","","","","","260.53125","260.53125","260.53125","97.58333587646484","97.58333587646484","97.58333587646484"
"1256","","","","","","","428","428","428","34.625","34.625","34.625"
"1257","","","","","","","229.28125","229.28125","229.28125","32.0625","32.0625","32.0625"
"1258","","","","","","","275.1000061035156","275.1000061035156","275.1000061035156","26.95833396911621","26.95833396911621","26.95833396911621"
"1259","","","","","","","237.66250610351562","237.66250610351562","237.66250610351562","35.125","35.125","35.125"
"1260","","","","","","","500.203125","500.203125","500.203125","42.9375","42.9375","42.9375"
"1261","","","","","","","280.9196472167969","280.9196472167969","280.9196472167969","60.75","60.75","60.75"
"1262","","","","","","","362.1805419921875","362.1805419921875","362.1805419921875","40.5","40.5","40.5"
"1263","","","","","","","375.15625","375.15625","375.15625","73.125","73.125","73.125"
"1264","","","","","","","204.015625","204.015625","204.015625","29","29","29"
"1265","","","","","","","284.73748779296875","284.73748779296875","284.73748779296875","48.1875","48.1875","48.1875"
"1266","","","","","","","504.3958435058594","504.3958435058594","504.3958435058594","36.75","36.75","36.75"
"1267","","","","","","","232.8125","232.8125","232.8125","54.625","54.625","54.625"
"1268","","","","","","","427.09375","427.09375","427.09375","32.95833206176758","32.95833206176758","32.95833206176758"
"1269","","","","","","","176.3874969482422","176.3874969482422","176.3874969482422","42.625","42.625","42.625"
"1270","","","","","","","375.04998779296875","375.04998779296875","375.04998779296875","70.5","70.5","70.5"
"1271","","","","","","","159.1875","159.1875","159.1875","34.79166793823242","34.79166793823242","34.79166793823242"
"1272","","","","","","","209.046875","209.046875","209.046875","37.20833206176758","37.20833206176758","37.20833206176758"
"1273","","","","","","","109.3125","109.3125","109.3125","30.25","30.25","30.25"
"1274","","","","","","","300","300","300","80.625","80.625","80.625"
"1275","","","","","","","142.2708282470703","142.2708282470703","142.2708282470703","51.8125","51.8125","51.8125"
"1276","","","","","","","414.4375","414.4375","414.4375","44.20833206176758","44.20833206176758","44.20833206176758"
"1277","","","","","","","415.5833435058594","415.5833435058594","415.5833435058594","71","71","71"
"1278","","","","","","","130.3125","130.3125","130.3125","59.3125","59.3125","59.3125"
"1279","","","","","","","413.125","413.125","413.125","63.46875","63.46875","63.46875"
"1280","","","","","","","260.71875","260.71875","260.71875","57","57","57"
"1281","","","","","","","475.1458435058594","475.1458435058594","475.1458435058594","46.125","46.125","46.125"
"1282","","","","","","","112","112","112","30.3125","30.3125","30.3125"
"1283","","","","","","","142.375","142.375","142.375","44.125","44.125","44.125"
"1284","","","","","","","578.359375","578.359375","578.359375","63","63","63"
"1285","","","","","","","419.63751220703125","419.63751220703125","419.63751220703125","60.75","60.75","60.75"
"1286","","","","","","","387.9375","387.9375","387.9375","55.5625","55.5625","55.5625"
"1287","","","","","","","136.3333282470703","136.3333282470703","136.3333282470703","55.54166793823242","55.54166793823242","55.54166793823242"
"1288","","","","","","","254.6770782470703","254.6770782470703","254.6770782470703","168.625","168.625","168.625"
"1289","","","","","","","135.9375","135.9375","135.9375","56.3125","56.3125","56.3125"
"1290","","","","","","","178.9375","178.9375","178.9375","35.625","35.625","35.625"
"1291","","","","","","","125.1875","125.1875","125.1875","34.96875","34.96875","34.96875"
"1292","","","","","","","341.25","341.25","341.25","24","24","24"
"1293","","","","","","","453.70001220703125","453.70001220703125","453.70001220703125","41.4375","41.4375","41.4375"
"1294","","","","","","","542.0416870117188","542.0416870117188","542.0416870117188","27","27","27"
"1295","","","","","","","254.84375","254.84375","254.84375","28","28","28"
"1296","","","","","","","256.8125","256.8125","256.8125","32.875","32.875","32.875"
"1297","","","","","","","516.125","516.125","516.125","45.42499923706055","45.42499923706055","45.42499923706055"
"1298","","","","","","","319.75","319.75","319.75","35","35","35"
"1299","","","","","","","221.0625","221.0625","221.0625","29","29","29"
"1300","","","","","","","","","","42.75","42.75","42.75"
"1301","","","","","","","","","","59.625","58","61.25"
"1302","","","","","","","","","","38.25","35","41.5"
"1303","","","","","","","","","","37.45833206176758","37.33333206176758","37.58333206176758"
"1304","","","","","","","","","","60.0461311340332","58.89583206176758","61.19643020629883"
"1305","","","","","","","","","","48.984375","41.15625","56.8125"
"1306","","","","","","","","","","51.6875","51.625","51.75"
"1307","","","","","","","","","","46.97916603088379","42.375","51.58333206176758"
"1308","","","","","","","","","","57.84375","55.3125","60.375"
"1309","","","","","","","","","","25.9375","22.875","29"
"1310","","","","","","","","","","71.54166603088379","49.20833206176758","93.875"
"1311","","","","","","","","","","32.47916603088379","32.20833206176758","32.75"
"1312","","","","","","","","","","39.3125","32","46.625"
"1313","","","","","","","","","","40.49479103088379","37.95833206176758","43.03125"
"1314","","","","","","","","","","58.5","36","81"
"1315","","","","","","","","","","50.50625038146973","40.45000076293945","60.5625"
"1316","","","","","","","","","","59","57","61"
"1317","","","","","","","","","","68.3125","35.5","101.125"
"1318","","","","","","","","","","33.8125","29.625","38"
"1319","","","","","","","","","","38.25","37","39.5"
"1320","","","","","","","","","","34.64583396911621","32.29166793823242","37"
"1321","","","","","","","","","","57.75","36.25","79.25"
"1322","","","","","","","","","","66.35625076293945","53.025001525878906","79.6875"
"1323","","","","","","","","","","62.71875","62.125","63.3125"
"1324","","","","","","","","","","37.53125","33.8125","41.25"
"1325","","","","","","","","","","51.82500076293945","39.775001525878906","63.875"
"1326","","","","","","","","","","45.20833396911621","42.625","47.79166793823242"
"1327","","","","","","","","","","53","52.25","53.75"
"1328","","","","","","","","","","51.09895896911621","46.28125","55.91666793823242"
"1329","","","","","","","","","","60.5625","50.125","71"
"1330","","","","","","","","","","38.625","36.125","41.125"
"1331","","","","","","","","","","47.1875","43","51.375"
"1332","","","","","","","","","","65.28645896911621","57.41666793823242","73.15625"
"1333","","","","","","","","","","45.5","40","51"
"1334","","","","","","","","","","33.47916603088379","31.125","35.83333206176758"
"1335","","","","","","","","","","50.875","44.875","56.875"
"1336","","","","","","","","","","42.16666603088379","41.33333206176758","43"
"1337","","","","","","","","","","50.11458396911621","39.25","60.97916793823242"
"1338","","","","","","","","","","33.63750076293945","29","38.275001525878906"
"1339","","","","","","","","","","89.4375","38.375","140.5"
"1340","","","","","","","","","","51.875","47.8125","55.9375"
"1341","","","","","","","","","","40.25","35.5","45"
"1342","","","","","","","","","","38.20833396911621","36","40.41666793823242"
"1343","","","","","","","","","","43.75","36.75","50.75"
"1344","","","","","","","","","","42.3125","41.125","43.5"
"1345","","","","","","","","","","61.929168701171875","37.775001525878906","86.08333587646484"
"1346","","","","","","","","","","41.52499961853027","41.29999923706055","41.75"
"1347","","","","","","","","","","27.09375","22","32.1875"
"1348","","","","","","","","","","38.70535659790039","33.125","44.28571319580078"
"1349","","","","","","","","","","55.645833015441895","29.04166603088379","82.25"
"1350","","","","","","","","","","37.77083396911621","36","39.54166793823242"
"1351","","","","","","","","","","68.80729293823242","37.15625","100.45833587646484"
"1352","","","","","","","","","","55.53125","45.8125","65.25"
"1353","","","","","","","","","","61.08333396911621","57.04166793823242","65.125"
"1354","","","","","","","","","","31.5","31","32"
"1355","","","","","","","","","","40.8125","33","48.625"
"1356","","","","","","","","","","61.96875","53.5625","70.375"
"1357","","","","","","","","","","49.84375","43.9375","55.75"
"1358","","","","","","","","","","73.125","73.125","73.125"
"1359","","","","","","","","","","97.5","97.5","97.5"
"1360","","","","","","","","","","48.625","48.625","48.625"
"1361","","","","","","","","","","104.625","104.625","104.625"
"1362","","","","","","","","","","64.375","64.375","64.375"
"1363","","","","","","","","","","51.75","51.75","51.75"
"1364","","","","","","","","","","36.57143020629883","36.57143020629883","36.57143020629883"
"1365","","","","","","","","","","48.58333206176758","48.58333206176758","48.58333206176758"
"1366","","","","","","","","","","47.75","47.75","47.75"
"1367","","","","","","","","","","34.25","34.25","34.25"
"1368","","","","","","","","","","32.625","32.625","32.625"
"1369","","","","","","","","","","45.45833206176758","45.45833206176758","45.45833206176758"
"1370","","","","","","","","","","63.400001525878906","63.400001525878906","63.400001525878906"
"1371","","","","","","","","","","34.625","34.625","34.625"
"1372","","","","","","","","","","36.8125","36.8125","36.8125"
"1373","","","","","","","","","","29.96875","29.96875","29.96875"
"1374","","","","","","","","","","42.375","42.375","42.375"
"1375","","","","","","","","","","38.125","38.125","38.125"
"1376","","","","","","","","","","42.375","42.375","42.375"
"1377","","","","","","","","","","140.625","140.625","140.625"
"1378","","","","","","","","","","27.75","27.75","27.75"
"1379","","","","","","","","","","45.375","45.375","45.375"
"1380","","","","","","","","","","34","34","34"
"1381","","","","","","","","","","37.34375","37.34375","37.34375"
"1382","","","","","","","","","","78.625","78.625","78.625"
"1383","","","","","","","","","","86","86","86"
"1384","","","","","","","","","","56.79166793823242","56.79166793823242","56.79166793823242"
"1385","","","","","","","","","","42.625","42.625","42.625"
"1386","","","","","","","","","","733.75","733.75","733.75"
"1387","","","","","","","","","","64.375","64.375","64.375"
"1388","","","","","","","","","","65.90625","65.90625","65.90625"
"1389","","","","","","","","","","27","27","27"
"1390","","","","","","","","","","55.625","55.625","55.625"
"1391","","","","","","","","","","48","48","48"
"1392","","","","","","","","","","30","30","30"
"1393","","","","","","","","","","43.20833206176758","43.20833206176758","43.20833206176758"
"1394","","","","","","","","","","27.79166603088379","27.79166603088379","27.79166603088379"
"1395","","","","","","","","","","58.625","58.625","58.625"
"1396","","","","","","","","","","45","45","45"
"1397","","","","","","","","","","101","101","101"
"1398","","","","","","","","","","69.625","69.625","69.625"
"1399","","","","","","","","","","57.5625","57.5625","57.5625"
"1400","","","","","","","","","","42.625","42.625","42.625"
"1401","","","","","","","","","","81.54166412353516","81.54166412353516","81.54166412353516"
"1402","","","","","","","","","","33","33","33"
"1403","","","","","","","","","","53.25","53.25","53.25"
"1404","","","","","","","","","","23","23","23"
"1405","","","","","","","","","","68.4375","68.4375","68.4375"
"1406","","","","","","","","","","54.75","54.75","54.75"
"1407","","","","","","","","","","118.375","118.375","118.375"
"1408","","","","","","","","","","42.400001525878906","42.400001525878906","42.400001525878906"
"1409","","","","","","","","","","66.10416412353516","66.10416412353516","66.10416412353516"
"1410","","","","","","","","","","71.75","71.75","71.75"
"1411","","","","","","","","","","60.75","60.75","60.75"
"1412","","","","","","","","","","79.79166412353516","79.79166412353516","79.79166412353516"
"1413","","","","","","","","","","68.54166412353516","68.54166412353516","68.54166412353516"
"1414","","","","","","","","","","28.41666603088379","28.41666603088379","28.41666603088379"
"1415","","","","","","","","","","31.75","31.75","31.75"
"1416","","","","","","","","","","67.67500305175781","67.67500305175781","67.67500305175781"
"1417","","","","","","","","","","27.600000381469727","27.600000381469727","27.600000381469727"
"1418","","","","","","","","","","53.83333206176758","53.83333206176758","53.83333206176758"
"1419","","","","","","","","","","69.66666412353516","69.66666412353516","69.66666412353516"
"1420","","","","","","","","","","41","41","41"
"1421","","","","","","","","","","31.9375","31.9375","31.9375"
"1422","","","","","","","","","","89.75","89.75","89.75"
"1423","","","","","","","","","","71.41666412353516","71.41666412353516","71.41666412353516"
"1424","","","","","","","","","","33.875","33.875","33.875"
"1425","","","","","","","","","","93.25","93.25","93.25"
"1426","","","","","","","","","","82.375","82.375","82.375"
"1427","","","","","","","","","","50.875","50.875","50.875"
"1428","","","","","","","","","","32.25","32.25","32.25"
"1429","","","","","","","","","","42.70833206176758","42.70833206176758","42.70833206176758"
"1430","","","","","","","","","","1081.4583740234375","1081.4583740234375","1081.4583740234375"
"1431","","","","","","","","","","129","129","129"
"1432","","","","","","","","","","51.5","51.5","51.5"
"1433","","","","","","","","","","38","38","38"
"1434","","","","","","","","","","73.625","73.625","73.625"
"1435","","","","","","","","","","41.875","41.875","41.875"
"1436","","","","","","","","","","87.375","87.375","87.375"
"1437","","","","","","","","","","54","54","54"
"1438","","","","","","","","","","80.58333587646484","80.58333587646484","80.58333587646484"
"1439","","","","","","","","","","46.25","46.25","46.25"
"1440","","","","","","","","","","53.375","53.375","53.375"
"1441","","","","","","","","","","44.1875","44.1875","44.1875"
"1442","","","","","","","","","","40.27777862548828","40.27777862548828","40.27777862548828"
"1443","","","","","","","","","","42.5625","42.5625","42.5625"
"1444","","","","","","","","","","31.95833396911621","31.95833396911621","31.95833396911621"
"1445","","","","","","","","","","37.25","37.25","37.25"
"1446","","","","","","","","","","45.09375","45.09375","45.09375"
"1447","","","","","","","","","","36.875","36.875","36.875"
"1448","","","","","","","","","","33.125","33.125","33.125"
"1449","","","","","","","","","","372.5416564941406","372.5416564941406","372.5416564941406"
"1450","","","","","","","","","","41.79166793823242","41.79166793823242","41.79166793823242"
"1451","","","","","","","","","","576.8125","576.8125","576.8125"
"1452","","","","","","","","","","15","15","15"
"1453","","","","","","","","","","63.125","63.125","63.125"
"1454","","","","","","","","","","76.625","76.625","76.625"
"1455","","","","","","","","","","62.25","62.25","62.25"
"1456","","","","","","","","","","30.875","30.875","30.875"
"1457","","","","","","","","","","28.125","28.125","28.125"
"1458","","","","","","","","","","35.54166793823242","35.54166793823242","35.54166793823242"
"1459","","","","","","","","","","53.16666793823242","53.16666793823242","53.16666793823242"
"1460","","","","","","","","","","60.599998474121094","60.599998474121094","60.599998474121094"
"1461","","","","","","","","","","45.82500076293945","45.82500076293945","45.82500076293945"
"1462","","","","","","","","","","39.32500076293945","39.32500076293945","39.32500076293945"
"1463","","","","","","","","","","38.03125","38.03125","38.03125"
"1464","","","","","","","","","","48.125","48.125","48.125"
"1465","","","","","","","","","","59.375","59.375","59.375"
"1466","","","","","","","","","","48.5","48.5","48.5"
"1467","","","","","","","","","","57.41666793823242","57.41666793823242","57.41666793823242"
"1468","","","","","","","","","","42.70833206176758","42.70833206176758","42.70833206176758"
"1469","","","","","","","","","","88.25","88.25","88.25"
"1470","","","","","","","","","","77.02083587646484","77.02083587646484","77.02083587646484"
"1471","","","","","","","","","","90.25","90.25","90.25"
"1472","","","","","","","","","","27.29166603088379","27.29166603088379","27.29166603088379"
"1473","","","","","","","","","","35.625","35.625","35.625"
"1474","","","","","","","","","","84.5","84.5","84.5"
"1475","","","","","","","","","","74.125","74.125","74.125"
"1476","","","","","","","","","","40.5","40.5","40.5"
"1477","","","","","","","","","","64.375","64.375","64.375"
"1478","","","","","","","","","","55.125","55.125","55.125"
"1479","","","","","","","","","","42.125","42.125","42.125"
"1480","","","","","","","","","","33.5","33.5","33.5"
"1481","","","","","","","","","","51.5","51.5","51.5"
"1482","","","","","","","","","","59.25","59.25","59.25"
"1483","","","","","","","","","","43","43","43"
"1484","","","","","","","","","","88.125","88.125","88.125"
"1485","","","","","","","","","","42.29999923706055","42.29999923706055","42.29999923706055"
"1486","","","","","","","","","","37.42499923706055","37.42499923706055","37.42499923706055"
"1487","","","","","","","","","","51.125","51.125","51.125"
"1488","","","","","","","","","","58.25","58.25","58.25"
"1489","","","","","","","","","","76.25","76.25","76.25"
"1490","","","","","","","","","","28.20833396911621","28.20833396911621","28.20833396911621"
"1491","","","","","","","","","","73.375","73.375","73.375"
"1492","","","","","","","","","","95.625","95.625","95.625"
"1493","","","","","","","","","","50.625","50.625","50.625"
"1494","","","","","","","","","","55.5","55.5","55.5"
"1495","","","","","","","","","","42.21875","42.21875","42.21875"
"1496","","","","","","","","","","66.75","66.75","66.75"
"1497","","","","","","","","","","68.25","68.25","68.25"
"1498","","","","","","","","","","59.54999923706055","59.54999923706055","59.54999923706055"
"1499","","","","","","","","","","67.41666412353516","67.41666412353516","67.41666412353516"
"1500","","","","","","","","","","27","27","27"
"1501","","","","","","","","","","98.25","98.25","98.25"
"1502","","","","","","","","","","50.375","50.375","50.375"
"1503","","","","","","","","","","37.75","37.75","37.75"
"1504","","","","","","","","","","29.25","29.25","29.25"