step,avg_len,avg_score,n,pos_len,neg_len
1,2787.85546875,0.71875,256,2275.9728260869565,4096.0
2,3398.609375,0.55859375,256,2847.5244755244757,4096.0
3,3376.66015625,0.60546875,256,2910.6838709677418,4091.772277227723
4,3640.53515625,0.453125,256,3108.7155172413795,4081.1857142857143
5,3029.328125,0.76171875,256,2697.4205128205126,4090.344262295082
6,2819.68359375,0.671875,256,2196.3662790697676,4096.0
7,3415.84375,0.62890625,256,3023.9937888198756,4079.926315789474
8,3209.44921875,0.6953125,256,2820.9606741573034,4096.0
9,3306.39453125,0.609375,256,2800.2371794871797,4096.0
10,3439.01171875,0.65625,256,3094.875,4096.0
11,3289.3515625,0.70703125,256,2956.038674033149,4093.7466666666664
12,3280.63671875,0.68359375,256,2903.24,4096.0
13,3414.00390625,0.5859375,256,2932.06,4096.0
14,3001.90234375,0.71484375,256,2565.4590163934427,4096.0
15,3625.27734375,0.4375,256,3020.0625,4096.0
16,3509.41015625,0.60546875,256,3127.18064516129,4096.0
17,3363.765625,0.75,256,3119.6875,4096.0
18,3074.796875,0.6328125,256,2537.685185185185,4000.4574468085107
19,3362.3046875,0.72265625,256,3080.7243243243242,4096.0
20,2929.0625,0.69921875,256,2427.0837988826815,4096.0
21,3164.01171875,0.71484375,256,2804.0765027322404,4066.3150684931506
22,2544.05859375,0.75,256,2036.7760416666667,4065.90625
23,3026.859375,0.75,256,2703.6510416666665,3996.484375
24,2594.4296875,0.89453125,256,2417.3886462882097,4096.0
25,2961.0703125,0.828125,256,2725.5188679245284,4096.0
26,3257.44921875,0.60546875,256,2742.5806451612902,4047.5940594059407
27,2793.69140625,0.80078125,256,2469.70243902439,4096.0
28,2640.88671875,0.90625,256,2501.219827586207,3991.0
29,2941.046875,0.80859375,256,2673.0676328502414,4073.122448979592
30,2845.46484375,0.78515625,256,2503.2786069651743,4096.0
31,3182.640625,0.62890625,256,2725.186335403727,3957.9052631578948
32,2813.8671875,0.74609375,256,2377.5392670157066,4096.0
33,2917.45703125,0.8046875,256,2631.402912621359,4096.0
34,2921.1328125,0.72265625,256,2522.951351351351,3958.6478873239435
35,2618.66796875,0.91796875,256,2504.136170212766,3900.3333333333335
36,2811.16796875,0.69140625,256,2255.0225988700563,4057.215189873418
37,3024.3046875,0.79296875,256,2745.3793103448274,4092.6415094339623
38,2605.11328125,0.83203125,256,2304.1361502347418,4096.0
39,3375.6875,0.78515625,256,3179.681592039801,4092.0
40,2955.7109375,0.734375,256,2543.2659574468084,4096.0
41,2874.0625,0.796875,256,2615.455882352941,3888.596153846154
42,2332.94140625,0.9453125,256,2247.206611570248,3814.9285714285716
43,2346.26953125,0.90234375,256,2165.6103896103896,4015.56
44,2709.41796875,0.859375,256,2482.5227272727275,4096.0
45,2646.078125,0.88671875,256,2503.2555066079294,3764.0344827586205
46,2874.6171875,0.83984375,256,2642.655813953488,4091.0
47,2755.90234375,0.77734375,256,2372.0552763819096,4096.0
48,3078.0078125,0.6953125,256,2683.938202247191,3977.2948717948716
49,2844.265625,0.875,256,2665.4464285714284,4096.0
50,3107.42578125,0.8203125,256,2908.790476190476,4014.2391304347825
51,2267.6484375,0.921875,256,2147.169491525424,3689.3
52,2809.54296875,0.84765625,256,2596.8801843317974,3992.8205128205127
53,2594.1015625,0.890625,256,2445.3859649122805,3805.0714285714284
54,2206.34375,0.90625,256,2012.353448275862,4081.5833333333335
55,2976.16796875,0.73828125,256,2581.8835978835978,4088.402985074627
56,2735.66015625,0.8203125,256,2437.6809523809525,4096.0
57,2593.90234375,0.9140625,256,2457.8547008547007,4040.9545454545455
58,2825.69140625,0.7421875,256,2387.3105263157895,4087.6969696969695
59,2312.8125,0.93359375,256,2241.0,3322.4117647058824
60,3150.234375,0.78125,256,2897.15,4054.1071428571427
61,2698.984375,0.8515625,256,2480.0183486238534,3955.157894736842
62,2457.28515625,0.7421875,256,1906.1368421052632,4043.9242424242425
63,2569.80078125,0.890625,256,2394.2631578947367,3999.1785714285716
64,2222.90625,0.9140625,256,2058.491452991453,3971.681818181818
65,2660.62109375,0.7890625,256,2303.237623762376,3997.5
66,2100.58984375,0.953125,256,2023.0409836065573,3677.4166666666665
67,2603.69140625,0.875,256,2397.5535714285716,4046.65625
68,2404.56640625,0.90625,256,2291.887931034483,3493.7916666666665
69,2539.77734375,0.84375,256,2320.6296296296296,3723.175
70,2681.38671875,0.8046875,256,2380.839805825243,3919.64
71,2647.0390625,0.82421875,256,2389.0,3856.9555555555557
72,2254.08203125,0.87890625,256,2022.0711111111111,3938.032258064516
73,2177.80859375,0.8828125,256,1957.7654867256638,3835.4666666666667
74,2517.26171875,0.91796875,256,2391.7531914893616,3921.7619047619046
75,2361.03515625,0.87109375,256,2108.237668161435,4069.3333333333335
76,2497.05859375,0.94921875,256,2436.01646090535,3638.076923076923
77,2733.90234375,0.84375,256,2538.7083333333335,3787.95
78,2632.55078125,0.90625,256,2498.2586206896553,3930.7083333333335
79,2744.07421875,0.828125,256,2489.2028301886794,3972.090909090909
80,2236.82421875,0.91796875,256,2117.68085106383,3570.095238095238
81,2391.32421875,0.82421875,256,2197.654028436019,3299.4222222222224
82,2514.87109375,0.81640625,256,2316.3014354066986,3397.872340425532
83,2453.74609375,0.83984375,256,2234.125581395349,3605.4146341463415
84,2376.1171875,0.9140625,256,2223.0897435897436,4003.7727272727275
85,2710.48828125,0.89453125,256,2560.2183406113536,3985.0
86,2277.75,0.90625,256,2202.4655172413795,3005.5
87,2266.5859375,0.921875,256,2121.563559322034,3977.85
88,1750.765625,0.9296875,256,1612.327731092437,3581.222222222222
89,2028.765625,0.9609375,256,1976.158536585366,3322.9
90,2575.12109375,0.81640625,256,2246.535885167464,4036.276595744681
91,3042.71484375,0.78515625,256,2765.1243781094527,4057.181818181818
92,2540.41796875,0.9296875,256,2422.768907563025,4096.0
93,2126.84765625,0.97265625,256,2077.2248995983937,3892.0
94,2542.41796875,0.84765625,256,2315.8341013824884,3803.153846153846
95,2936.05078125,0.8203125,256,2694.042857142857,4040.8695652173915
96,2539.12109375,0.8671875,256,2300.6801801801803,4096.0
97,2377.14453125,0.8125,256,2036.3509615384614,3853.9166666666665
98,2901.6015625,0.87890625,256,2803.3866666666668,3614.451612903226
99,2184.14453125,0.828125,256,1813.9905660377358,3967.6136363636365
100,2314.57421875,0.859375,256,2092.581818181818,3671.1944444444443
101,2235.43359375,0.87109375,256,2022.5964125560538,3673.6969696969695
102,1844.49609375,0.9765625,256,1798.04,3780.1666666666665
103,2434.7109375,0.8203125,256,2079.304761904762,4057.217391304348
104,1975.4921875,0.91015625,256,1768.3605150214592,4073.8260869565215
105,2511.58984375,0.89453125,256,2325.471615720524,4090.1481481481483
106,2395.87109375,0.8359375,256,2120.2897196261683,3800.0238095238096
107,1869.7578125,0.9375,256,1785.875,3128.0
108,2449.13671875,0.875,256,2249.125,3849.21875
109,2483.64453125,0.8984375,256,2319.465217391304,3936.0
110,2509.7890625,0.82421875,256,2245.9810426540284,3746.7555555555555
111,2482.16015625,0.84375,256,2195.0185185185187,4032.725
112,2424.72265625,0.765625,256,1933.2755102040817,4030.116666666667
113,2365.8515625,0.921875,256,2302.3686440677966,3114.95
114,2093.53125,0.89453125,256,1996.9650655021835,2912.5555555555557
115,2110.75390625,0.88671875,256,1882.1321585903083,3900.310344827586
116,2013.015625,0.91015625,256,1820.4721030042917,3963.5652173913045
117,1991.66796875,0.96484375,256,1921.3684210526317,3921.0
118,1889.78515625,0.9609375,256,1812.7113821138212,3785.8
119,2542.703125,0.9140625,256,2411.4529914529912,3938.7272727272725
120,2372.6171875,0.84375,256,2053.472222222222,4096.0
121,2343.16015625,0.859375,256,2256.681818181818,2871.6388888888887
122,2117.9140625,0.90625,256,2010.0560344827586,3160.5416666666665
123,2117.83203125,0.87109375,256,1865.9013452914799,3820.2727272727275
124,2345.95703125,0.859375,256,2065.4045454545453,4060.4444444444443
125,2167.3828125,0.85546875,256,1954.7990867579908,3425.6486486486488
126,2147.83984375,0.8984375,256,1935.595652173913,4025.3846153846152
127,2428.32421875,0.859375,256,2179.3136363636363,3950.0555555555557
128,2565.90234375,0.83203125,256,2317.112676056338,3798.279069767442
129,2775.0390625,0.890625,256,2631.1315789473683,3946.8571428571427
130,2174.78515625,0.9296875,256,2058.6008403361343,3711.0
131,2490.50390625,0.81640625,256,2178.334928229665,3878.659574468085
132,1663.94140625,0.98828125,256,1643.8695652173913,3356.6666666666665
133,2416.73828125,0.84765625,256,2145.15668202765,3927.846153846154
134,2151.71484375,0.890625,256,1938.1754385964912,3890.535714285714
135,1720.25390625,0.91796875,256,1762.5659574468084,1246.7619047619048
136,1672.21484375,0.93359375,256,1589.5271966527196,2834.705882352941
137,2479.8515625,0.921875,256,2347.0677966101694,4046.7
138,1874.62109375,0.91796875,256,1744.0127659574468,3336.190476190476
139,2500.25,0.88671875,256,2333.942731277533,3802.0344827586205
140,2068.8359375,0.890625,256,1940.3157894736842,3115.3571428571427
141,2086.40625,0.8984375,256,1922.3739130434783,3537.4615384615386
142,2039.046875,0.93359375,256,1915.4686192468619,3776.4117647058824
143,2169.30078125,0.953125,256,2096.9754098360654,3639.9166666666665
144,2269.34765625,0.8046875,256,2034.4466019417475,3237.14
145,2202.03515625,0.91015625,256,2057.0858369098714,3670.4347826086955
146,2280.36328125,0.890625,256,2100.8991228070176,3741.714285714286
147,2294.65234375,0.94140625,256,2188.6846473029045,3997.2
148,2124.98828125,0.875,256,2058.964285714286,2587.15625
149,2104.796875,0.9609375,256,2054.9146341463415,3331.9
150,2046.62890625,0.875,256,1829.2098214285713,3568.5625
151,2037.15625,0.984375,256,2013.9920634920634,3496.5
152,2197.08203125,0.87109375,256,2026.372197309417,3350.6666666666665
153,1937.3828125,0.9140625,256,1764.931623931624,3771.6363636363635
154,2392.77734375,0.8125,256,2090.706730769231,3701.75
155,2041.5625,0.93359375,256,1915.4644351464435,3814.3529411764707
156,1807.76171875,0.97265625,256,1781.3975903614457,2745.5714285714284
157,2515.609375,0.84765625,256,2398.1935483870966,3168.923076923077
158,1865.06640625,0.9140625,256,1834.2820512820513,2192.5
159,2211.484375,0.8515625,256,1906.3119266055046,3962.2105263157896
160,1994.18359375,0.8984375,256,1870.5782608695652,3087.6153846153848
161,2142.73828125,0.84375,256,1848.351851851852,3732.425
162,2294.421875,0.9375,256,2275.866666666667,2572.75
163,1852.0703125,0.91796875,256,1669.9659574468085,3889.904761904762
164,1595.58203125,0.94140625,256,1457.8589211618257,3808.3333333333335
165,2336.94921875,0.91015625,256,2203.107296137339,3692.8260869565215
166,1982.68359375,0.9453125,256,1882.0206611570247,3722.714285714286
167,2386.4375,0.91796875,256,2251.536170212766,3896.0476190476193
168,2391.99609375,0.87890625,256,2241.52,3484.1612903225805
169,2035.171875,0.94140625,256,1918.7261410788383,3906.0666666666666
170,1807.5,0.8671875,256,1686.3063063063064,2598.823529411765
171,2099.35546875,0.921875,256,1944.25,3929.6
172,1758.1875,0.96875,256,1721.858870967742,2884.375
173,2065.8125,0.8984375,256,1861.7521739130434,3870.9615384615386
174,2460.32421875,0.81640625,256,2215.1435406698565,3550.595744680851
175,2212.0625,0.83984375,256,1905.893023255814,3817.5853658536585
176,1778.74609375,0.8984375,256,1665.5521739130436,2780.076923076923
177,1964.296875,0.9375,256,1822.4083333333333,4092.625
178,2686.203125,0.828125,256,2559.0471698113206,3298.8636363636365
179,2328.73828125,0.87890625,256,2133.0577777777776,3749.0
180,2145.2421875,0.8203125,256,1902.9476190476191,3251.3695652173915
181,2111.03515625,0.91015625,256,1919.450643776824,4051.8695652173915
182,1947.203125,0.9609375,256,1921.678861788618,2575.1
183,1833.28125,0.84765625,256,1513.147465437788,3614.5384615384614
184,2103.7578125,0.88671875,256,1916.52422907489,3569.344827586207
185,2055.0859375,0.87890625,256,1900.48,3177.2258064516127
186,1786.06640625,0.9453125,256,1736.595041322314,2641.214285714286
187,2178.10546875,0.859375,256,1976.6227272727272,3409.3888888888887
188,2110.046875,0.83203125,256,1926.962441314554,3016.953488372093
189,1948.25,0.9296875,256,1816.8025210084033,3686.277777777778
190,1954.7421875,0.90625,256,1892.0344827586207,2560.9166666666665
191,1747.34765625,0.96875,256,1689.342741935484,3545.5
192,1660.26171875,0.97265625,256,1605.0843373493976,3623.0
193,2299.46875,0.8515625,256,2078.4311926605506,3567.5263157894738
194,1806.32421875,0.890625,256,1581.5219298245613,3636.8571428571427
195,1938.8828125,0.875,256,1757.9910714285713,3205.125
196,2286.50390625,0.828125,256,2105.646226415094,3157.909090909091
197,2425.83203125,0.8046875,256,2239.354368932039,3194.12
198,2170.60546875,0.9296875,256,2030.6764705882354,4020.777777777778
199,2218.74609375,0.92578125,256,2075.0675105485234,4010.9473684210525
200,1746.5,0.9609375,256,1682.2317073170732,3327.5
201,2229.015625,0.90625,256,2048.4612068965516,3974.375
202,2099.42578125,0.8515625,256,1827.5779816513761,3658.9736842105262
203,1912.55078125,0.8828125,256,1788.774336283186,2845.0
204,2388.734375,0.7890625,256,1981.1138613861385,3913.537037037037
205,2009.15234375,0.92578125,256,1863.0632911392406,3831.4210526315787
206,2243.99609375,0.9296875,256,2158.214285714286,3378.222222222222
207,2017.41015625,0.90234375,256,1840.077922077922,3655.96
208,2414.484375,0.82421875,256,2091.1516587677725,3930.5555555555557
209,2100.87109375,0.796875,256,1898.4068627450981,2895.153846153846
210,2138.234375,0.90234375,256,1995.8398268398269,3453.96
211,2104.8203125,0.92578125,256,1980.6708860759493,3653.4210526315787
212,1955.1328125,0.875,256,1707.3705357142858,3689.46875
213,2272.37109375,0.83984375,256,2137.9255813953487,2977.390243902439
214,1900.03125,0.8984375,256,1737.1782608695653,3340.653846153846
215,2251.2109375,0.8515625,256,2094.348623853211,3151.1052631578946
216,2152.05078125,0.8828125,256,1925.358407079646,3859.8
217,1980.89453125,0.95703125,256,1900.8857142857144,3762.909090909091
218,1578.82421875,0.9765625,256,1544.34,3015.6666666666665
219,1923.2734375,0.921875,256,1784.6228813559321,3559.35
220,2019.62890625,0.93359375,256,1909.7489539748954,3564.4117647058824
221,2747.421875,0.828125,256,2479.014150943396,4040.659090909091
222,1583.12109375,0.9609375,256,1534.5853658536585,2777.1
223,1583.0078125,0.96484375,256,1514.8582995951417,3453.3333333333335
224,2278.56640625,0.83984375,256,2030.2790697674418,3580.560975609756
225,2427.09765625,0.75,256,2186.0052083333335,3150.375
226,1823.796875,0.93359375,256,1694.2803347280335,3644.6470588235293
227,2268.2734375,0.80859375,256,1990.8840579710145,3440.1020408163267
228,2049.11328125,0.86328125,256,1809.2036199095023,3563.9714285714285
229,2257.76171875,0.92578125,256,2168.805907172996,3367.3684210526317
230,2027.3046875,0.91015625,256,1889.5321888412018,3423.0
231,2000.70703125,0.921875,256,1838.427966101695,3915.6
232,2380.58203125,0.84765625,256,2081.082949308756,4047.025641025641
233,2005.85546875,0.96875,256,1947.4475806451612,3816.5
234,2119.203125,0.921875,256,1964.8940677966102,3940.05
235,2124.078125,0.8828125,256,1914.5221238938052,3702.733333333333
236,2169.91015625,0.921875,256,2056.8771186440677,3503.7
237,2306.3828125,0.93359375,256,2194.2719665271966,3882.529411764706
238,2525.23046875,0.79296875,256,2208.216748768473,3739.4528301886794
239,1798.13671875,0.94921875,256,1743.7736625514403,2814.3076923076924
240,2500.35546875,0.90234375,256,2378.7316017316016,3624.16
241,2844.63671875,0.80078125,256,2551.639024390244,4022.372549019608
242,2189.421875,0.90625,256,2059.0344827586205,3449.8333333333335
243,2184.2109375,0.8828125,256,2018.41592920354,3433.2
244,1824.30078125,0.9296875,256,1761.7016806722688,2652.0
245,1805.26953125,0.92578125,256,1750.5569620253164,2487.7368421052633
246,2086.95703125,0.81640625,256,1870.66985645933,3048.744680851064
247,1743.02734375,0.984375,256,1743.154761904762,1735.0
248,2125.33984375,0.875,256,2006.78125,2955.25
249,2110.8046875,0.890625,256,1941.7543859649122,3487.3571428571427
250,1669.1328125,0.921875,256,1490.385593220339,3778.35
251,1817.76171875,0.93359375,256,1710.020920502092,3332.470588235294
252,1978.60546875,0.953125,256,1918.061475409836,3209.6666666666665
253,2075.90234375,0.84765625,256,1901.7834101382489,3044.7179487179487
254,1785.62890625,0.8984375,256,1728.3260869565217,2292.5384615384614
255,1699.07421875,0.98828125,256,1670.6521739130435,4096.0
256,2152.09765625,0.90234375,256,1996.0692640692641,3593.8
257,2033.83203125,0.98046875,256,1999.199203187251,3772.4
258,1891.375,0.921875,256,1798.915254237288,2982.4
259,1848.16015625,0.9375,256,1727.9166666666667,3651.8125
260,1753.171875,0.9609375,256,1711.5569105691056,2776.9
261,2173.5078125,0.8828125,256,1964.5973451327434,3747.3
262,1777.3671875,0.953125,256,1739.22131147541,2553.0
263,1704.6875,0.90625,256,1615.301724137931,2568.75
264,2099.12890625,0.81640625,256,1873.4258373205741,3102.7872340425533
265,1959.7734375,0.890625,256,1782.1929824561403,3405.785714285714
266,1845.82421875,0.90625,256,1711.0818965517242,3148.3333333333335
267,2277.71484375,0.91015625,256,2115.450643776824,3921.521739130435
268,2582.484375,0.80078125,256,2230.5170731707317,3997.2549019607845
269,2014.72265625,0.90625,256,1841.9741379310344,3684.625
270,2551.296875,0.89453125,256,2433.6681222707425,3548.962962962963
271,2288.45703125,0.80078125,256,1953.9414634146342,3633.078431372549
272,1555.9765625,0.9609375,256,1529.6138211382113,2204.5
273,1904.58203125,0.89453125,256,1674.6375545851529,3854.8518518518517
274,1872.0390625,0.96484375,256,1865.2145748987855,2059.3333333333335
275,2084.94921875,0.9609375,256,2023.5853658536585,3594.5
276,1988.7265625,0.8671875,256,1926.8918918918919,2392.470588235294
277,2308.91015625,0.93359375,256,2196.121338912134,3894.5882352941176
278,2203.5859375,0.90625,256,2046.5603448275863,3721.5
279,1516.84375,0.9765625,256,1464.524,3696.8333333333335
280,2493.703125,0.875,256,2376.4151785714284,3314.71875
281,1909.30078125,0.8515625,256,1710.0275229357799,3052.5
282,1590.6640625,0.93359375,256,1501.1589958158995,2849.0
283,1750.63671875,0.93359375,256,1624.008368200837,3530.8823529411766
284,2033.33984375,0.90234375,256,1885.4199134199134,3400.12
285,2342.78515625,0.828125,256,2022.5896226415093,3885.5454545454545
286,1506.59765625,0.95703125,256,1406.391836734694,3738.4545454545455
287,1939.84765625,0.93359375,256,1815.7196652719665,3684.9411764705883
288,1822.80078125,0.94921875,256,1785.9259259259259,2512.076923076923
289,2315.58984375,0.8828125,256,2241.592920353982,2873.0333333333333
290,1959.703125,0.84765625,256,1795.2811059907833,2874.5641025641025
291,2100.609375,0.8671875,256,1838.6486486486488,3811.0588235294117
292,1523.921875,0.9765625,256,1480.76,3322.3333333333335
293,1649.87890625,0.95703125,256,1558.4734693877551,3685.7272727272725
294,2084.796875,0.875,256,1898.4598214285713,3389.15625
295,1884.90234375,0.94921875,256,1803.9135802469136,3398.769230769231
296,1520.65234375,0.98046875,256,1496.8924302788844,2713.4
297,2245.67578125,0.8984375,256,2164.4695652173914,2964.0384615384614
298,2152.66796875,0.87890625,256,1970.9644444444446,3471.483870967742
299,1984.90234375,0.90234375,256,1773.1991341991343,3941.04
300,2171.87890625,0.83984375,256,1999.4046511627907,3076.317073170732
301,1839.3671875,0.94921875,256,1779.2181069958847,2963.6923076923076
302,2226.86328125,0.81640625,256,1953.846889952153,3440.9148936170213
303,2254.09375,0.9140625,256,2137.3888888888887,3495.409090909091
304,1716.796875,0.99609375,256,1711.756862745098,3002.0
305,2254.5234375,0.921875,256,2154.665254237288,3432.85
306,1908.1171875,0.859375,256,1682.7818181818182,3285.1666666666665
307,1800.265625,0.87890625,256,1631.0044444444445,3028.7741935483873
308,1638.81640625,0.9765625,256,1612.92,2717.8333333333335
309,2187.40234375,0.84375,256,1893.236111111111,3775.9
310,2465.984375,0.765625,256,2047.591836734694,3832.733333333333
311,1850.203125,0.9375,256,1741.5833333333333,3479.5
312,2059.4609375,0.93359375,256,1932.2175732217572,3848.3529411764707
313,1763.7734375,0.97265625,256,1713.9397590361446,3536.4285714285716
314,1797.68359375,0.953125,256,1759.9959016393443,2564.0
315,1698.59375,0.9453125,256,1575.1239669421489,3832.8571428571427
316,2166.82421875,0.91796875,256,2012.0468085106384,3898.8571428571427
317,2191.54296875,0.84765625,256,1852.9354838709678,4075.5897435897436
318,1868.25390625,0.8359375,256,1616.2242990654206,3152.404761904762
319,2378.09765625,0.85546875,256,2154.1187214611873,3703.810810810811
320,2076.4140625,0.91015625,256,1960.8497854077252,3247.1304347826085
321,1892.515625,0.921875,256,1715.6186440677966,3979.9
322,1936.7265625,0.92578125,256,1810.3459915611813,3513.157894736842
323,1918.59375,0.953125,256,1831.217213114754,3695.25
324,2084.8046875,0.87890625,256,1989.2222222222222,2778.548387096774
325,1528.5703125,0.98828125,256,1520.0592885375495,2246.3333333333335
326,2362.61328125,0.90234375,256,2226.6666666666665,3618.76
327,1593.53125,0.88671875,256,1479.0969162995596,2489.2758620689656
328,2160.859375,0.87109375,256,2019.0896860986547,3118.878787878788
329,1557.24609375,0.94921875,256,1443.1687242798355,3689.6153846153848
330,2051.20703125,0.75390625,256,1771.5336787564768,2907.9841269841268
331,1976.56640625,0.8515625,256,1742.8440366972477,3317.3947368421054
332,2096.359375,0.90625,256,1908.4224137931035,3913.0833333333335
333,2169.6796875,0.94140625,256,2054.954356846473,4012.9333333333334
334,1864.34375,0.890625,256,1735.092105263158,2916.8214285714284
335,2050.9921875,0.87109375,256,1926.762331838565,2890.4848484848485
336,1935.64453125,0.94921875,256,1855.2469135802469,3438.4615384615386
337,1862.390625,0.9296875,256,1722.218487394958,3715.777777777778
338,1598.05859375,0.96875,256,1534.4032258064517,3571.375
339,2115.875,0.875,256,1892.138392857143,3682.03125
340,1950.21875,0.91796875,256,1956.0425531914893,1885.047619047619
341,2130.87109375,0.89453125,256,1907.1528384279477,4028.3333333333335
342,1964.76171875,0.9140625,256,1767.7435897435898,4060.318181818182
343,1788.1328125,0.85546875,256,1758.337899543379,1964.4864864864865
344,1904.02734375,0.88671875,256,1781.9339207048458,2859.7241379310344
345,1655.953125,0.94140625,256,1522.0746887966804,3806.9333333333334
346,1987.19921875,0.8984375,256,1859.2043478260869,3119.4615384615386
347,2351.93359375,0.83984375,256,2165.153488372093,3331.390243902439
348,1751.484375,0.9296875,256,1666.1218487394958,2880.1666666666665
349,2107.0703125,0.94140625,256,2025.680497925311,3414.733333333333
350,2116.015625,0.91796875,256,1978.2212765957447,3658.0
351,2122.1015625,0.8359375,256,1899.9392523364486,3254.0714285714284
352,1684.578125,0.97265625,256,1621.9477911646586,3912.4285714285716
353,2708.37109375,0.89453125,256,2562.2008733624452,3948.1111111111113
354,2036.53515625,0.8671875,256,1966.1126126126126,2496.3529411764707
355,1711.53125,0.9375,256,1600.1416666666667,3382.375
356,1843.91015625,0.9453125,256,1774.9173553719008,3036.5
357,2393.640625,0.86328125,256,2200.660633484163,3612.1714285714284
358,1983.34375,0.859375,256,1715.6772727272728,3619.0833333333335
359,2323.8046875,0.87890625,256,2138.6755555555555,3667.483870967742
360,1808.6484375,0.93359375,256,1680.8953974895398,3604.705882352941
361,1969.0859375,0.9296875,256,1887.3529411764705,3049.777777777778
362,2061.17578125,0.953125,256,1982.1762295081967,3667.5
363,1955.1484375,0.84765625,256,1729.811059907834,3208.948717948718
364,2063.20703125,0.9296875,256,1946.59243697479,3605.1111111111113
365,1692.453125,0.92578125,256,1647.8143459915611,2249.2631578947367
366,1613.0546875,0.8984375,256,1594.7217391304348,1775.2307692307693
367,1566.33203125,0.97265625,256,1510.6626506024097,3546.5714285714284
368,1945.37890625,0.8984375,256,1850.5521739130436,2784.230769230769
369,1847.01171875,0.91015625,256,1723.4077253218884,3099.1739130434785
370,2185.6875,0.9140625,256,2009.931623931624,4055.090909090909
371,1697.26953125,0.92578125,256,1601.042194092827,2897.5789473684213
372,1810.109375,0.91015625,256,1663.236051502146,3298.0
373,2088.11328125,0.8828125,256,1877.2610619469026,3676.5333333333333
374,1824.0,0.94140625,256,1729.5809128630706,3341.0
375,2006.93359375,0.9375,256,1917.9291666666666,3342.0
376,1551.98828125,0.96484375,256,1511.6113360323886,2660.1111111111113
377,2181.61328125,0.8359375,256,1818.3504672897195,4032.5238095238096
378,1896.703125,0.9140625,256,1741.4957264957266,3547.5454545454545
379,1913.09765625,0.9296875,256,1754.890756302521,4004.9444444444443
380,2052.04296875,0.9453125,256,1999.409090909091,2961.8571428571427
381,1847.4921875,0.8359375,256,1647.228971962617,2867.8809523809523
382,1873.33984375,0.890625,256,1722.469298245614,3101.8571428571427
383,1794.13671875,0.94921875,256,1706.358024691358,3434.923076923077
384,1877.140625,0.8671875,256,1777.1936936936936,2529.735294117647
385,1659.0390625,0.97265625,256,1608.9839357429719,3439.5714285714284
386,1832.640625,0.87109375,256,1516.7354260089687,3967.3939393939395
387,1688.47265625,0.9140625,256,1466.7435897435898,4046.8636363636365
388,1611.97265625,0.94921875,256,1486.2469135802469,3962.076923076923
389,2204.83984375,0.9140625,256,2040.1025641025642,3957.0454545454545
390,2271.04296875,0.82421875,256,2083.094786729858,3152.311111111111
391,1683.26171875,0.96484375,256,1617.6477732793521,3484.0
392,1723.01171875,0.9140625,256,1661.0811965811965,2381.7272727272725
393,1994.09375,0.921875,256,1829.5296610169491,3935.95
394,2079.60546875,0.92578125,256,1975.789029535865,3374.5789473684213
395,1785.1015625,0.984375,256,1756.9166666666667,3560.75
396,1735.6484375,0.89453125,256,1568.4235807860262,3153.962962962963
397,1755.90625,0.96875,256,1680.4193548387098,4096.0
398,2093.0,0.90625,256,1979.0560344827586,3194.4583333333335
399,1856.0546875,0.875,256,1702.825892857143,2928.65625
400,1678.3125,0.95703125,256,1613.0816326530612,3131.181818181818
401,1996.15625,0.890625,256,1845.5745614035088,3222.3214285714284
402,1820.50390625,0.9375,256,1722.2833333333333,3293.8125
403,1992.515625,0.953125,256,1898.5901639344263,3902.3333333333335
404,1895.2890625,0.921875,256,1751.7881355932204,3588.6
405,2014.078125,0.95703125,256,1953.8285714285714,3356.0
406,2217.046875,0.8828125,256,1980.3716814159293,4000.0
407,1562.1953125,0.97265625,256,1509.7991967871485,3426.0
408,1664.30859375,0.84375,256,1390.7453703703704,3141.55
409,1629.66015625,0.8828125,256,1490.7610619469026,2676.0333333333333
410,1737.9296875,0.94921875,256,1664.8683127572017,3103.6153846153848
411,2321.34375,0.85546875,256,2150.698630136986,3331.3783783783783
412,2004.76953125,0.90625,256,1858.8362068965516,3415.4583333333335
413,1816.515625,0.9296875,256,1666.2899159663866,3802.8333333333335
414,1870.50390625,0.86328125,256,1577.2669683257918,3722.0857142857144
415,2252.98046875,0.82421875,256,1981.7867298578199,3524.5777777777776
416,1641.5390625,0.8828125,256,1457.7079646017698,3026.4
417,1961.8046875,0.86328125,256,1721.7330316742082,3477.6857142857143
418,1705.91015625,0.9609375,256,1655.2154471544716,2953.0
419,1470.0703125,0.984375,256,1454.7619047619048,2434.5
420,2017.71875,0.91796875,256,1955.6893617021276,2711.8571428571427
421,1831.234375,0.95703125,256,1756.461224489796,3496.6363636363635
422,2001.796875,0.90234375,256,1860.3203463203463,3309.04
423,2055.18359375,0.87890625,256,1990.4844444444445,2524.7741935483873
424,1716.94921875,0.921875,256,1622.0084745762713,2837.25
425,1625.265625,0.9765625,256,1604.896,2474.0
426,1386.15625,0.9375,256,1214.65,3958.75
427,1854.875,0.9140625,256,1717.4273504273503,3316.818181818182
428,1522.3203125,0.9609375,256,1455.0040650406504,3178.3
429,1881.4609375,0.94140625,256,1821.0829875518673,2851.5333333333333
430,1985.7109375,0.81640625,256,1625.090909090909,3589.31914893617
431,1717.29296875,0.8828125,256,1469.924778761062,3580.8
432,1759.93359375,0.890625,256,1683.1798245614036,2384.9285714285716
433,2066.99609375,0.80859375,256,1813.3719806763286,3138.4285714285716
434,1524.578125,0.9453125,256,1375.8181818181818,4096.0
435,1906.0859375,0.8984375,256,1827.8565217391304,2598.1153846153848
436,2153.41796875,0.91796875,256,2025.1489361702127,3588.809523809524
437,1706.703125,0.9140625,256,1497.7692307692307,3929.0
438,2138.69921875,0.828125,256,1952.4528301886792,3036.068181818182
439,1897.0390625,0.8984375,256,1704.3,3602.0384615384614
440,2256.625,0.8671875,256,2070.436936936937,3472.323529411765
441,2147.421875,0.890625,256,2047.9736842105262,2957.214285714286
442,1879.0390625,0.8984375,256,1707.2478260869566,3398.730769230769
443,2286.0703125,0.80859375,256,2128.864734299517,2950.183673469388
444,2206.2578125,0.78125,256,1868.18,3413.6785714285716
445,1776.8125,0.8125,256,1525.7740384615386,2864.6458333333335
446,1971.2421875,0.84765625,256,1616.188940092166,3946.7948717948716
447,1712.9765625,0.93359375,256,1624.5313807531381,2956.4117647058824
448,1693.4140625,0.95703125,256,1603.3183673469389,3700.090909090909
449,1925.20703125,0.8984375,256,1897.0260869565218,2174.5
450,1789.11328125,0.9765625,256,1757.16,3120.5
451,2163.23828125,0.8984375,256,1979.0826086956522,3792.3076923076924
452,2017.88671875,0.921875,256,1869.9237288135594,3763.85
453,1677.1640625,0.9296875,256,1615.8529411764705,2487.8333333333335
454,1843.6015625,0.8984375,256,1617.208695652174,3846.3076923076924
455,1729.19921875,0.9375,256,1670.5125,2609.5
456,1932.6875,0.875,256,1747.5089285714287,3228.9375
457,1607.8671875,0.9375,256,1509.3958333333333,3084.9375
458,1576.796875,0.9765625,256,1529.432,3550.3333333333335
459,1946.8984375,0.90625,256,1769.1422413793102,3665.2083333333335
460,1791.609375,0.87890625,256,1631.7688888888888,2951.7419354838707
461,1443.55078125,0.953125,256,1400.9590163934427,2309.5833333333335
462,1996.25,0.921875,256,1874.792372881356,3429.45
463,1684.94921875,0.93359375,256,1552.4351464435147,3547.9411764705883
464,1555.83203125,0.9609375,256,1547.5731707317073,1759.0
465,1670.19921875,0.95703125,256,1603.9551020408164,3145.6363636363635
466,1652.4296875,0.9765625,256,1624.268,2825.8333333333335
467,1941.015625,0.87890625,256,1751.4,3317.2580645161293
468,2298.6875,0.8203125,256,2078.842857142857,3302.3260869565215
469,1907.87109375,0.96484375,256,1830.6032388663969,4028.4444444444443
470,1787.55859375,0.94921875,256,1736.2921810699588,2745.846153846154
471,1694.421875,0.96484375,256,1635.3967611336031,3314.3333333333335
472,2042.80078125,0.8671875,256,1932.7252252252251,2761.529411764706
473,2063.73828125,0.953125,256,1970.0081967213114,3969.5833333333335
474,1568.8671875,0.98828125,256,1548.810276679842,3260.3333333333335
475,2098.44921875,0.9453125,256,2010.9214876033059,3611.4285714285716
476,1913.41796875,0.92578125,256,1937.042194092827,1618.7368421052631
477,2048.8203125,0.9375,256,1965.2,3303.125
478,1882.38671875,0.94921875,256,1796.880658436214,3480.6923076923076
479,1776.35546875,0.95703125,256,1707.2367346938775,3315.818181818182
480,1578.6796875,0.96875,256,1540.741935483871,2754.75
481,1765.875,0.98828125,256,1741.99209486166,3780.0
482,2250.05859375,0.88671875,256,2036.5594713656387,3921.2413793103447
483,1351.61328125,0.96875,256,1321.4475806451612,2286.75
484,1949.24609375,0.953125,256,1910.5368852459017,2736.3333333333335
485,1998.2421875,0.91796875,256,1836.408510638298,3809.2380952380954
486,2136.91015625,0.8125,256,1874.0673076923076,3275.8958333333335
487,1727.265625,0.8984375,256,1613.4173913043478,2734.3846153846152
488,1783.42578125,0.90625,256,1676.3793103448277,2818.2083333333335
489,1857.7734375,0.90625,256,1687.6853448275863,3501.9583333333335
490,1908.88671875,0.91015625,256,1723.5064377682404,3786.8695652173915
491,1775.38671875,0.9296875,256,1638.235294117647,3588.8333333333335
492,1798.71484375,0.83984375,256,1643.339534883721,2613.487804878049
493,1434.4921875,0.9375,256,1279.2875,3762.5625
494,1998.078125,0.91015625,256,1863.8497854077252,3357.8695652173915
495,1831.05078125,0.953125,256,1763.4139344262296,3206.3333333333335
496,1541.265625,0.9453125,256,1493.2314049586778,2371.5714285714284
497,1459.1171875,0.9140625,256,1321.4615384615386,2923.2727272727275
498,1759.8515625,0.98828125,256,1744.8695652173913,3023.3333333333335
499,1995.22265625,0.90234375,256,1871.6796536796537,3136.76
500,1709.35546875,0.9453125,256,1673.309917355372,2332.4285714285716
501,1770.38671875,0.95703125,256,1726.865306122449,2739.7272727272725
502,1623.15234375,0.91796875,256,1452.2468085106384,3535.6666666666665
503,1584.25,0.97265625,256,1518.8192771084337,3911.714285714286
504,1675.0859375,0.921875,256,1548.8601694915253,3164.55
505,2018.85546875,0.875,256,1919.8125,2712.15625
506,1920.8125,0.93359375,256,1839.9330543933054,3057.8823529411766
507,1665.96484375,0.90234375,256,1594.8701298701299,2322.88
508,1800.81640625,0.94140625,256,1756.6514522821576,2510.4
509,2264.2734375,0.89453125,256,2153.5021834061135,3203.777777777778
510,1955.8125,0.90234375,256,1779.8181818181818,3582.0
511,1681.4375,0.97265625,256,1627.1807228915663,3611.4285714285716
512,1443.30078125,0.984375,256,1407.376984126984,3706.5
513,1913.9921875,0.9453125,256,1839.6652892561983,3198.785714285714
514,2044.41015625,0.8359375,256,1695.8785046728972,3820.2619047619046
515,2229.46875,0.83984375,256,1944.1162790697674,3725.829268292683
516,1861.70703125,0.96484375,256,1789.0161943319838,3856.6666666666665
517,2081.5078125,0.87890625,256,1929.2711111111112,3186.451612903226
518,2087.83203125,0.90234375,256,1950.155844155844,3359.96
519,1636.94921875,0.91015625,256,1403.4592274678112,4002.304347826087
520,1772.41796875,0.94140625,256,1744.9045643153527,2214.4666666666667
521,1685.2890625,0.96484375,256,1604.8016194331983,3894.222222222222
522,1742.98046875,0.90625,256,1595.2543103448277,3171.0
523,2171.2421875,0.83203125,256,1802.7136150234742,3996.7441860465115
524,1745.70703125,0.94921875,256,1623.6625514403293,4027.0
525,1680.296875,0.96875,256,1609.9798387096773,3860.125
526,1843.45703125,0.9765625,256,1791.148,4023.0
527,1999.55078125,0.93359375,256,1850.4309623430963,4096.0
528,2013.40234375,0.8984375,256,1833.4478260869564,3605.3076923076924
529,1774.56640625,0.9375,256,1636.6458333333333,3843.375
530,1710.8671875,0.91796875,256,1511.1489361702127,3945.809523809524
531,1879.36328125,0.92578125,256,1757.7552742616033,3396.2631578947367
532,1944.78515625,0.91796875,256,1849.004255319149,3016.6190476190477
533,1725.69140625,0.93359375,256,1578.581589958159,3793.8823529411766
534,2429.3203125,0.84375,256,2197.675925925926,3680.2
535,1864.94140625,0.8984375,256,1676.1869565217391,3534.6923076923076
536,1673.3984375,0.9140625,256,1537.9957264957266,3113.590909090909
537,2018.8671875,0.91796875,256,1904.8553191489361,3294.714285714286
538,2129.51953125,0.90625,256,2034.1939655172414,3051.0
539,1679.23046875,0.90625,256,1506.7844827586207,3346.2083333333335
540,1573.96875,0.8984375,256,1521.713043478261,2036.2307692307693
541,1902.7578125,0.89453125,256,1783.1484716157206,2917.222222222222
542,1653.76171875,0.98828125,256,1644.9565217391305,2396.3333333333335
543,2041.00390625,0.9375,256,1940.9833333333333,3541.3125
544,1413.17578125,0.98046875,256,1388.8725099601593,2633.2
545,1800.77734375,0.8515625,256,1415.908256880734,4008.7105263157896
546,1841.16796875,0.9609375,256,1780.6300813008131,3330.4
547,2211.625,0.92578125,256,2101.8945147679324,3580.3684210526317
548,2057.84375,0.9375,256,1966.75,3424.25
549,1993.390625,0.9375,256,1868.4375,3867.6875
550,1846.38671875,0.875,256,1751.6964285714287,2509.21875
551,1843.7109375,0.91796875,256,1677.395744680851,3704.8571428571427
552,1413.59375,0.98828125,256,1392.106719367589,3225.6666666666665
553,1667.984375,0.9375,256,1582.4041666666667,2951.6875
554,1536.296875,0.921875,256,1445.5,2607.7
555,1771.8828125,0.9609375,256,1744.6829268292684,2441.0
556,1852.19921875,0.91796875,256,1667.9702127659575,3913.809523809524
557,1591.421875,0.9921875,256,1595.523622047244,1070.5
558,1557.80078125,0.99609375,256,1550.3882352941177,3448.0
559,1933.65625,0.93359375,256,1799.9623430962342,3813.235294117647
560,1696.66796875,0.9453125,256,1606.685950413223,3252.0714285714284
561,2119.109375,0.9296875,256,1982.7142857142858,3922.5555555555557
562,1744.140625,0.93359375,256,1653.9121338912134,3012.6470588235293
563,1959.0703125,0.94921875,256,1901.559670781893,3034.076923076923
564,2261.7265625,0.9375,256,2207.3083333333334,3078.0
565,1818.08203125,0.9140625,256,1638.0299145299145,3733.181818181818
566,1889.3515625,0.96484375,256,1839.9716599190283,3244.5555555555557
567,1926.78125,0.8359375,256,1743.6261682242991,2860.0
568,2017.953125,0.91796875,256,1895.931914893617,3383.4285714285716
569,1264.2109375,0.984375,256,1240.0436507936508,2786.75
570,1665.12109375,0.96875,256,1622.5766129032259,2984.0
571,1611.19921875,0.9140625,256,1598.6196581196582,1745.0
572,1693.04296875,0.9453125,256,1560.8842975206612,3977.5
573,1993.01171875,0.91796875,256,1935.9574468085107,2631.4761904761904
574,1772.84375,0.8984375,256,1610.3521739130435,3210.269230769231
575,1803.67578125,0.859375,256,1722.4136363636364,2300.277777777778
576,1551.05859375,0.97265625,256,1507.120481927711,3114.0
577,2045.2734375,0.93359375,256,1933.8953974895398,3611.1176470588234
578,2182.8984375,0.9140625,256,2065.188034188034,3434.909090909091
579,1666.23828125,0.92578125,256,1490.2278481012659,3861.7368421052633
580,2119.83203125,0.82421875,256,2049.900473933649,2447.733333333333
581,1602.3671875,0.9921875,256,1595.3740157480315,2490.5
582,2152.7421875,0.8671875,256,1951.2522522522522,3468.3529411764707
583,1785.29296875,0.890625,256,1681.7280701754387,2628.6071428571427
584,1582.90625,0.94140625,256,1431.3029045643154,4018.6666666666665
585,1891.37109375,0.94140625,256,1826.759336099585,2929.4666666666667
586,2279.8828125,0.89453125,256,2093.4890829694323,3860.777777777778
587,1797.65625,0.94140625,256,1700.9045643153527,3352.133333333333
588,1808.5546875,0.97265625,256,1759.5301204819277,3552.4285714285716
589,1817.09765625,0.953125,256,1753.483606557377,3110.5833333333335
590,1409.41015625,0.8828125,256,1298.3761061946902,2245.866666666667
591,1586.58984375,0.86328125,256,1411.9864253393664,2689.0857142857144
592,2146.953125,0.8828125,256,1988.1637168141592,3343.1666666666665
593,1799.73046875,0.96875,256,1742.8629032258063,3562.625
594,1815.04296875,0.91796875,256,1702.5617021276596,3073.7619047619046
595,1774.44140625,0.96875,256,1706.3629032258063,3884.875
596,1727.359375,0.98828125,256,1701.102766798419,3941.6666666666665
597,1559.30078125,0.90234375,256,1519.8311688311687,1924.0
598,1674.4140625,0.95703125,256,1572.8081632653061,3937.4545454545455
599,1856.9921875,0.97265625,256,1849.120481927711,2137.0
600,1880.90234375,0.94140625,256,1812.0995850622407,2986.3333333333335
601,2029.57421875,0.92578125,256,1957.1898734177216,2932.4736842105262
602,1569.1796875,0.98828125,256,1539.2173913043478,4096.0
603,1991.87109375,0.91796875,256,1862.7489361702128,3436.809523809524
604,1850.984375,0.921875,256,1750.322033898305,3038.8
605,1740.91796875,0.90625,256,1599.6637931034484,3106.375
606,1923.54296875,0.93359375,256,1803.1715481171548,3615.823529411765
607,1767.92578125,0.94140625,256,1681.6141078838175,3154.6666666666665
608,1754.9453125,0.98828125,256,1757.1857707509882,1566.0
609,1748.6171875,0.953125,256,1638.8975409836066,3979.5833333333335
610,2126.94921875,0.9375,256,2026.3583333333333,3635.8125
611,1941.15234375,0.9765625,256,1889.436,4096.0
612,1913.3125,0.8515625,256,1680.940366972477,3246.3947368421054
613,2091.59375,0.90234375,256,1942.4155844155844,3470.0
614,1826.96484375,0.9609375,256,1812.3373983739837,2186.8
615,1759.5,0.9140625,256,1666.2777777777778,2751.0454545454545
616,1763.65234375,0.9609375,256,1733.5121951219512,2505.1
617,1898.46875,0.94921875,256,1831.7037037037037,3146.4615384615386
618,2062.42578125,0.8984375,256,1843.5521739130436,3998.6153846153848
619,2062.97265625,0.8984375,256,1841.5217391304348,4021.9615384615386
620,2161.36328125,0.94921875,256,2086.761316872428,3555.846153846154
621,1928.5234375,0.91015625,256,1804.7381974248926,3182.521739130435
622,1759.859375,0.95703125,256,1661.4285714285713,3952.181818181818
623,1717.5546875,0.9375,256,1595.2583333333334,3552.0
624,2125.56640625,0.94921875,256,2032.2181069958847,3870.4615384615386
625,1887.2734375,0.87890625,256,1768.36,2750.3548387096776
626,1645.35546875,0.953125,256,1565.967213114754,3259.5833333333335
627,1779.20703125,0.91796875,256,1573.659574468085,4079.3809523809523
628,1860.62890625,0.9765625,256,1809.836,3977.0
629,2041.36328125,0.9296875,256,1926.2689075630253,3563.1666666666665
630,1518.08203125,0.875,256,1415.96875,2232.875
631,2057.9453125,0.9140625,256,1906.0128205128206,3673.9545454545455
632,2184.671875,0.9140625,256,2101.858974358974,3065.5
633,1625.09765625,0.9765625,256,1566.552,4064.5
634,1703.25,0.91015625,256,1481.0858369098712,3953.8695652173915
635,2059.11328125,0.9453125,256,1954.6239669421489,3865.285714285714
636,1960.35546875,0.89453125,256,1714.0,4049.814814814815
637,1996.39453125,0.8984375,256,1969.9565217391305,2230.269230769231
638,1927.26171875,0.8828125,256,1875.3893805309735,2318.0333333333333
639,2020.69140625,0.93359375,256,1939.9707112970711,3155.529411764706
640,1520.453125,0.97265625,256,1458.2088353413656,3734.5714285714284
641,1816.60546875,0.90625,256,1679.4956896551723,3142.0
642,1842.234375,0.95703125,256,1778.2163265306122,3268.090909090909
643,1926.08984375,0.97265625,256,1871.3373493975903,3873.714285714286
644,1662.23046875,0.9140625,256,1480.0213675213674,3600.2727272727275
645,2175.9296875,0.96484375,256,2114.8947368421054,3851.0
646,2058.26171875,0.84375,256,1768.875,3620.95
647,1453.6796875,0.890625,256,1389.017543859649,1980.2142857142858
648,2046.76171875,0.8828125,256,1964.3628318584072,2667.5
649,1955.953125,0.9453125,256,1917.219008264463,2625.5
650,1620.58984375,0.96875,256,1565.4879032258063,3328.75
651,1902.84765625,0.92578125,256,1755.691983122363,3738.4210526315787
652,1988.60546875,0.8203125,256,1548.2761904761905,3998.804347826087
653,1568.4375,0.9765625,256,1537.656,2851.0
654,1766.1015625,0.96484375,256,1725.008097165992,2893.8888888888887
655,2045.484375,0.94140625,256,1998.3858921161825,2802.2
656,2168.9609375,0.921875,256,2062.60593220339,3423.95
657,1988.1015625,0.890625,256,1804.3684210526317,3484.214285714286
658,1831.89453125,0.91796875,256,1682.1234042553192,3507.904761904762
659,2169.2265625,0.9375,256,2072.1291666666666,3625.6875
660,3210.7421875,0.40234375,256,2801.4077669902913,3486.3071895424837
661,3119.48046875,0.3203125,256,2713.487804878049,3310.810344827586
662,2440.609375,0.55859375,256,2159.867132867133,2795.8849557522126
663,2602.85546875,0.4609375,256,1875.3135593220338,3224.9565217391305
664,2590.55859375,0.5078125,256,2064.6,3133.214285714286
665,2624.0546875,0.4921875,256,2110.4920634920636,3121.8153846153846
666,2759.51953125,0.40234375,256,1941.9514563106795,3309.908496732026
667,3310.34765625,0.29296875,256,2772.08,3533.3867403314916
668,3102.20703125,0.37109375,256,2429.315789473684,3499.254658385093
669,2925.44140625,0.36328125,256,2374.451612903226,3239.8098159509204
670,3046.9140625,0.46484375,256,2536.327731092437,3490.4160583941607
671,3411.046875,0.4375,256,3219.473214285714,3560.0486111111113
672,3216.34765625,0.17578125,256,2893.0666666666666,3285.2938388625594
673,2862.19921875,0.33203125,256,2775.364705882353,2905.3625730994154
674,3061.25390625,0.33984375,256,2172.2988505747126,3518.8816568047337
675,2612.64453125,0.58203125,256,2013.986577181208,3446.2897196261683
676,3366.0078125,0.40234375,256,2701.359223300971,3813.450980392157
677,3162.32421875,0.3125,256,2346.75,3533.0397727272725
678,3073.703125,0.5546875,256,2890.1478873239435,3302.342105263158
679,3172.390625,0.33984375,256,2874.344827586207,3325.8224852071007
680,3323.9921875,0.44921875,256,2614.5565217391304,3902.6099290780144
681,2750.15625,0.46484375,256,2331.0588235294117,3114.189781021898
682,2919.234375,0.26171875,256,2267.3880597014927,3150.3121693121693
683,3347.9609375,0.36328125,256,3118.9139784946237,3478.6441717791413
684,2918.359375,0.3828125,256,1988.6326530612246,3495.025316455696
685,3211.81640625,0.37890625,256,2780.103092783505,3475.188679245283
686,3036.9140625,0.1640625,256,2271.2619047619046,3187.1822429906542
687,3190.27734375,0.32421875,256,2924.734939759036,3317.676300578035
688,2871.2890625,0.44140625,256,2097.504424778761,3482.7412587412587
689,3052.65625,0.46875,256,2089.4,3902.5882352941176
690,2347.6953125,0.40625,256,1675.5096153846155,2807.6118421052633
691,2602.8671875,0.50390625,256,2263.3720930232557,2947.7086614173227
692,2696.14453125,0.26953125,256,2277.536231884058,2850.604278074866
693,3024.5859375,0.3046875,256,2154.4615384615386,3405.876404494382
694,2501.59375,0.5078125,256,2170.507692307692,2843.190476190476
695,2995.5859375,0.37890625,256,2705.917525773196,3172.301886792453
696,2922.08984375,0.33984375,256,2130.793103448276,3329.4437869822486
697,2734.2578125,0.41796875,256,2253.5607476635514,3079.4563758389263
698,2693.60546875,0.3828125,256,2089.2448979591836,3068.4620253164558
699,2966.921875,0.359375,256,2496.7934782608695,3230.6524390243903
700,2920.8359375,0.51171875,256,2502.9007633587785,3358.832
701,2568.19140625,0.58203125,256,1970.5771812080536,3400.3831775700933
702,2865.72265625,0.515625,256,2065.8939393939395,3717.1532258064517
703,2772.390625,0.375,256,2069.0625,3194.3875
704,2809.94921875,0.4453125,256,2328.8596491228072,3196.176056338028
705,2874.8046875,0.28515625,256,2131.2328767123286,3171.4207650273224
706,2980.25390625,0.34375,256,2532.0795454545455,3215.0119047619046
707,2831.1484375,0.34765625,256,2077.85393258427,3232.604790419162
708,2759.23828125,0.5703125,256,2269.904109589041,3408.7181818181816
709,2096.99609375,0.4921875,256,1981.8333333333333,2208.6153846153848
710,3015.171875,0.42578125,256,2569.0366972477063,3345.9795918367345
711,2972.87890625,0.40625,256,2732.076923076923,3137.6381578947367
712,2752.9921875,0.41015625,256,2293.9523809523807,3072.1920529801323
713,2444.58984375,0.45703125,256,1911.940170940171,2892.9352517985612
714,3180.8671875,0.51171875,256,2503.4961832061067,3890.752
715,2750.96484375,0.51953125,256,2340.6691729323306,3194.6178861788617
716,3381.62890625,0.33203125,256,3175.9176470588236,3483.8830409356724
717,2939.0859375,0.296875,256,1886.342105263158,3383.5777777777776
718,3178.51953125,0.23046875,256,2642.169491525424,3339.1522842639592
719,2423.8203125,0.4765625,256,1573.6311475409836,3197.873134328358
720,2380.1640625,0.48046875,256,1416.6422764227643,3271.2406015037595
721,2453.66796875,0.51953125,256,1964.0977443609022,2983.040650406504
722,2820.2421875,0.640625,256,2311.018292682927,3727.9891304347825
723,2901.53515625,0.1953125,256,2465.98,3007.252427184466
724,2523.75390625,0.48046875,256,1863.4878048780488,3134.375939849624
725,2990.80859375,0.2421875,256,2308.983870967742,3208.7113402061855
726,3047.15625,0.37890625,256,2324.2061855670104,3488.2012578616354
727,3486.109375,0.25390625,256,2657.476923076923,3768.104712041885
728,2951.56640625,0.44140625,256,2376.8672566371683,3405.6993006993007
729,3944.24609375,0.0078125,256,4096.0,3943.051181102362
730,3704.42578125,0.13671875,256,3045.457142857143,3808.787330316742
731,3968.55859375,0.00390625,256,2734.0,3973.4
732,3969.68359375,0.1171875,256,3464.6666666666665,4036.721238938053
733,3873.1875,0.1328125,256,3653.8823529411766,3906.774774774775
734,3977.16015625,0.08203125,256,3486.9523809523807,4020.9659574468087
735,3906.40625,0.1328125,256,3679.6176470588234,3941.1396396396394
736,3541.953125,0.16796875,256,2821.9767441860463,3687.300469483568
737,3836.25390625,0.22265625,256,3199.9473684210525,4018.5125628140704
738,3501.28125,0.390625,256,2688.97,4021.99358974359
739,3105.609375,0.1875,256,2869.4791666666665,3160.1009615384614
740,3510.1328125,0.29296875,256,2910.44,3758.6243093922653
741,3557.23046875,0.171875,256,2839.25,3706.245283018868
742,3796.921875,0.16015625,256,3218.512195121951,3907.2232558139535
743,3509.84765625,0.37890625,256,3391.092783505155,3582.2955974842766
744,3693.68359375,0.15625,256,2842.5,3851.310185185185
745,3773.65625,0.1875,256,3631.5625,3806.4471153846152
746,3779.078125,0.11328125,256,3159.103448275862,3858.281938325991
747,3659.5390625,0.07421875,256,3414.5263157894738,3679.181434599156
748,3645.2265625,0.2890625,256,2883.0135135135133,3955.1373626373625
749,3436.91015625,0.30859375,256,2898.7088607594937,3677.124293785311
750,3808.71484375,0.06640625,256,3461.4117647058824,3833.418410041841
751,3872.984375,0.2421875,256,3518.0,3986.4329896907216
752,3817.33203125,0.18359375,256,3142.2978723404253,3969.133971291866
753,3302.62109375,0.2109375,256,2373.296296296296,3551.0544554455446
754,3826.1796875,0.1015625,256,3179.6923076923076,3899.2608695652175
755,3770.2734375,0.26171875,256,3301.3283582089553,3936.5132275132273
756,3839.25390625,0.22265625,256,3387.1929824561403,3968.738693467337
757,3769.84375,0.19921875,256,3223.6862745098038,3905.7170731707315
758,3223.25,0.3046875,256,2397.7179487179487,3585.0
759,3409.8671875,0.34375,256,2587.806818181818,3840.470238095238
760,3708.34765625,0.09375,256,2250.0833333333335,3859.2025862068967
761,3752.69921875,0.31640625,256,3299.864197530864,3962.2971428571427
762,3702.25390625,0.1484375,256,3278.0263157894738,3776.201834862385
763,3602.8359375,0.2890625,256,2645.675675675676,3992.010989010989
764,3796.3828125,0.0859375,256,3291.0,3843.897435897436
765,3599.9140625,0.26953125,256,2781.7391304347825,3901.807486631016
766,3386.59765625,0.26171875,256,2967.7462686567164,3535.0793650793653
767,3674.78125,0.1640625,256,2717.0238095238096,3862.7523364485983
768,3498.19140625,0.04296875,256,2859.181818181818,3526.8816326530614
769,3614.90234375,0.20703125,256,2799.2075471698113,3827.8669950738918
770,3758.609375,0.109375,256,3353.714285714286,3808.3333333333335
771,3797.57421875,0.12890625,256,2861.3939393939395,3936.1121076233185
772,3672.046875,0.14453125,256,3020.7297297297296,3782.0867579908677
773,3695.3671875,0.11328125,256,2869.448275862069,3800.8810572687225
774,3508.6328125,0.375,256,2771.9583333333335,3950.6375
775,3691.66796875,0.20703125,256,3116.5471698113206,3841.822660098522
776,3469.63671875,0.26171875,256,2932.820895522388,3659.936507936508
777,3921.04296875,0.1484375,256,3610.7368421052633,3975.1330275229357
778,3394.99609375,0.29296875,256,3008.0533333333333,3555.3314917127072
779,3548.87109375,0.203125,256,2716.019230769231,3761.1666666666665
780,3494.9765625,0.24609375,256,2544.9841269841268,3805.077720207254
781,3613.36328125,0.2421875,256,3029.983870967742,3799.8041237113403
782,3555.77734375,0.16796875,256,2237.3953488372094,3821.9295774647885
783,3552.95703125,0.3203125,256,2689.4146341463415,3959.9137931034484
784,3876.46875,0.15234375,256,3647.641025641026,3917.5944700460827
785,3396.359375,0.2109375,256,3139.6666666666665,3464.980198019802
786,3737.62109375,0.1328125,256,2922.676470588235,3862.4324324324325
787,3345.94921875,0.23046875,256,2772.728813559322,3517.6243654822333
788,3565.05078125,0.1328125,256,2322.1176470588234,3755.40990990991
789,3151.41015625,0.2421875,256,2151.6129032258063,3470.9329896907216
790,3565.0390625,0.17578125,256,3233.133333333333,3635.824644549763
791,3325.578125,0.296875,256,2745.8815789473683,3570.338888888889
792,3794.97265625,0.17578125,256,3442.3333333333335,3870.18009478673
793,3475.78125,0.109375,256,2126.0,3641.5438596491226
794,3413.46875,0.1484375,256,3012.4210526315787,3483.376146788991
795,3319.3828125,0.21484375,256,2640.7272727272725,3505.0845771144277
796,3704.61328125,0.20703125,256,3045.301886792453,3876.7487684729062
797,3176.66015625,0.1953125,256,2651.14,3304.21359223301
798,3400.41796875,0.26171875,256,2150.820895522388,3843.3968253968255
799,3663.86328125,0.19921875,256,3332.705882352941,3746.2487804878047
800,3465.24609375,0.2890625,256,2904.310810810811,3693.3186813186812
801,3505.375,0.28125,256,2985.5,3708.804347826087
802,3710.140625,0.03515625,256,3424.4444444444443,3720.5506072874496
803,3494.86328125,0.1484375,256,3193.9210526315787,3547.321100917431
804,3554.140625,0.2265625,256,2977.551724137931,3723.040404040404
805,3630.1796875,0.2265625,256,3189.3275862068967,3759.318181818182
806,3670.546875,0.23828125,256,3378.8524590163934,3761.7948717948716
807,3719.7265625,0.1171875,256,2447.633333333333,3888.5884955752213
808,3773.94140625,0.20703125,256,3195.9622641509436,3924.84236453202
809,3539.28125,0.359375,256,3090.5,3791.0365853658536
810,3641.5234375,0.16015625,256,3161.390243902439,3733.0837209302326
811,3579.77734375,0.078125,256,3099.1,3620.512711864407
812,3509.6484375,0.2890625,256,2441.189189189189,3944.076923076923
813,3551.78125,0.1171875,256,2942.8,3632.619469026549
814,3673.96484375,0.171875,256,3112.340909090909,3790.5283018867926
815,3270.12109375,0.22265625,256,2821.9824561403507,3398.4824120603016
816,3105.078125,0.20703125,256,2027.0754716981132,3386.5270935960593
817,3698.6015625,0.1328125,256,3447.8529411764707,3737.0045045045044
818,3689.7890625,0.1953125,256,3428.84,3753.126213592233
819,3464.40625,0.265625,256,2635.235294117647,3764.31914893617
820,3729.74609375,0.19140625,256,3283.122448979592,3835.4685990338166
821,3672.17578125,0.2109375,256,3411.1666666666665,3741.9504950495048
822,3776.8515625,0.17578125,256,3574.6222222222223,3819.9810426540284
823,3635.08203125,0.22265625,256,2977.8947368421054,3823.321608040201
824,3770.53515625,0.08984375,256,3003.3478260869565,3846.266094420601
825,3462.1953125,0.21875,256,2803.8571428571427,3646.53
826,3254.54296875,0.26953125,256,2402.9565217391305,3568.764705882353
827,2278.28125,0.61328125,256,1579.6687898089172,3386.181818181818
828,2611.71484375,0.44921875,256,1758.7043478260869,3307.432624113475
829,2595.05859375,0.3515625,256,1776.9444444444443,3038.614457831325
830,2274.0703125,0.40234375,256,2046.5533980582525,2427.235294117647
831,2527.8984375,0.3828125,256,2183.877551020408,2741.278481012658
832,2566.95703125,0.44921875,256,1709.5565217391304,3266.255319148936
833,2691.16015625,0.38671875,256,2239.5050505050503,2975.9617834394903
834,2737.5078125,0.2578125,256,2647.1666666666665,2768.8894736842103
835,2711.203125,0.3515625,256,1344.3222222222223,3452.2831325301204
836,3195.12890625,0.33984375,256,2421.7241379310344,3593.2721893491125
837,3685.2109375,0.1953125,256,2689.74,3926.830097087379
838,3885.98046875,0.04296875,256,3533.818181818182,3901.791836734694
839,3518.39453125,0.1875,256,2115.375,3842.168269230769
840,3610.08984375,0.0703125,256,3250.0555555555557,3637.3193277310925
841,3387.1328125,0.1640625,256,2029.1904761904761,3653.644859813084
842,2411.9375,0.33984375,256,1183.4942528735633,3044.3313609467455
843,1632.1328125,0.4609375,256,1315.1440677966102,1903.1811594202898
844,1586.4375,0.35546875,256,1127.5494505494505,1839.521212121212
845,2934.73828125,0.45703125,256,2686.957264957265,3143.3021582733813
846,3564.80078125,0.22265625,256,3121.0877192982457,3691.894472361809
847,3671.0546875,0.12890625,256,3283.3333333333335,3728.4304932735427
848,3343.6875,0.25390625,256,2589.6153846153848,3600.30890052356
849,3433.09375,0.2421875,256,3206.935483870968,3505.3711340206187
850,3537.02734375,0.37890625,256,2962.319587628866,3887.635220125786
851,3508.09765625,0.3203125,256,3139.4634146341464,3681.82183908046
852,3402.5546875,0.19921875,256,2553.5098039215686,3613.7804878048782
853,3544.234375,0.23828125,256,2969.311475409836,3724.0820512820515
854,3590.8984375,0.125,256,3661.875,3580.7589285714284
855,3557.921875,0.24609375,256,3196.253968253968,3675.979274611399
856,3545.8203125,0.06640625,256,2738.4117647058824,3603.2510460251046
857,3520.77734375,0.14453125,256,3057.054054054054,3599.123287671233
858,3608.08203125,0.265625,256,3018.220588235294,3821.436170212766
859,3579.12109375,0.19140625,256,2856.4489795918366,3750.1884057971015
860,3417.46875,0.2109375,256,2505.9074074074074,3661.1534653465346
861,3372.55859375,0.16796875,256,3338.5581395348836,3379.4225352112676
862,3549.76953125,0.20703125,256,2822.6415094339623,3739.6108374384235
863,3403.91796875,0.0546875,256,3647.785714285714,3389.809917355372
864,3393.99609375,0.0546875,256,3731.785714285714,3374.4545454545455
865,3213.921875,0.4765625,256,2743.05737704918,3642.6194029850744
866,3396.65234375,0.37890625,256,2807.9484536082473,3755.7987421383646
867,3072.28515625,0.37109375,256,2412.3368421052633,3461.695652173913
868,3256.69921875,0.41015625,256,3018.6190476190477,3422.251655629139
869,3402.37109375,0.34765625,256,2733.112359550562,3759.0419161676646
870,3694.5703125,0.296875,256,3350.9210526315787,3839.6666666666665
871,3486.30859375,0.23046875,256,2504.35593220339,3780.395939086294
872,3585.90625,0.1953125,256,2854.76,3763.368932038835
873,3443.45703125,0.29296875,256,2822.68,3700.685082872928
874,3375.05859375,0.46484375,256,2882.4033613445376,3802.985401459854
875,3643.05859375,0.171875,256,3190.181818181818,3737.051886792453
876,3651.01953125,0.3046875,256,3035.2051282051284,3920.870786516854
877,3402.796875,0.3515625,256,2651.188888888889,3810.2951807228915
878,3471.59765625,0.30859375,256,2970.4177215189875,3695.2881355932204
879,3243.546875,0.515625,256,2604.431818181818,3923.8951612903224
880,3586.5390625,0.2265625,256,2775.5172413793102,3824.1111111111113
881,3724.26171875,0.29296875,256,3283.48,3906.9060773480664
882,3600.9765625,0.21484375,256,3090.8545454545456,3740.5621890547263
883,3651.05859375,0.23046875,256,2750.4745762711864,3920.776649746193
884,3583.74609375,0.24609375,256,2911.0158730158732,3803.3419689119173
885,3930.1796875,0.15234375,256,3629.6923076923076,3984.1843317972352
886,3600.89453125,0.29296875,256,2624.88,4005.3204419889503
887,3309.12109375,0.3515625,256,2711.588888888889,3633.0843373493976
888,3924.75,0.0859375,256,3803.0,3936.196581196581
889,3797.734375,0.19140625,256,3467.918367346939,3875.8067632850243
890,3496.64453125,0.25,256,2534.40625,3817.390625
891,3725.0234375,0.2265625,256,3025.862068965517,3929.8282828282827
892,3646.50390625,0.28125,256,3063.0833333333335,3874.7989130434785
893,3564.3671875,0.26171875,256,2765.4776119402986,3847.5714285714284
894,3723.15234375,0.2265625,256,3165.896551724138,3886.3888888888887
895,3517.50390625,0.1640625,256,3229.285714285714,3574.070093457944
896,3775.578125,0.0703125,256,2840.277777777778,3846.31512605042
897,3712.51171875,0.13671875,256,2685.0285714285715,3875.235294117647
898,3758.6484375,0.109375,256,2945.1071428571427,3858.5570175438597
899,3349.98828125,0.30859375,256,2615.8481012658226,3677.6553672316386
900,2461.6484375,0.7109375,256,2226.186813186813,3040.7567567567567
901,2796.515625,0.640625,256,2722.5853658536585,2928.304347826087
902,2726.734375,0.57421875,256,2556.9659863945576,2955.6880733944954
903,2506.2109375,0.71484375,256,2276.622950819672,3081.753424657534
904,2480.76953125,0.53515625,256,2084.7518248175184,2936.6890756302523
905,2620.76171875,0.671875,256,2427.7441860465115,3015.9880952380954
906,2917.25,0.62890625,256,2795.354037267081,3123.8315789473686
907,2366.6171875,0.73046875,256,2273.0267379679144,2620.2608695652175
908,2724.9453125,0.59765625,256,2472.091503267974,3100.5436893203882
909,2713.53515625,0.6484375,256,2513.6626506024095,3082.188888888889
910,2870.390625,0.5390625,256,2404.1884057971015,3415.6101694915255
911,2411.71875,0.62109375,256,2293.748427672956,2605.092783505155
912,3122.640625,0.56640625,256,2845.4758620689654,3484.7027027027025
913,2557.43359375,0.73046875,256,2258.668449197861,3367.1304347826085
914,2653.81640625,0.6640625,256,2251.8176470588237,3448.4651162790697
915,3081.92578125,0.5390625,256,2688.804347826087,3541.677966101695
916,2787.07421875,0.53515625,256,2416.6423357664235,3213.5378151260506
917,2874.859375,0.59375,256,2600.8815789473683,3275.2884615384614
918,2954.12109375,0.546875,256,2715.6785714285716,3241.896551724138
919,2359.7578125,0.7109375,256,2036.7362637362637,3154.2162162162163
920,3244.05078125,0.5546875,256,2983.1619718309857,3569.0175438596493
921,2958.8515625,0.46484375,256,3037.8487394957983,2890.2335766423357
922,2720.03515625,0.53515625,256,2769.6715328467153,2662.890756302521
923,2826.11328125,0.671875,256,2704.1918604651164,3075.7619047619046
924,2569.328125,0.52734375,256,2054.274074074074,3143.9752066115702
925,2644.98046875,0.66796875,256,2280.6783625730995,3377.8705882352942
926,2959.2265625,0.484375,256,2457.9193548387098,3430.151515151515
927,2911.4765625,0.46875,256,2701.5,3096.75
928,2998.875,0.6171875,256,2586.6455696202534,3663.4897959183672
929,3276.62109375,0.42578125,256,3103.467889908257,3405.013605442177
930,3088.296875,0.453125,256,2394.0775862068967,3663.5071428571428
931,2666.83203125,0.5859375,256,2316.5066666666667,3162.5754716981132
932,3141.078125,0.54296875,256,2951.8992805755397,3365.82905982906
933,3190.9453125,0.46875,256,2938.825,3413.404411764706
934,2755.515625,0.54296875,256,2376.3021582733813,3206.034188034188
935,2960.62109375,0.6953125,256,2524.561797752809,3955.730769230769
936,3231.734375,0.53515625,256,2910.4598540145985,3601.6050420168067
937,2916.69921875,0.6171875,256,2601.506329113924,3424.8673469387754
938,2872.53125,0.68359375,256,2707.7771428571427,3228.4814814814813
939,3021.6015625,0.68359375,256,2779.1714285714284,3545.3703703703704
940,2871.8828125,0.625,256,2430.9125,3606.8333333333335
941,2971.04296875,0.62890625,256,2612.664596273292,3578.4
942,3276.1484375,0.328125,256,2811.4761904761904,3503.0813953488373
943,3110.01171875,0.58984375,256,2823.41059602649,3522.1714285714284
944,3143.85546875,0.55078125,256,2777.971631205674,3592.4608695652173
945,3100.71484375,0.48046875,256,2616.682926829268,3548.3533834586465
946,2698.3984375,0.75,256,2375.3333333333335,3667.59375
947,2786.0078125,0.49609375,256,2689.0944881889764,2881.4186046511627
948,2858.6484375,0.71875,256,2557.211956521739,3628.9861111111113
949,2934.765625,0.59375,256,2773.967105263158,3169.778846153846
950,2761.875,0.56640625,256,2182.3241379310343,3518.945945945946
951,3037.94921875,0.57421875,256,2810.469387755102,3344.733944954128
952,2623.8828125,0.74609375,256,2401.9057591623036,3276.153846153846
953,3087.0390625,0.62890625,256,2881.0062111801244,3436.2105263157896
954,2887.96484375,0.62109375,256,2596.7798742138366,3365.2680412371133
955,2712.31640625,0.66796875,256,2721.8830409356724,2693.070588235294
956,3326.8828125,0.58984375,256,3040.7615894039736,3738.352380952381
957,3068.54296875,0.55078125,256,2525.4113475177305,3734.4695652173914
958,2518.671875,0.66796875,256,2038.1345029239767,3485.4
959,2633.890625,0.66015625,256,2237.5562130177514,3403.7816091954023
960,2461.92578125,0.75390625,256,2240.8290155440413,3139.253968253968
961,2610.25390625,0.65234375,256,2317.7005988023952,3159.2022471910113
962,2790.9453125,0.71875,256,2684.7391304347825,3062.3611111111113
963,3196.51171875,0.61328125,256,2737.3057324840765,3924.747474747475
964,3021.796875,0.48828125,256,2602.304,3422.0763358778627
965,3225.66015625,0.39453125,256,2562.4257425742576,3657.8322580645163
966,3066.5859375,0.5234375,256,2680.873134328358,3490.2377049180327
967,2756.59375,0.58984375,256,2367.569536423841,3316.0476190476193
968,2442.0625,0.5546875,256,2172.788732394366,2777.4736842105262
969,2751.24609375,0.6171875,256,2679.3670886075947,2867.1326530612246
970,3244.328125,0.5234375,256,2963.582089552239,3552.688524590164
971,2827.88671875,0.75390625,256,2618.160621761658,3470.3809523809523
972,3089.88671875,0.625,256,2756.93125,3644.8125
973,2551.0390625,0.80078125,256,2443.4829268292683,2983.372549019608
974,2450.859375,0.50390625,256,2397.751937984496,2504.803149606299
975,3064.7890625,0.69140625,256,2879.6214689265535,3479.6582278481014
976,2924.390625,0.57421875,256,2591.21768707483,3373.7155963302753
977,3168.48046875,0.47265625,256,2537.3305785123966,3734.177777777778
978,3232.9609375,0.5703125,256,3055.9657534246576,3467.8818181818183
979,3101.5390625,0.59765625,256,2862.2287581699347,3457.019417475728
980,3078.69140625,0.55078125,256,2814.2340425531916,3402.939130434783
981,2632.91015625,0.625,256,2385.2625,3045.65625
982,2448.75,0.65625,256,2312.714285714286,2708.4545454545455
983,3040.98828125,0.69140625,256,2785.186440677966,3614.1139240506327
984,3121.02734375,0.52734375,256,2797.6666666666665,3481.801652892562
985,3039.1640625,0.64453125,256,2784.6242424242423,3500.6923076923076
986,2621.6640625,0.58984375,256,2503.980132450331,2790.904761904762
987,2831.26953125,0.55078125,256,2551.1205673758864,3174.75652173913
988,2783.76953125,0.62109375,256,2402.377358490566,3408.938144329897
989,2781.82421875,0.69921875,256,2775.8268156424583,2795.7662337662337
990,3141.984375,0.6875,256,2897.5170454545455,3679.8125
991,2796.76171875,0.640625,256,2357.762195121951,3579.3260869565215
992,2745.40234375,0.69140625,256,2299.937853107345,3743.46835443038
993,3031.80859375,0.703125,256,2722.7166666666667,3763.8684210526317
994,3152.78125,0.63671875,256,2775.4539877300613,3814.1182795698924
995,2983.00390625,0.66796875,256,2680.152046783626,3592.2705882352943
996,3245.69921875,0.609375,256,3078.5576923076924,3506.44
997,2616.3046875,0.578125,256,2512.635135135135,2758.3703703703704
998,3342.875,0.5234375,256,2958.902985074627,3764.6147540983607
999,3011.62109375,0.58203125,256,2927.536912751678,3128.7102803738317
1000,3120.1484375,0.63671875,256,2799.5828220858893,3682.0
1001,2903.58984375,0.67578125,256,2571.791907514451,3595.1686746987953
1002,3021.54296875,0.5546875,256,2814.8661971830984,3278.9824561403507
1003,3256.59375,0.61328125,256,2860.146496815287,3885.3030303030305
1004,2807.78515625,0.640625,256,2612.4268292682927,3156.032608695652
1005,2819.78125,0.8125,256,2701.2548076923076,3333.3958333333335
1006,2697.61328125,0.68359375,256,2480.9542857142856,3165.703703703704
1007,3066.48046875,0.546875,256,2772.5714285714284,3421.198275862069
1008,2410.48828125,0.75,256,2182.1770833333335,3095.421875
1009,3240.91015625,0.61328125,256,2930.7197452229298,3732.8282828282827
1010,2898.4609375,0.55078125,256,2353.191489361702,3567.008695652174
1011,3218.27734375,0.5234375,256,2690.8582089552237,3797.5737704918033
1012,3132.81640625,0.59765625,256,2728.2875816993464,3733.7184466019417
1013,3123.87109375,0.3984375,256,2584.1470588235293,3481.3506493506493
1014,3014.0859375,0.63671875,256,2700.680981595092,3563.3870967741937
1015,2759.94140625,0.7265625,256,2466.7526881720432,3538.9857142857145
1016,3052.70703125,0.5,256,2747.0078125,3358.40625
1017,2640.59765625,0.578125,256,2342.945945945946,3048.490740740741
1018,2807.953125,0.66796875,256,2612.9883040935674,3200.176470588235
1019,2964.37890625,0.4765625,256,2711.122950819672,3194.955223880597
1020,2797.62109375,0.6328125,256,2465.216049382716,3370.4893617021276
1021,2626.4765625,0.6875,256,2431.5454545454545,3055.325
1022,2911.41015625,0.734375,256,2670.404255319149,3577.720588235294
1023,2932.66796875,0.5703125,256,2604.0068493150684,3368.890909090909
1024,3069.484375,0.66796875,256,2845.719298245614,3519.6470588235293
1025,3182.06640625,0.5234375,256,2935.4850746268658,3452.901639344262
1026,2980.359375,0.57421875,256,2548.721088435374,3562.4770642201834
1027,2812.2734375,0.5390625,256,2710.3260869565215,2931.5
1028,2908.26171875,0.67578125,256,2709.8208092485547,3321.879518072289
1029,2680.69921875,0.546875,256,2359.5714285714284,3068.2672413793102
1030,2877.80078125,0.6640625,256,2556.8176470588237,3512.3023255813955
1031,2913.05859375,0.546875,256,2804.6642857142856,3043.8793103448274
1032,2543.15625,0.734375,256,2280.6329787234044,3268.955882352941
1033,2543.1953125,0.7890625,256,2439.658415841584,2930.5
1034,2528.671875,0.78125,256,2272.635,3443.089285714286
1035,2554.55859375,0.578125,256,2206.2837837837837,3031.824074074074
1036,2941.95703125,0.48046875,256,2475.0,3373.8045112781956
1037,2942.05859375,0.55859375,256,2621.6083916083917,3347.5840707964603
1038,2816.9296875,0.66796875,256,2421.59649122807,3612.247058823529
1039,2624.28125,0.6171875,256,2324.3670886075947,3107.816326530612
1040,2892.74609375,0.58203125,256,2569.7919463087246,3342.467289719626
1041,2792.79296875,0.625,256,2778.10625,2817.2708333333335
1042,2971.38671875,0.5546875,256,2865.3802816901407,3103.4298245614036
1043,2851.8125,0.65625,256,2743.964285714286,3057.7045454545455
1044,2893.59375,0.6796875,256,2697.212643678161,3310.3048780487807
1045,3064.63671875,0.73046875,256,3020.909090909091,3183.144927536232
1046,2513.40625,0.66015625,256,2600.816568047337,2343.609195402299
1047,2673.59375,0.71875,256,2442.195652173913,3264.9444444444443
1048,2646.69921875,0.65625,256,2525.589285714286,2877.909090909091
1049,2857.2734375,0.62890625,256,2629.726708074534,3242.9052631578948
1050,2839.89453125,0.70703125,256,2619.3977900552486,3372.0266666666666
1051,2987.90625,0.66015625,256,2589.05325443787,3762.689655172414
1052,2639.06640625,0.5859375,256,2338.8933333333334,3063.8396226415093
1053,3114.109375,0.4765625,256,2752.4590163934427,3443.373134328358
1054,3056.8671875,0.48046875,256,2773.4634146341464,3318.9624060150377
1055,3050.2734375,0.4375,256,2533.9196428571427,3451.8819444444443
1056,2916.4296875,0.41796875,256,2337.2429906542056,3332.3557046979868
1057,2743.3125,0.62109375,256,2298.1509433962265,3473.0103092783506
1058,2764.2734375,0.6796875,256,2519.155172413793,3284.4024390243903
1059,3081.23046875,0.6328125,256,2794.5123456790125,3575.3617021276596
1060,2645.953125,0.6640625,256,2380.2294117647057,3171.220930232558
1061,3095.125,0.6640625,256,2723.1470588235293,3830.4302325581393
1062,2689.14453125,0.5625,256,2670.402777777778,2713.2410714285716
1063,2811.0390625,0.609375,256,2371.6923076923076,3496.42
1064,2774.94140625,0.56640625,256,2439.6,3213.0
1065,2642.40234375,0.74609375,256,2492.9319371727747,3081.6153846153848
1066,2907.14453125,0.5859375,256,2642.42,3281.754716981132
1067,2764.0078125,0.578125,256,2345.0472972972975,3338.1388888888887
1068,2578.73828125,0.58203125,256,2460.8926174496646,2742.841121495327
1069,2860.69140625,0.53515625,256,2877.802919708029,2840.9915966386557
1070,2817.4765625,0.20703125,256,2049.433962264151,3018.0
1071,3112.94140625,0.015625,256,2637.75,3120.4841269841268
1072,2826.3984375,0.109375,256,2231.464285714286,2899.4605263157896
1073,2527.4609375,0.03515625,256,2076.8888888888887,2543.8785425101214
1074,2651.0625,0.015625,256,4096.0,2628.126984126984
1075,2968.3828125,0.1171875,256,3090.1666666666665,2952.216814159292
1076,3088.30078125,0.046875,256,3818.3333333333335,3052.3975409836066
1077,3133.4921875,0.1796875,256,2505.521739130435,3271.0476190476193
1078,3149.02734375,0.1875,256,2559.9583333333335,3284.966346153846
1079,2982.953125,0.05859375,256,3349.2,2960.1576763485477
1080,2704.078125,0.09375,256,1911.9583333333333,2786.021551724138
1081,2611.73046875,0.109375,256,1920.392857142857,2696.6315789473683
1082,3032.046875,0.015625,256,2757.75,3036.4007936507937
1083,2875.1015625,0.02734375,256,3232.4285714285716,2865.0562248995984
1084,3158.6171875,0.0625,256,3669.9375,3124.5291666666667
1085,2819.953125,0.03515625,256,3761.222222222222,2785.655870445344
1086,2697.4765625,0.125,256,2021.0625,2794.1071428571427
1087,2993.2890625,0.11328125,256,2184.793103448276,3096.5770925110132
1088,2967.70703125,0.00390625,256,4096.0,2963.2823529411767
1089,3637.65625,0.19140625,256,3257.6938775510203,3727.599033816425
1090,3067.82421875,0.50390625,256,3154.2713178294575,2980.015748031496
1091,2723.0703125,0.5078125,256,2275.2923076923075,3185.063492063492
1092,3204.421875,0.26171875,256,3041.791044776119,3262.074074074074
1093,2660.54296875,0.4765625,256,2372.434426229508,2922.8507462686566
1094,3379.83984375,0.36328125,256,2787.0967741935483,3718.030674846626
1095,2839.0546875,0.38671875,256,2549.282828282828,3021.7770700636943
1096,3173.93359375,0.546875,256,2850.364285714286,3564.448275862069
1097,2900.96875,0.33203125,256,2579.3058823529414,3060.8596491228072
1098,3073.3671875,0.24609375,256,2801.8253968253966,3162.0051813471505
1099,3112.46484375,0.3515625,256,2807.0222222222224,3278.0662650602408
1100,3217.16015625,0.265625,256,2999.8088235294117,3295.776595744681
1101,3186.48046875,0.34765625,256,2834.4606741573034,3374.083832335329
1102,3196.00390625,0.25390625,256,2506.1692307692306,3430.7643979057593
1103,3187.09765625,0.33203125,256,3176.4470588235295,3192.3918128654973
1104,2990.9140625,0.40625,256,2430.8365384615386,3374.125
1105,2800.26171875,0.390625,256,2603.84,2926.173076923077
1106,3386.0703125,0.40625,256,3257.2596153846152,3474.2039473684213
1107,3178.91015625,0.28125,256,2888.097222222222,3292.7065217391305
1108,2786.95703125,0.51171875,256,2419.0687022900765,3172.504
1109,2961.58203125,0.25390625,256,2653.8307692307694,3066.3141361256544
1110,3042.3203125,0.38671875,256,2849.2020202020203,3164.0955414012737
1111,3068.44140625,0.29296875,256,3041.96,3079.414364640884
1112,2875.79296875,0.3125,256,2506.0625,3043.8522727272725
1113,3414.9765625,0.30859375,256,3135.0632911392404,3539.909604519774
1114,3108.171875,0.34375,256,2805.0454545454545,3266.9523809523807
1115,3247.69140625,0.35546875,256,2923.802197802198,3426.3212121212123
1116,3099.07421875,0.234375,256,2886.9,3164.0255102040815
1117,3124.12890625,0.21875,256,2745.625,3230.11
1118,3167.4921875,0.28125,256,2718.847222222222,3343.0489130434785
1119,3348.73046875,0.1953125,256,3178.6,3390.0242718446602
1120,2918.125,0.3046875,256,2727.923076923077,3001.4719101123596
1121,3402.07421875,0.30859375,256,3067.8734177215188,3551.237288135593
1122,3101.19921875,0.32421875,256,2910.2168674698796,3192.826589595376
1123,3129.125,0.34765625,256,2774.7303370786517,3317.994011976048
1124,3273.95703125,0.20703125,256,2877.7924528301887,3377.3891625615765
1125,2648.30859375,0.43359375,256,2239.4144144144143,2961.3241379310343
1126,3207.3515625,0.3515625,256,3001.733333333333,3318.8313253012047
1127,3513.75,0.296875,256,3339.8289473684213,3587.1833333333334
1128,3099.0703125,0.37109375,256,2618.5052631578947,3382.6335403726707
1129,3137.58984375,0.3515625,256,2702.133333333333,3373.6807228915663
1130,3153.94921875,0.3125,256,3013.8625,3217.625
1131,3070.07421875,0.41796875,256,2864.878504672897,3217.4295302013425
1132,2961.45703125,0.3046875,256,2788.0897435897436,3037.4269662921347
1133,2661.8828125,0.4296875,256,2235.572727272727,2983.0753424657532
1134,3630.6015625,0.3125,256,3294.1875,3783.5170454545455
1135,2956.00390625,0.4140625,256,2770.603773584906,3087.02
1136,3071.6484375,0.1640625,256,3210.0476190476193,3044.4859813084113
1137,3342.546875,0.4921875,256,2875.563492063492,3795.1615384615384
1138,3199.83984375,0.2421875,256,2947.1935483870966,3280.582474226804
1139,2883.23828125,0.421875,256,2663.6574074074074,3043.472972972973
1140,3060.9921875,0.4140625,256,2917.301886792453,3162.5333333333333
1141,3192.1171875,0.359375,256,2747.8152173913045,3441.359756097561
1142,3247.12890625,0.30859375,256,2809.46835443038,3442.468926553672
1143,3065.00390625,0.5390625,256,2896.5652173913045,3261.991525423729
1144,3500.0703125,0.1328125,256,3076.323529411765,3564.9684684684685
1145,3359.8203125,0.26171875,256,3093.194029850746,3454.3386243386244
1146,3125.2734375,0.359375,256,2586.945652173913,3427.262195121951
1147,3063.56640625,0.46875,256,2597.75,3474.580882352941
1148,3011.890625,0.42578125,256,2632.9266055045873,3292.891156462585
1149,2991.19140625,0.24609375,256,2987.4444444444443,2992.414507772021
1150,3206.9921875,0.30078125,256,2641.935064935065,3450.0614525139663
1151,3203.046875,0.296875,256,2881.1973684210525,3338.938888888889
1152,3273.2578125,0.3359375,256,2499.5697674418607,3664.6529411764704
1153,3154.3125,0.359375,256,2864.75,3316.75
1154,3074.4296875,0.375,256,2701.0,3298.4875
1155,3293.94921875,0.40234375,256,2943.4077669902913,3529.9346405228757
1156,2786.47265625,0.4296875,256,2164.7545454545457,3254.890410958904
1157,2847.86328125,0.3359375,256,2615.686046511628,2965.3176470588237
1158,3306.390625,0.24609375,256,2853.0158730158732,3454.3834196891194
1159,2994.71484375,0.37890625,256,2541.082474226804,3271.4591194968552
1160,2731.12890625,0.3125,256,2820.2375,2690.625
1161,2831.07421875,0.19140625,256,3056.8571428571427,2777.6280193236717
1162,2977.0859375,0.30859375,256,2946.772151898734,2990.6158192090397
1163,2845.41796875,0.30078125,256,2789.6753246753246,2869.396648044693
1164,2963.18359375,0.28125,256,2584.7361111111113,3111.271739130435
1165,2810.5234375,0.28515625,256,2498.794520547945,2934.874316939891
1166,3249.33984375,0.2265625,256,2903.1206896551726,3350.757575757576
1167,2774.640625,0.25,256,2736.828125,2787.2447916666665
1168,2653.45703125,0.5,256,2431.75,2875.1640625
1169,2920.53515625,0.4609375,256,2692.322033898305,3115.6739130434785
1170,3093.84765625,0.18359375,256,2927.553191489362,3131.244019138756
1171,3072.125,0.1484375,256,2612.5,3152.243119266055
1172,3258.48828125,0.328125,256,2765.6309523809523,3499.186046511628
1173,3111.57421875,0.41015625,256,2512.1619047619047,3528.384105960265
1174,3363.75390625,0.203125,256,2844.096153846154,3496.2156862745096
1175,2712.80859375,0.23046875,256,2583.898305084746,2751.416243654822
1176,2782.6171875,0.3046875,256,2213.897435897436,3031.8314606741574
1177,3028.1328125,0.15234375,256,3221.1794871794873,2993.4377880184334
1178,2733.49609375,0.34375,256,2938.534090909091,2626.095238095238
1179,3290.66015625,0.33203125,256,3327.823529411765,3272.187134502924
1180,3094.4296875,0.38671875,256,2746.3838383838383,3313.8980891719743
1181,2964.515625,0.42578125,256,2704.091743119266,3157.6190476190477
1182,2584.94921875,0.5,256,2457.4140625,2712.484375
1183,3388.91015625,0.375,256,3060.8125,3585.76875
1184,2860.95703125,0.4765625,256,2595.811475409836,3102.3582089552237
1185,2735.8515625,0.515625,256,2604.787878787879,2875.3709677419356
1186,2903.00390625,0.3984375,256,2489.9117647058824,3176.6103896103896
1187,2655.35546875,0.6484375,256,2280.4939759036147,3346.766666666667
1188,3163.5625,0.37109375,256,2918.915789473684,3307.919254658385
1189,2903.79296875,0.4453125,256,2534.59649122807,3200.1901408450703
1190,3175.765625,0.39453125,256,3114.168316831683,3215.9032258064517
1191,3015.2890625,0.3828125,256,2882.0714285714284,3097.9177215189875
1192,2809.23828125,0.54296875,256,2599.0791366906474,3058.91452991453
1193,2757.15625,0.52734375,256,2545.133333333333,2993.710743801653
1194,2926.20703125,0.5390625,256,2692.9710144927535,3198.9745762711864
1195,2914.4375,0.58984375,256,2716.662251655629,3198.8571428571427
1196,2838.34375,0.4296875,256,2729.6272727272726,2920.253424657534
1197,3069.90625,0.59765625,256,2897.281045751634,3326.330097087379
1198,2959.38671875,0.375,256,2894.9791666666665,2998.03125
1199,3096.515625,0.4140625,256,3100.330188679245,3093.82
1200,3166.4375,0.48046875,256,2934.6341463414633,3380.812030075188
1201,2707.88671875,0.56640625,256,2584.9172413793103,2868.5225225225226
1202,2965.6875,0.44140625,256,2759.150442477876,3128.895104895105
1203,2511.31640625,0.49609375,256,2371.700787401575,2648.767441860465
1204,2781.09375,0.328125,256,2657.1309523809523,2841.6337209302324
1205,3056.98046875,0.40625,256,2754.778846153846,3263.75
1206,2936.56640625,0.359375,256,2630.413043478261,3108.310975609756
1207,2866.03515625,0.5234375,256,2535.3432835820895,3229.254098360656
1208,2783.56640625,0.48046875,256,2647.6991869918697,2909.218045112782
1209,2680.83984375,0.38671875,256,2450.929292929293,2825.815286624204
1210,3044.3125,0.37890625,256,2889.5670103092784,3138.7169811320755
1211,3309.78125,0.234375,256,2810.633333333333,3462.581632653061
1212,3167.234375,0.38671875,256,2876.89898989899,3350.312101910828
1213,2965.8515625,0.50390625,256,2778.0387596899227,3156.6220472440946
1214,2804.8203125,0.51171875,256,2616.381679389313,3002.304
1215,2862.50390625,0.44921875,256,2454.2608695652175,3195.468085106383
1216,3171.703125,0.55859375,256,3061.664335664336,3310.9557522123896
1217,3059.046875,0.29296875,256,3126.346666666667,3031.160220994475
1218,3135.09765625,0.38671875,256,2962.878787878788,3243.6942675159235
1219,3185.65234375,0.53515625,256,3065.6569343065694,3323.798319327731
1220,2941.09765625,0.5078125,256,2856.6153846153848,3028.2619047619046
1221,3233.96484375,0.484375,256,2871.298387096774,3574.651515151515
1222,3209.49609375,0.45703125,256,2819.3846153846152,3537.863309352518
1223,3300.58203125,0.47265625,256,2970.2396694214876,3596.6666666666665
1224,2841.52734375,0.66796875,256,2716.7719298245615,3092.505882352941
1225,3080.109375,0.58203125,256,2620.711409395973,3719.8317757009345
1226,3094.79296875,0.52734375,256,2813.0592592592593,3409.123966942149
1227,3388.35546875,0.3828125,256,2986.3571428571427,3637.6962025316457
1228,2924.84765625,0.55859375,256,2506.4055944055945,3454.380530973451
1229,2799.99609375,0.63671875,256,2720.760736196319,2938.8709677419356
1230,2663.63671875,0.76953125,256,2423.0,3467.1186440677966
1231,3006.765625,0.50390625,256,2504.1472868217056,3517.299212598425
1232,2845.86328125,0.63671875,256,2404.9447852760736,3618.6559139784945
1233,3096.8359375,0.5703125,256,2797.7876712328766,3493.7545454545457
1234,2640.88671875,0.6484375,256,2332.8072289156626,3209.1222222222223
1235,3203.953125,0.48046875,256,2639.837398373984,3725.654135338346
1236,2958.89453125,0.484375,256,2750.2258064516127,3154.9166666666665
1237,2894.97265625,0.65625,256,2515.2976190476193,3619.806818181818
1238,3077.15234375,0.53515625,256,2792.92700729927,3404.36974789916
1239,2758.78515625,0.57421875,256,2499.156462585034,3108.9266055045873
1240,2656.1171875,0.7890625,256,2393.7524752475247,3637.5555555555557
1241,2817.109375,0.5546875,256,2448.7323943661972,3275.964912280702
1242,2619.1484375,0.80859375,256,2375.5942028985505,3648.0408163265306
1243,2915.6875,0.703125,256,2698.677777777778,3429.657894736842
1244,2438.6875,0.53125,256,2071.1029411764707,2855.2833333333333
1245,3001.05078125,0.6015625,256,2525.064935064935,3719.6960784313724
1246,2778.01171875,0.43359375,256,2459.8198198198197,3021.593103448276
1247,2877.18359375,0.70703125,256,2599.7845303867402,3546.64
1248,2665.33203125,0.6015625,256,2452.1428571428573,2987.205882352941
1249,2763.02734375,0.66796875,256,2513.2573099415204,3265.505882352941
1250,2948.73046875,0.55859375,256,2837.4965034965035,3089.495575221239
1251,2732.5390625,0.56640625,256,2636.0689655172414,2858.5585585585586
1252,3119.578125,0.4921875,256,3019.095238095238,3216.9692307692308
1253,2278.44140625,0.67578125,256,1997.1271676300578,2864.7951807228915
1254,3255.265625,0.5234375,256,2826.089552238806,3726.655737704918
1255,2646.109375,0.59765625,256,2477.124183006536,2897.126213592233
1256,2907.3125,0.609375,256,2329.198717948718,3809.17
1257,2786.3125,0.72265625,256,2517.1783783783785,3487.5774647887324
1258,2998.35546875,0.51171875,256,2508.702290076336,3511.512
1259,2323.515625,0.73828125,256,2064.931216931217,3052.955223880597
1260,2706.1171875,0.671875,256,2395.970930232558,3341.1785714285716
1261,2568.63671875,0.62109375,256,2393.566037735849,2855.6082474226805
1262,2533.86328125,0.64453125,256,2229.581818181818,3085.5824175824177
1263,3140.99609375,0.5234375,256,2883.6716417910447,3423.6311475409834
1264,2802.8671875,0.69921875,256,2628.731843575419,3207.6753246753246
1265,2567.25390625,0.6953125,256,2086.044943820225,3665.397435897436
1266,2673.7265625,0.65234375,256,2477.2814371257487,3042.3370786516853
1267,2577.53515625,0.66015625,256,2314.6686390532545,3088.1609195402298
1268,2696.4921875,0.65625,256,2408.7023809523807,3245.909090909091
1269,2911.37890625,0.65234375,256,2434.7245508982037,3805.775280898876
1270,2591.453125,0.6796875,256,2595.206896551724,2583.487804878049
1271,2995.5859375,0.6015625,256,2500.811688311688,3742.598039215686
1272,2843.1953125,0.64453125,256,2433.70303030303,3585.6813186813188
1273,3059.828125,0.6640625,256,2764.4411764705883,3643.732558139535
1274,2468.09375,0.66796875,256,2151.251461988304,3105.505882352941
1275,3207.578125,0.42578125,256,2632.211009174312,3634.2108843537417
1276,2830.61328125,0.50390625,256,2543.2403100775196,3122.511811023622
1277,2830.40625,0.609375,256,2423.525641025641,3465.14
1278,3017.796875,0.47265625,256,2506.413223140496,3476.1481481481483
1279,2309.37109375,0.5234375,256,2055.1567164179105,2588.590163934426
1280,2346.453125,0.53515625,256,1922.8759124087592,2834.1008403361343
1281,2875.9921875,0.53125,256,2522.0220588235293,3277.1583333333333
1282,2419.296875,0.625,256,1979.43125,3152.40625
1283,2811.703125,0.484375,256,2419.4758064516127,3180.159090909091
1284,2137.57421875,0.6484375,256,1806.4518072289156,2748.311111111111
1285,2602.31640625,0.515625,256,2107.5,3129.0564516129034
1286,2584.5546875,0.609375,256,2356.346153846154,2940.56
1287,2281.640625,0.734375,256,1899.026595744681,3339.455882352941
1288,2712.23828125,0.578125,256,2499.0945945945946,3004.324074074074
1289,2712.6953125,0.60546875,256,2249.3161290322582,3423.8217821782177
1290,2464.93359375,0.75,256,2155.1354166666665,3394.328125
1291,2753.00390625,0.56640625,256,2342.8896551724138,3288.738738738739
1292,2981.03125,0.47265625,256,2283.115702479339,3606.5703703703703
1293,2810.51171875,0.46875,256,2469.5583333333334,3111.3529411764707
1294,2665.5859375,0.5703125,256,2311.246575342466,3135.890909090909
1295,2434.734375,0.6875,256,2308.0852272727275,2713.3625
1296,2464.984375,0.5859375,256,1914.82,3243.5188679245284
1297,2734.6484375,0.5546875,256,2247.3521126760565,3341.6315789473683
1298,2663.171875,0.58203125,256,2112.48322147651,3430.0186915887853
1299,2326.16796875,0.6015625,256,1948.1168831168832,2896.950980392157
1300,2534.70703125,0.640625,256,2134.256097560976,3248.554347826087
1301,2500.62109375,0.5703125,256,1872.986301369863,3333.663636363636
1302,2696.5859375,0.58203125,256,2369.0738255033557,3152.654205607477
1303,2976.7109375,0.49609375,256,2403.1417322834645,3541.3875968992247
1304,2616.7578125,0.57421875,256,2352.2312925170068,2973.5045871559632
1305,2426.47265625,0.64453125,256,1859.460606060606,3454.5714285714284
1306,2658.078125,0.60546875,256,2133.2258064516127,3463.5445544554455
1307,2410.34765625,0.53125,256,2219.264705882353,2626.9083333333333
1308,2294.08203125,0.64453125,256,2183.078787878788,2495.3516483516482
1309,2317.10546875,0.64453125,256,1907.569696969697,3059.6703296703295
1310,2097.37109375,0.61328125,256,1825.6942675159235,2528.212121212121
1311,2905.3125,0.5234375,256,2484.910447761194,3367.065573770492
1312,2373.05859375,0.55859375,256,2166.8321678321677,2634.0353982300885
1313,2095.703125,0.77734375,256,1857.462311557789,2927.4561403508774
1314,1813.3203125,0.71484375,256,1740.3169398907103,1996.3287671232877
1315,2641.30859375,0.56640625,256,2224.8275862068967,3185.3603603603606
1316,2114.05859375,0.61328125,256,1889.5477707006369,2470.10101010101
1317,2322.96484375,0.640625,256,2032.8353658536585,2840.1521739130435
1318,2975.65234375,0.484375,256,2371.1129032258063,3543.5530303030305
1319,2638.22265625,0.5,256,2122.3046875,3154.140625
1320,1967.07421875,0.63671875,256,1611.6932515337423,2589.94623655914
1321,2378.78125,0.64453125,256,1936.030303030303,3181.5714285714284
1322,2404.4609375,0.578125,256,2010.9932432432433,2943.6574074074074
1323,2691.26171875,0.66015625,256,2275.5029585798816,3498.885057471264
1324,2433.79296875,0.62109375,256,1783.5786163522012,3499.6082474226805
1325,2624.875,0.5234375,256,2294.4253731343283,2987.8278688524592
1326,2205.8671875,0.71484375,256,2084.0601092896177,2511.219178082192
1327,2222.6171875,0.62890625,256,1731.2049689440994,3055.4315789473685
1328,2270.23828125,0.5234375,256,1706.2686567164178,2889.6803278688526
1329,2616.39453125,0.60546875,256,2107.458064516129,3397.4356435643563
1330,2386.66796875,0.6328125,256,1979.6604938271605,3088.1063829787236
1331,2389.5078125,0.71484375,256,2088.928961748634,3143.013698630137
1332,2623.40234375,0.515625,256,1997.2272727272727,3289.9758064516127
1333,2371.203125,0.703125,256,2102.0944444444444,3008.565789473684
1334,2154.91015625,0.6171875,256,1931.9810126582279,2514.326530612245
1335,2437.01953125,0.41015625,256,1906.942857142857,2805.615894039735
1336,2137.1015625,0.69921875,256,1731.513966480447,3079.961038961039
1337,2582.703125,0.58984375,256,1993.8940397350993,3429.4666666666667
1338,2496.17578125,0.79296875,256,2244.216748768473,3461.2264150943397
1339,2390.73046875,0.66796875,256,2131.1929824561403,2912.858823529412
1340,2269.48046875,0.48828125,256,1921.432,2601.587786259542
1341,2196.3828125,0.57421875,256,1542.6122448979593,3078.0733944954127
1342,1986.0390625,0.67578125,256,1752.5606936416184,2472.6867469879517
1343,2716.37109375,0.4453125,256,2167.9298245614036,3156.669014084507
1344,2331.69921875,0.578125,256,2001.087837837838,2784.759259259259
1345,2307.46484375,0.7109375,256,2009.0,3041.527027027027
1346,2974.046875,0.55859375,256,2471.1748251748254,3610.424778761062
1347,2337.51171875,0.7421875,256,2135.557894736842,2918.8939393939395
1348,2352.3359375,0.53515625,256,1982.5401459854015,2778.0672268907565
1349,2647.09375,0.671875,256,2217.5988372093025,3526.535714285714
1350,2701.7265625,0.5546875,256,2305.056338028169,3195.8245614035086
1351,2325.55859375,0.76953125,256,2062.5786802030457,3203.64406779661
1352,2497.4453125,0.50390625,256,1906.937984496124,3097.251968503937
1353,2270.3828125,0.58984375,256,1968.5033112582782,2704.5142857142855
1354,2272.73046875,0.65234375,256,1951.377245508982,2875.7191011235955
1355,2087.9765625,0.6640625,256,1865.1411764705883,2528.4651162790697
1356,2150.125,0.6875,256,1594.8352272727273,3371.7625
1357,2128.89453125,0.68359375,256,1773.1485714285714,2897.4814814814813
1358,2424.6796875,0.6953125,256,2054.7865168539324,3268.7948717948716
1359,2498.3046875,0.69921875,256,2219.2346368715084,3147.051948051948
1360,2255.88671875,0.578125,256,1648.7972972972973,3087.824074074074
1361,2549.30078125,0.4921875,256,2433.2063492063494,2661.8230769230768
1362,2263.34375,0.671875,256,1911.2267441860465,2984.345238095238
1363,2635.83203125,0.56640625,256,2201.841379310345,3202.7567567567567
1364,2591.0703125,0.5,256,2387.1875,2794.953125
1365,2695.3203125,0.5625,256,2129.784722222222,3422.4375
1366,2258.6875,0.7578125,256,2011.5876288659795,3031.8709677419356
1367,2294.8515625,0.5703125,256,1978.0205479452054,2715.3727272727274
1368,2194.3515625,0.6015625,256,1936.935064935065,2583.0
1369,2458.94140625,0.6796875,256,2065.6954022988507,3293.390243902439
1370,1892.0703125,0.76171875,256,1836.7076923076922,2069.0491803278687
1371,2367.21484375,0.58203125,256,1982.6375838926174,2902.7476635514017
1372,2430.44921875,0.7109375,256,2077.3516483516482,3298.8783783783783
1373,1792.16015625,0.50390625,256,1647.0697674418604,1939.5354330708662
1374,2294.36328125,0.6953125,256,2073.938202247191,2797.3846153846152
1375,2329.73828125,0.6640625,256,2072.4,2838.4302325581393
1376,2184.5625,0.66015625,256,1941.98224852071,2655.7816091954023
1377,2391.06640625,0.6171875,256,1923.4810126582279,3144.9285714285716
1378,2235.890625,0.69921875,256,1941.3854748603353,2920.5194805194806
1379,2330.546875,0.68359375,256,2098.822857142857,2831.185185185185
1380,2437.0625,0.4765625,256,2290.4836065573772,2570.5149253731342
1381,2020.453125,0.63671875,256,1811.441717791411,2386.7849462365593
1382,2204.21875,0.7578125,256,2058.453608247423,2660.3225806451615
1383,2562.5703125,0.5859375,256,2173.46,3113.198113207547
1384,2403.32421875,0.5546875,256,1911.8028169014085,3015.5701754385964
1385,2046.30859375,0.71875,256,1948.5054347826087,2296.25
1386,1569.41796875,0.75390625,256,1343.4248704663212,2261.746031746032
1387,1919.328125,0.59375,256,1615.75,2363.019230769231
1388,2308.74609375,0.68359375,256,2007.72,2959.1111111111113
1389,2051.3671875,0.75390625,256,2075.3626943005183,1977.857142857143
1390,1934.08203125,0.84375,256,1804.361111111111,2634.575
1391,2487.765625,0.484375,256,2302.717741935484,2661.598484848485
1392,1882.1640625,0.70703125,256,1605.4585635359117,2549.9466666666667
1393,2380.29296875,0.47265625,256,1819.5619834710744,2882.874074074074
1394,1845.41015625,0.83203125,256,1760.6291079812206,2265.3720930232557
1395,2039.4375,0.609375,256,1849.8333333333333,2335.22
1396,1807.875,0.671875,256,1627.2093023255813,2177.809523809524
1397,2687.31640625,0.38671875,256,2226.373737373737,2977.9745222929937
1398,2189.37890625,0.58984375,256,1619.0860927152319,3009.5142857142855
1399,1687.80859375,0.66796875,256,1487.2690058479532,2091.247058823529
1400,2116.16015625,0.61328125,256,1902.6114649681529,2454.818181818182
1401,2193.546875,0.6640625,256,1980.1764705882354,2615.3255813953488
1402,2055.3046875,0.68359375,256,1835.7485714285715,2529.6543209876545
1403,2264.08203125,0.51953125,256,1965.8796992481202,2586.528455284553
1404,2353.62109375,0.6796875,256,2024.5344827586207,3051.9268292682927
1405,2062.51171875,0.87109375,256,1853.7488789237668,3473.242424242424
1406,2538.5234375,0.55859375,256,2134.993006993007,3049.1858407079644
1407,2181.24609375,0.7265625,256,1890.8978494623657,2952.7428571428572
1408,2227.40625,0.625,256,1849.1375,2857.8541666666665
1409,2431.62890625,0.421875,256,1912.111111111111,2810.7364864864867
1410,2216.48828125,0.5390625,256,1703.4710144927535,2816.4576271186443
1411,2356.9609375,0.640625,256,1815.4573170731708,3322.25
1412,2499.640625,0.640625,256,2354.859756097561,2757.728260869565
1413,1942.48828125,0.6875,256,1738.0568181818182,2392.2375
1414,2185.69140625,0.703125,256,1936.95,2774.815789473684
1415,1764.296875,0.7265625,256,1702.8118279569892,1927.6714285714286
1416,1985.4296875,0.71875,256,1645.6847826086957,2853.6666666666665
1417,1725.578125,0.74609375,256,1386.4921465968587,2721.9692307692308
1418,2213.5703125,0.71484375,256,1949.863387978142,2874.6438356164385
1419,2194.11328125,0.6328125,256,1824.530864197531,2831.053191489362
1420,1702.0,0.66796875,256,1625.3625730994152,1856.1764705882354
1421,2631.20703125,0.54296875,256,2265.7913669064747,3065.3333333333335
1422,2269.203125,0.44140625,256,1764.5309734513273,2668.0
1423,2575.48046875,0.60546875,256,2151.064516129032,3226.8118811881186
1424,1835.796875,0.66796875,256,1510.017543859649,2491.1882352941175
1425,2103.8671875,0.703125,256,2000.638888888889,2348.3552631578946
1426,2266.6484375,0.68359375,256,1728.337142857143,3429.6666666666665
1427,2244.32421875,0.56640625,256,2004.751724137931,2557.2792792792793
1428,2142.5390625,0.59765625,256,2016.2418300653594,2330.145631067961
1429,2136.52734375,0.53125,256,1797.4705882352941,2520.7916666666665
1430,2142.39453125,0.53125,256,1606.1176470588234,2750.175
1431,2455.60546875,0.5859375,256,2199.2933333333335,2818.311320754717
1432,2460.125,0.57421875,256,2099.204081632653,2946.8715596330276
1433,2158.38671875,0.58203125,256,2065.9060402684563,2287.1682242990655
1434,1944.28515625,0.58203125,256,1791.8456375838925,2156.5607476635514
1435,1959.08984375,0.66796875,256,1828.0116959064328,2222.788235294118
1436,2194.109375,0.78515625,256,1828.2935323383085,3531.0
1437,2229.5625,0.62890625,256,1831.329192546584,2904.463157894737
1438,1825.72265625,0.578125,256,1904.5135135135135,1717.75
1439,1997.80078125,0.578125,256,1562.9256756756756,2593.740740740741
1440,1992.01171875,0.67578125,256,1909.0346820809248,2164.9638554216867
1441,2481.890625,0.6171875,256,2060.3164556962024,3161.5714285714284
1442,1659.60546875,0.81640625,256,1505.3540669856459,2345.531914893617
1443,1884.8671875,0.78125,256,1715.89,2488.3571428571427
1444,2345.19140625,0.5703125,256,1922.6027397260275,2906.081818181818
1445,2184.90234375,0.578125,256,1884.1216216216217,2597.0833333333335
1446,2218.18359375,0.7421875,256,1923.9947368421053,3065.090909090909
1447,2018.84375,0.578125,256,1738.8581081081081,2402.527777777778
1448,2322.42578125,0.69921875,256,2095.6983240223462,2849.4935064935066
1449,1999.09765625,0.64453125,256,1632.4545454545455,2663.8901098901097
1450,2232.2421875,0.46484375,256,2068.2436974789916,2374.693430656934
1451,2207.515625,0.56640625,256,1703.7586206896551,2865.5765765765764
1452,1722.73828125,0.7265625,256,1504.978494623656,2301.3571428571427
1453,1622.4609375,0.73828125,256,1350.6296296296296,2389.268656716418
1454,2108.28125,0.671875,256,1836.953488372093,2663.8571428571427
1455,1532.92578125,0.8515625,256,1506.3073394495414,1685.6315789473683
1456,1743.4375,0.578125,256,1300.9324324324325,2349.8333333333335
1457,1969.42578125,0.6171875,256,1769.0253164556962,2292.5204081632655
1458,2012.62890625,0.58203125,256,1528.7852348993288,2686.392523364486
1459,1822.78515625,0.6953125,256,1678.252808988764,2152.6153846153848
1460,1974.19140625,0.5625,256,1736.6041666666667,2279.660714285714
1461,2015.66796875,0.62890625,256,1743.7826086956522,2476.442105263158
1462,1823.07421875,0.63671875,256,1441.0613496932515,2492.6236559139784
1463,2121.95703125,0.48828125,256,1838.984,2391.969465648855
1464,1739.93359375,0.55078125,256,1465.5673758865248,2076.330434782609
1465,1624.9453125,0.8125,256,1533.8990384615386,2019.4791666666667
1466,1793.671875,0.671875,256,1542.9244186046512,2307.1071428571427
1467,2019.08203125,0.66796875,256,1707.5730994152048,2645.764705882353
1468,2163.80078125,0.53515625,256,1836.4306569343066,2540.6890756302523
1469,1955.921875,0.69140625,256,1688.542372881356,2554.987341772152
1470,1981.859375,0.64453125,256,1715.569696969697,2464.6923076923076
1471,1776.41015625,0.66796875,256,1508.187134502924,2316.0117647058823
1472,1602.4765625,0.671875,256,1383.5406976744187,2050.7738095238096
1473,1818.3359375,0.671875,256,1493.8023255813953,2482.8571428571427
1474,1694.265625,0.6171875,256,1358.7911392405063,2235.1326530612246
1475,1971.828125,0.45703125,256,1810.5470085470085,2107.5827338129498
1476,1939.34375,0.703125,256,1941.3333333333333,1934.6315789473683
1477,1816.05078125,0.6953125,256,1684.6011235955057,2116.025641025641
1478,1806.953125,0.71875,256,1460.3532608695652,2692.7083333333335
1479,1784.9375,0.6875,256,1599.159090909091,2193.65
1480,1578.0390625,0.671875,256,1598.889534883721,1535.345238095238
1481,1864.3671875,0.73828125,256,1798.883597883598,2049.089552238806
1482,2178.54296875,0.62890625,256,2039.2732919254659,2414.5684210526315
1483,1942.99609375,0.734375,256,1744.973404255319,2490.470588235294
1484,1878.7890625,0.6328125,256,1663.4753086419753,2249.8617021276596
1485,1649.453125,0.765625,256,1389.0102040816328,2500.233333333333
1486,2041.65625,0.60546875,256,2053.632258064516,2023.2772277227723
1487,2287.5625,0.34765625,256,1951.6067415730338,2466.604790419162
1488,2198.94140625,0.0703125,256,2270.722222222222,2193.5126050420167
1489,2022.48828125,0.07421875,256,1118.2631578947369,2094.9789029535864
1490,2411.328125,0.05859375,256,1472.7333333333333,2469.746887966805
1491,2381.1328125,0.06640625,256,2969.764705882353,2339.26359832636
1492,2181.9921875,0.015625,256,2104.5,2183.222222222222
1493,2170.21484375,0.078125,256,3105.35,2090.9661016949153
1494,2511.2578125,0.015625,256,3316.5,2498.4761904761904
1495,2486.37890625,0.078125,256,1328.4,2584.512711864407
1496,1658.515625,0.0703125,256,1005.6666666666666,1707.890756302521
1497,1936.04296875,0.09765625,256,2340.8,1892.2380952380952
1498,1700.03515625,0.015625,256,2933.0,1680.4642857142858
1499,2267.17578125,0.0234375,256,2152.5,2269.928
1500,2029.44921875,0.00390625,256,3022.0,2025.556862745098
1501,2067.91796875,0.0546875,256,2103.6428571428573,2065.8512396694214
1502,2121.16015625,0.07421875,256,2467.4736842105262,2093.396624472574
1503,2444.11328125,0.07421875,256,1799.578947368421,2495.784810126582
1504,2288.6875,0.03515625,256,2637.1111111111113,2275.991902834008
1505,2154.33203125,0.00390625,256,2421.0,2153.286274509804
1506,2365.7421875,0.078125,256,1398.65,2447.6991525423728
1507,2483.71484375,0.10546875,256,1118.0,2644.7379912663755
1508,2460.85546875,0.07421875,256,1503.157894736842,2537.6329113924053
1509,2238.51171875,0.03125,256,2402.125,2233.233870967742
1510,2129.26171875,0.06640625,256,2086.3529411764707,2132.313807531381
1511,2072.57421875,0.1328125,256,1882.1176470588234,2101.7432432432433
1512,2152.15234375,0.08203125,256,1596.142857142857,2201.8382978723403
1513,1849.86328125,0.02734375,256,2429.8571428571427,1833.558232931727
1514,1909.796875,0.0078125,256,1402.5,1913.791338582677
1515,2343.78125,0.0859375,256,1215.5454545454545,2449.8547008547007
1516,2507.71875,0.078125,256,1180.55,2620.1906779661017
1517,2450.0234375,0.01171875,256,2704.3333333333335,2447.00790513834
1518,2436.73828125,0.015625,256,3779.75,2415.4206349206347
1519,2142.875,0.109375,256,1875.7142857142858,2175.684210526316
1520,1917.09765625,0.00390625,256,2478.0,1914.8980392156864
1521,2414.4140625,0.00390625,256,2913.0,2412.458823529412
1522,2180.8515625,0.01171875,256,3321.0,2167.3320158102765
1523,1783.83984375,0.01953125,256,2433.2,1770.9043824701196
1524,2660.4296875,0.01953125,256,2026.0,2673.067729083665
1525,2115.47265625,0.16796875,256,1934.2093023255813,2152.0657276995307
1526,2401.73046875,0.14453125,256,1801.027027027027,2503.219178082192
1527,2608.44921875,0.17578125,256,1848.8666666666666,2770.445497630332
1528,2470.296875,0.265625,256,1921.25,2668.8882978723404
1529,2301.671875,0.3671875,256,2110.1170212765956,2412.820987654321
1530,2616.74609375,0.20703125,256,2684.4528301886794,2599.0689655172414
1531,2672.875,0.16015625,256,2487.6341463414633,2708.2
1532,2160.98828125,0.19921875,256,2164.7450980392155,2160.0536585365853
1533,2485.03515625,0.33203125,256,1473.035294117647,2988.0760233918127
1534,2784.20703125,0.2109375,256,2252.6111111111113,2926.3168316831684
1535,2670.0703125,0.23046875,256,2159.9661016949153,2822.8426395939086
1536,2595.421875,0.36328125,256,1787.9462365591398,3056.128834355828
1537,2319.26171875,0.3671875,256,2173.1170212765956,2404.061728395062
1538,2269.5546875,0.15234375,256,1763.7435897435898,2360.4608294930877
1539,2455.72265625,0.26953125,256,1985.7391304347825,2629.139037433155
1540,2532.35546875,0.21875,256,2327.5,2589.715
1541,2429.43359375,0.29296875,256,2211.8133333333335,2519.6077348066297
1542,2180.390625,0.19921875,256,1682.137254901961,2304.346341463415
1543,2191.8984375,0.3203125,256,1880.0731707317073,2338.8505747126437
1544,2340.828125,0.3515625,256,2034.2222222222222,2507.0602409638554
1545,2569.54296875,0.2265625,256,2155.6724137931033,2690.777777777778
1546,2239.6015625,0.3359375,256,1786.453488372093,2468.8411764705884
1547,2742.04296875,0.26171875,256,3017.731343283582,2644.3121693121693
1548,2666.6796875,0.16015625,256,1877.2682926829268,2817.218604651163
1549,2571.78125,0.21875,256,2010.5357142857142,2728.93
1550,2380.01953125,0.4296875,256,2210.327272727273,2507.8698630136987
1551,2593.1328125,0.3125,256,2661.2625,2562.1647727272725
1552,2557.84375,0.26171875,256,2084.5671641791046,2725.6190476190477
1553,2806.45703125,0.30859375,256,2025.6835443037974,3154.937853107345
1554,2714.9375,0.3203125,256,2148.6463414634145,2981.810344827586
1555,2555.65234375,0.27734375,256,2165.154929577465,2705.518918918919
1556,2319.046875,0.2734375,256,1488.6857142857143,2631.548387096774
1557,2454.11328125,0.12109375,256,2189.064516129032,2490.6311111111113
1558,2248.82421875,0.29296875,256,1771.7333333333333,2446.513812154696
1559,2558.5,0.28125,256,2441.6666666666665,2604.217391304348
1560,2431.10546875,0.26953125,256,1893.0144927536232,2629.652406417112
1561,2570.32421875,0.28125,256,2443.9444444444443,2619.7771739130435
1562,2720.69921875,0.31640625,256,1835.2716049382716,3130.5257142857145
1563,1959.14453125,0.28515625,256,1156.890410958904,2279.1693989071036
1564,2265.85546875,0.20703125,256,2146.245283018868,2297.0837438423646
1565,1994.9609375,0.1484375,256,1942.4736842105262,2004.1100917431193
1566,2284.37109375,0.25,256,2189.703125,2315.9270833333335
1567,2382.09375,0.33203125,256,1999.7529411764706,2572.1461988304095
1568,2790.3359375,0.36328125,256,2099.8494623655915,3184.294478527607
1569,2702.375,0.32421875,256,2365.867469879518,2863.8208092485547
1570,2510.70703125,0.203125,256,1918.923076923077,2661.5539215686276
1571,2951.703125,0.3046875,256,2311.346153846154,3232.308988764045
1572,2848.0390625,0.30078125,256,2197.4805194805194,3127.8882681564246
1573,2393.07421875,0.1484375,256,2111.4473684210525,2442.1651376146788
1574,2000.29296875,0.453125,256,2028.6637931034484,1976.7857142857142
1575,2364.40234375,0.4609375,256,1947.2796610169491,2721.072463768116
1576,2327.4921875,0.19140625,256,1973.530612244898,2411.280193236715
1577,2136.0859375,0.1796875,256,2159.5652173913045,2130.942857142857
1578,2226.3203125,0.3359375,256,1619.453488372093,2533.323529411765
1579,2380.734375,0.27734375,256,2017.0,2520.32972972973
1580,2799.96875,0.3359375,256,2609.1511627906975,2896.5
1581,2793.49609375,0.296875,256,2123.2894736842104,3076.472222222222
1582,2617.37109375,0.1796875,256,2046.0,2742.5285714285715
1583,2235.7265625,0.3828125,256,2096.387755102041,2322.1518987341774
1584,2513.06640625,0.37890625,256,1715.8865979381444,2999.396226415094
1585,2864.31640625,0.2578125,256,2849.5151515151515,2869.4578947368423
1586,2590.734375,0.3203125,256,2166.3536585365855,2790.729885057471
1587,2541.01953125,0.31640625,256,2600.2716049382716,2513.594285714286
1588,2385.37109375,0.328125,256,2094.285714285714,2527.529069767442
1589,2585.953125,0.19140625,256,2238.4285714285716,2668.217391304348
1590,2270.3046875,0.17578125,256,1730.2666666666667,2385.478672985782
1591,1936.73046875,0.34765625,256,1632.6179775280898,2098.802395209581
1592,2187.10546875,0.2578125,256,2010.4545454545455,2248.4684210526316
1593,2190.58203125,0.26953125,256,1434.7246376811595,2469.48128342246
1594,1834.703125,0.20703125,256,1543.2641509433963,1910.7931034482758
1595,2512.80859375,0.0703125,256,2147.0555555555557,2540.470588235294
1596,2552.328125,0.20703125,256,1364.9433962264152,2862.3349753694583
1597,2435.2109375,0.20703125,256,2484.3207547169814,2422.3891625615765
1598,2235.8359375,0.12890625,256,1950.969696969697,2277.9910313901346
1599,2577.421875,0.15234375,256,2430.6923076923076,2603.7926267281105
1600,2685.07421875,0.08203125,256,2396.6666666666665,2710.8468085106383
1601,2559.25390625,0.26171875,256,1974.7910447761194,2766.4444444444443
1602,2856.53125,0.19921875,256,2358.1176470588234,2980.5268292682927
1603,2439.953125,0.296875,256,1994.2631578947369,2628.133333333333
1604,2382.76171875,0.234375,256,1581.5166666666667,2628.0408163265306
1605,2738.4296875,0.26953125,256,2171.68115942029,2947.5508021390374
1606,2347.34765625,0.16796875,256,1712.8139534883721,2475.4460093896714
1607,2203.56640625,0.38671875,256,1783.080808080808,2468.7133757961783
1608,2337.125,0.1953125,256,2215.56,2366.631067961165
1609,2713.95703125,0.1875,256,2820.875,2689.283653846154
1610,2287.46875,0.22265625,256,2535.877192982456,2216.316582914573
1611,2207.70703125,0.22265625,256,1251.0877192982457,2481.713567839196
1612,2852.87890625,0.28515625,256,2602.7671232876714,2952.6502732240438
1613,2320.66796875,0.28515625,256,2047.5616438356165,2429.6120218579235
1614,2265.2265625,0.10546875,256,1528.7037037037037,2352.065502183406
1615,2565.23828125,0.265625,256,1599.7941176470588,2914.441489361702
1616,2644.921875,0.26171875,256,2340.507462686567,2752.835978835979
1617,2185.12890625,0.3359375,256,2151.0581395348836,2202.364705882353
1618,2086.33203125,0.30078125,256,2013.064935064935,2117.849162011173
1619,2689.16015625,0.2734375,256,1847.057142857143,3006.0806451612902
1620,2231.54296875,0.15234375,256,2001.3846153846155,2272.9078341013824
1621,2611.35546875,0.25,256,2525.828125,2639.8645833333335
1622,2765.98046875,0.44140625,256,2733.4690265486724,2791.671328671329
1623,2546.04296875,0.3515625,256,2401.6,2624.355421686747
1624,2720.8515625,0.2109375,256,2933.6296296296296,2663.970297029703
1625,2478.80859375,0.22265625,256,2447.9298245614036,2487.6532663316584
1626,2411.91796875,0.2734375,256,1712.3142857142857,2675.2096774193546
1627,2375.65234375,0.33984375,256,2201.057471264368,2465.5325443786983
1628,2766.3203125,0.15234375,256,2497.5128205128203,2814.63133640553
1629,2350.48046875,0.34375,256,1791.3977272727273,2643.3333333333335
1630,2501.2109375,0.0859375,256,1773.7727272727273,2569.602564102564
1631,2307.421875,0.15625,256,2078.0,2349.9074074074074
1632,2543.03125,0.17578125,256,2440.5333333333333,2564.8909952606637
1633,2671.87109375,0.11328125,256,2201.4827586206898,2731.964757709251
1634,2375.2890625,0.21875,256,2418.8928571428573,2363.08
1635,2513.7265625,0.30859375,256,1270.3417721518988,3068.683615819209
1636,2592.46875,0.38671875,256,2353.3333333333335,2743.2611464968154
1637,1809.859375,0.3125,256,1114.575,2125.8977272727275
1638,2724.05078125,0.2890625,256,2139.3513513513512,2961.785714285714
1639,2697.2421875,0.24609375,256,2504.84126984127,2760.0466321243525
1640,2674.890625,0.296875,256,2085.3026315789475,2923.8277777777776
1641,2842.63671875,0.24609375,256,2724.126984126984,2881.321243523316
1642,2503.34375,0.26953125,256,2226.521739130435,2605.486631016043
1643,2252.828125,0.19921875,256,2154.0,2277.4146341463415
1644,2509.25,0.20703125,256,2509.2830188679245,2509.2413793103447
1645,2469.08203125,0.23046875,256,1913.2203389830509,2635.5583756345177
1646,2284.75390625,0.26171875,256,1816.9402985074628,2450.5925925925926
1647,2616.7578125,0.140625,256,2612.3055555555557,2617.4863636363634
1648,2259.265625,0.33984375,256,1985.5172413793102,2400.189349112426
1649,2162.64453125,0.27734375,256,2020.8450704225352,2217.064864864865
1650,3052.78125,0.1640625,256,2422.404761904762,3176.5
1651,2420.74609375,0.30859375,256,1804.8481012658228,2695.638418079096
1652,2672.5703125,0.2265625,256,2354.293103448276,2765.8030303030305
1653,2222.41796875,0.13671875,256,2386.2,2196.4796380090497
1654,2706.1640625,0.1796875,256,2631.1739130434785,2722.5904761904762
1655,2316.86328125,0.2890625,256,1935.5405405405406,2471.9065934065934
1656,2453.6015625,0.2421875,256,2316.3548387096776,2497.463917525773
1657,2510.5703125,0.47265625,256,2115.6446280991736,2864.5407407407406
1658,2447.05859375,0.21484375,256,2504.1454545454544,2431.4378109452737
1659,2636.90625,0.23046875,256,2806.677966101695,2586.060913705584
1660,2447.3125,0.24609375,256,2392.7301587301586,2465.1295336787566
1661,2668.09765625,0.26953125,256,1874.2898550724638,2961.0
1662,2242.52734375,0.30078125,256,2102.051948051948,2302.95530726257
1663,2251.296875,0.33203125,256,1637.6823529411765,2556.309941520468
1664,2872.359375,0.1875,256,2437.6875,2972.668269230769
1665,2329.57421875,0.328125,256,2071.4761904761904,2455.6220930232557
1666,2715.8203125,0.24609375,256,1724.5396825396826,3039.39896373057
1667,2778.88671875,0.18359375,256,1728.3829787234042,3015.1244019138758
1668,2555.45703125,0.33203125,256,2176.8117647058825,2743.6725146198833
1669,2648.453125,0.24609375,256,2303.0793650793653,2761.1917098445597
1670,2458.23046875,0.21484375,256,2615.2545454545457,2415.2636815920396
1671,2709.04296875,0.3125,256,2263.9875,2911.340909090909
1672,3029.55859375,0.1875,256,2232.5416666666665,3213.485576923077
1673,2432.96875,0.2890625,256,2013.8783783783783,2603.368131868132
1674,2468.328125,0.3203125,256,1754.3048780487804,2804.82183908046
1675,2068.82421875,0.4375,256,2016.6339285714287,2109.4166666666665
1676,2492.6640625,0.3203125,256,1886.1097560975609,2778.5114942528735
1677,2280.609375,0.1328125,256,2696.8529411764707,2216.8603603603606
1678,2521.625,0.19921875,256,2719.549019607843,2472.3853658536586
1679,2812.875,0.1171875,256,1938.7,2928.9159292035397
1680,2416.84765625,0.09765625,256,2655.92,2390.974025974026
1681,2167.84375,0.2734375,256,1849.2142857142858,2287.7580645161293
1682,2366.28515625,0.17578125,256,1840.6888888888889,2478.379146919431
1683,2412.51171875,0.33984375,256,1690.2643678160919,2784.319526627219
1684,2283.65625,0.2421875,256,2417.6129032258063,2240.8453608247423
1685,2525.84765625,0.3046875,256,2035.7307692307693,2740.61797752809
1686,2502.00390625,0.1953125,256,2354.8,2537.733009708738
1687,2640.85546875,0.18359375,256,2045.276595744681,2774.7894736842104
1688,2679.16015625,0.2109375,256,2316.4074074074074,2776.133663366337
1689,2441.390625,0.19140625,256,1771.734693877551,2599.9082125603863
1690,2606.15234375,0.3984375,256,1881.8039215686274,3085.9155844155844
1691,2770.5625,0.25390625,256,2187.2153846153847,2969.083769633508
1692,2387.60546875,0.28125,256,2009.125,2535.7065217391305
1693,2336.49609375,0.359375,256,1876.7173913043478,2594.420731707317
1694,2556.3671875,0.24609375,256,2488.2698412698414,2578.5958549222796
1695,2545.796875,0.390625,256,2176.12,2782.769230769231
1696,2024.3046875,0.57421875,256,1796.5102040816328,2331.5137614678897
1697,2253.609375,0.34375,256,1919.159090909091,2428.7976190476193
1698,2403.109375,0.46875,256,2196.1,2585.764705882353
1699,2329.87890625,0.421875,256,2219.953703703704,2410.0945945945946
1700,2141.98046875,0.43359375,256,1896.2612612612613,2330.0827586206897
1701,2147.765625,0.3984375,256,2076.8333333333335,2194.746753246753
1702,2538.546875,0.37890625,256,2004.0824742268042,2864.603773584906
1703,2266.83203125,0.4375,256,1952.8839285714287,2511.0138888888887
1704,2355.66015625,0.546875,256,1994.692857142857,2791.310344827586
1705,1815.45703125,0.58203125,256,1765.1610738255033,1885.4953271028037
1706,2461.73046875,0.3984375,256,1744.578431372549,2936.7272727272725
1707,2493.9921875,0.41015625,256,1860.5523809523809,2934.46357615894
1708,2084.82421875,0.59375,256,1676.296052631579,2681.903846153846
1709,2018.046875,0.41796875,256,2142.9158878504672,1928.3758389261745
1710,2437.625,0.4296875,256,2038.7454545454545,2738.150684931507
1711,2795.94140625,0.2890625,256,2337.675675675676,2982.269230769231
1712,2298.23046875,0.3125,256,1930.7125,2465.284090909091
1713,2682.3125,0.34765625,256,2403.505617977528,2830.8982035928143
1714,1732.296875,0.46484375,256,1566.6974789915967,1876.1386861313867
1715,2528.40625,0.40625,256,1931.7211538461538,2936.6644736842104
1716,2235.19140625,0.16015625,256,1994.4878048780488,2281.093023255814
1717,2835.3828125,0.37890625,256,2552.2061855670104,3008.1383647798743
1718,2950.671875,0.5703125,256,2617.4109589041095,3393.0
1719,2485.41015625,0.28125,256,2306.8888888888887,2555.266304347826
1720,2021.05859375,0.40234375,256,1798.9514563106795,2170.581699346405
1721,2496.17578125,0.28125,256,1743.1666666666667,2790.8315217391305
1722,2460.98046875,0.4296875,256,2108.3636363636365,2726.650684931507
1723,2607.0390625,0.3515625,256,2400.6111111111113,2718.9578313253014
1724,2308.046875,0.3984375,256,1687.2549019607843,2719.220779220779
1725,2713.82421875,0.3671875,256,2375.648936170213,2910.0493827160494
1726,2474.359375,0.546875,256,2297.092857142857,2688.301724137931
1727,2104.9453125,0.421875,256,1895.2037037037037,2258.0
1728,2572.32421875,0.41015625,256,2140.1619047619047,2872.8344370860927
1729,2414.19921875,0.52734375,256,2074.259259259259,2793.471074380165
1730,2162.921875,0.69140625,256,1990.2203389830509,2549.8607594936707
1731,2546.421875,0.23046875,256,2288.7966101694915,2623.5786802030457
1732,2603.23046875,0.453125,256,2156.112068965517,2973.7
1733,2555.24609375,0.31640625,256,1867.8765432098764,2873.4
1734,2174.46875,0.453125,256,1752.3793103448277,2524.2
1735,2844.046875,0.328125,256,2339.0238095238096,3090.686046511628
1736,2688.40234375,0.40234375,256,2121.5048543689322,3070.0392156862745
1737,2337.7265625,0.37109375,256,1737.6105263157895,2691.832298136646
1738,2517.79296875,0.4296875,256,2342.572727272727,2649.8082191780823
1739,2193.56640625,0.375,256,2043.3645833333333,2283.6875
1740,2896.484375,0.296875,256,2606.592105263158,3018.883333333333
1741,3019.34375,0.29296875,256,2739.88,3135.1436464088397
1742,2355.14453125,0.3984375,256,2241.3333333333335,2430.525974025974
1743,2371.68359375,0.2578125,256,2332.318181818182,2385.357894736842
1744,2708.27734375,0.38671875,256,2529.4848484848485,2821.019108280255
1745,2653.9453125,0.3671875,256,2119.3297872340427,2964.1543209876545
1746,2553.74609375,0.4140625,256,2390.5471698113206,2669.0733333333333
1747,2336.62109375,0.421875,256,2096.8888888888887,2511.560810810811
1748,2296.29296875,0.4140625,256,1856.801886792453,2606.866666666667
1749,2295.63671875,0.3203125,256,2074.731707317073,2399.7413793103447
1750,2326.61328125,0.5234375,256,2308.873134328358,2346.098360655738
1751,2470.8828125,0.421875,256,2089.712962962963,2749.0337837837837
1752,2375.42578125,0.49609375,256,1906.6141732283465,2836.968992248062
1753,2625.328125,0.41015625,256,2171.904761904762,2940.6225165562914
1754,2921.359375,0.3828125,256,2341.8061224489797,3280.8291139240505
1755,2257.3125,0.3515625,256,1861.3555555555556,2471.987951807229
1756,2464.73828125,0.3671875,256,2265.9893617021276,2580.061728395062
1757,2507.046875,0.3046875,256,2596.923076923077,2467.6629213483147
1758,2456.015625,0.44921875,256,2067.2,2773.1347517730496
1759,2165.19140625,0.44921875,256,1815.9130434782608,2450.063829787234
1760,2748.8359375,0.3671875,256,2115.936170212766,3116.074074074074
1761,2475.07421875,0.41015625,256,2372.095238095238,2546.682119205298
1762,2476.3359375,0.32421875,256,2311.5180722891564,2555.4104046242774
1763,2616.45703125,0.56640625,256,1973.9862068965517,3455.7207207207207
1764,2418.73828125,0.421875,256,2124.6574074074074,2633.337837837838
1765,2612.3828125,0.38671875,256,2111.4747474747473,2928.2420382165606
1766,2473.89453125,0.37890625,256,2073.824742268041,2717.9622641509436
1767,2749.89453125,0.3125,256,2624.8,2806.755681818182
1768,2367.33203125,0.38671875,256,2195.6666666666665,2475.579617834395
1769,2554.625,0.44140625,256,2551.778761061947,2556.874125874126
1770,2439.0625,0.42578125,256,2134.908256880734,2664.591836734694
1771,2344.49609375,0.41015625,256,2105.733333333333,2510.523178807947
1772,2432.609375,0.40234375,256,1829.0776699029127,2838.908496732026
1773,2189.9296875,0.57421875,256,2141.095238095238,2255.788990825688
1774,2133.7890625,0.28515625,256,2121.4109589041095,2138.726775956284
1775,2346.3046875,0.36328125,256,2235.3010752688174,2409.6380368098157
1776,2133.79296875,0.40625,256,1887.8076923076924,2302.0986842105262
1777,2376.00390625,0.58984375,256,2035.1920529801325,2866.1238095238095
1778,2244.71875,0.45703125,256,1996.3162393162393,2453.8057553956833
1779,2326.21875,0.5234375,256,2040.0,2640.590163934426
1780,2295.41796875,0.3984375,256,2228.0196078431372,2340.0584415584417
1781,2664.91015625,0.2421875,256,2605.1935483870966,2683.994845360825
1782,2675.15234375,0.33984375,256,2521.4712643678163,2754.266272189349
1783,2452.3828125,0.41015625,256,1945.0761904761905,2805.1456953642382
1784,2375.84375,0.3984375,256,2083.470588235294,2569.4935064935066
1785,2354.96875,0.44140625,256,2007.0176991150443,2629.923076923077
1786,2674.50390625,0.41015625,256,2735.7428571428572,2631.9205298013244
1787,2573.48046875,0.53125,256,2299.654411764706,2883.8166666666666
1788,2299.640625,0.453125,256,2224.353448275862,2362.0214285714287
1789,2614.63671875,0.453125,256,2434.5862068965516,2763.8214285714284
1790,2595.8046875,0.46875,256,2260.891666666667,2891.3161764705883
1791,2814.01171875,0.28125,256,2488.0,2941.5815217391305
1792,2660.23046875,0.29296875,256,2477.6266666666666,2735.8950276243095
1793,2426.93359375,0.4375,256,2278.6428571428573,2542.2708333333335
1794,2517.55859375,0.48828125,256,2092.8,2922.8625954198474
1795,2530.875,0.41015625,256,2277.2190476190476,2707.2582781456954
1796,2606.9140625,0.43359375,256,1996.5045045045044,3074.193103448276
1797,2290.03515625,0.55859375,256,2098.5524475524476,2532.353982300885
1798,2194.7578125,0.53125,256,1718.5514705882354,2734.4583333333335
1799,2450.9921875,0.38671875,256,1900.030303030303,2798.4140127388537
1800,2663.06640625,0.3203125,256,1778.341463414634,3080.0057471264367
1801,1786.515625,0.4765625,256,1500.0573770491803,2047.3208955223881
1802,2711.2734375,0.2890625,256,2598.2567567567567,2757.2252747252746
1803,2673.67578125,0.65625,256,2371.0178571428573,3251.4772727272725
1804,2236.29296875,0.48046875,256,2180.560975609756,2287.8345864661655
1805,2235.21484375,0.4765625,256,1914.8852459016393,2526.8582089552237
1806,2936.4296875,0.390625,256,2523.13,3201.3653846153848
1807,2183.61328125,0.44140625,256,1642.0265486725664,2611.5804195804194
1808,3039.6015625,0.36328125,256,2826.7096774193546,3161.0674846625766
1809,2608.421875,0.4921875,256,2280.5238095238096,2926.230769230769
1810,2241.65234375,0.3203125,256,1816.2073170731708,2442.1494252873563
1811,2971.18359375,0.3203125,256,2715.756097560976,3091.557471264368
1812,2394.48828125,0.5234375,256,2165.0373134328356,2646.5081967213114
1813,2440.24609375,0.5,256,1890.6484375,2989.84375
1814,2712.62109375,0.3203125,256,2097.2804878048782,3002.609195402299
1815,2409.20703125,0.4921875,256,2141.0396825396824,2669.123076923077
1816,2871.03515625,0.3828125,256,2664.4489795918366,2999.1708860759495
1817,2612.37109375,0.28515625,256,2554.986301369863,2635.2622950819673
1818,2391.69921875,0.609375,256,2068.2179487179487,2896.33
1819,2564.29296875,0.57421875,256,2227.938775510204,3017.908256880734
1820,2727.734375,0.4453125,256,2320.2631578947367,3054.8591549295775
1821,2992.7109375,0.41796875,256,2520.6168224299067,3331.731543624161
1822,2826.984375,0.4921875,256,2562.4206349206347,3083.4076923076923
1823,1753.51171875,0.6015625,256,1185.8636363636363,2610.549019607843
1824,1217.38671875,0.73828125,256,905.978835978836,2095.8358208955224
1825,1415.87109375,0.7890625,256,1171.4356435643565,2330.240740740741
1826,1172.16015625,0.8046875,256,1013.247572815534,1826.88
1827,1213.06640625,0.86328125,256,1070.0361990950225,2116.2
1828,1351.828125,0.84375,256,1078.263888888889,2829.075
1829,1293.53515625,0.80078125,256,1193.2048780487805,1696.8235294117646
1830,1012.18359375,0.98046875,256,982.9760956175298,2478.4
1831,1357.28125,0.8984375,256,1307.6869565217391,1796.0
1832,1172.74609375,0.83203125,256,1011.1455399061033,1973.2325581395348
1833,2033.12109375,0.5,256,1433.9140625,2632.328125
1834,2255.63671875,0.625,256,2046.46875,2604.25
1835,1933.05078125,0.69140625,256,1609.322033898305,2658.3670886075947
1836,1995.14453125,0.67578125,256,1696.1734104046243,2618.3012048192772
1837,1674.359375,0.8515625,256,1514.0366972477063,2594.1052631578946
1838,2503.3125,0.375,256,1629.9270833333333,3027.34375
1839,2984.15234375,0.31640625,256,2476.0,3219.3542857142857
1840,2982.25390625,0.1796875,256,1889.0652173913043,3221.714285714286
1841,2476.484375,0.5078125,256,1862.9769230769232,3109.468253968254
1842,2395.1796875,0.69921875,256,2116.9776536312847,3041.909090909091
1843,1933.48046875,0.6328125,256,1752.7654320987654,2244.925531914894
1844,2021.65625,0.484375,256,1834.6854838709678,2197.2954545454545
1845,1456.0625,0.8359375,256,1425.1401869158879,1613.6190476190477
1846,1998.05859375,0.7109375,256,1799.1153846153845,2487.3513513513512
1847,1822.71484375,0.51171875,256,1655.030534351145,1998.448
1848,2258.62109375,0.640625,256,1713.8841463414635,3229.6739130434785
1849,2161.09765625,0.609375,256,1805.4423076923076,2715.92
1850,2126.30078125,0.70703125,256,1816.8232044198894,2873.173333333333
1851,2281.3671875,0.48828125,256,1547.568,2981.557251908397
1852,1809.296875,0.6640625,256,1705.4529411764706,2014.5697674418604
1853,2245.2578125,0.56640625,256,1433.4,3305.7927927927926
1854,2881.890625,0.39453125,256,2453.4455445544554,3161.0709677419354
1855,3505.8125,0.29296875,256,2699.0266666666666,3840.1160220994475
1856,3480.44921875,0.15625,256,3066.625,3557.0833333333335
1857,3478.0234375,0.30859375,256,2680.4303797468356,3834.0112994350284
1858,3446.87890625,0.26171875,256,2930.6417910447763,3629.8835978835978
1859,3322.203125,0.33984375,256,2478.137931034483,3756.7218934911243
1860,3103.16015625,0.53125,256,2622.705882352941,3647.675
1861,2190.27734375,0.671875,256,1826.8488372093022,2934.440476190476
1862,2378.80078125,0.51171875,256,1490.8702290076335,3309.352
1863,1967.2421875,0.3828125,256,1666.704081632653,2153.6518987341774
1864,2138.9609375,0.546875,256,1602.4,2786.5344827586205
1865,2089.8984375,0.6015625,256,1557.3961038961038,2893.872549019608
1866,2194.73046875,0.65234375,256,1748.6167664670659,3031.820224719101
1867,2629.79296875,0.58984375,256,2286.344370860927,3123.704761904762
1868,2405.30859375,0.515625,256,2123.5530303030305,2705.2419354838707
1869,2678.1328125,0.39453125,256,1864.5742574257426,3208.2580645161293
1870,2234.296875,0.57421875,256,1815.2857142857142,2799.3853211009173
1871,2646.19921875,0.46875,256,2171.75,3064.830882352941
1872,2423.6796875,0.64453125,256,2257.818181818182,2724.4175824175823
1873,2485.26171875,0.40625,256,1851.7403846153845,2918.7236842105262
1874,2703.9375,0.57421875,256,2345.6598639455783,3187.119266055046
1875,2525.8515625,0.44140625,256,1843.0884955752213,3065.377622377622
1876,2405.7109375,0.39453125,256,1702.2673267326732,2864.083870967742
1877,2470.421875,0.4921875,256,2088.4444444444443,2840.646153846154
1878,2220.2265625,0.5078125,256,1823.7923076923078,2629.246031746032
1879,2410.76171875,0.609375,256,2087.9423076923076,2914.36
1880,2493.9140625,0.515625,256,1999.3484848484848,3020.3870967741937
1881,2609.765625,0.61328125,256,2124.503184713376,3379.3232323232323
1882,2430.53515625,0.4296875,256,1586.5272727272727,3066.431506849315
1883,2057.76953125,0.58984375,256,1385.682119205298,3024.295238095238
1884,2234.1796875,0.65625,256,1859.5833333333333,2949.318181818182
1885,2359.1875,0.421875,256,1647.2407407407406,2878.7162162162163
1886,2537.74609375,0.6015625,256,2120.8571428571427,3167.1666666666665
1887,2119.39453125,0.65234375,256,1840.5269461077844,2642.6629213483147
