step,avg_len,avg_score,n,pos_len,neg_len
1,2812.9296875,0.71484375,256,2301.103825136612,4096.0
2,3354.4765625,0.56640625,256,2786.8275862068967,4096.0
3,3383.16796875,0.5546875,256,2812.4084507042253,4094.1140350877195
4,3631.578125,0.43359375,256,3028.4504504504503,4093.2827586206895
5,3071.9296875,0.72265625,256,2703.6,4031.6619718309857
6,2846.44140625,0.67578125,256,2246.942196531792,4096.0
7,3438.10546875,0.609375,256,3016.378205128205,4096.0
8,3219.44140625,0.6875,256,2821.005681818182,4096.0
9,3320.171875,0.57421875,256,2744.8979591836733,4096.0
10,3431.26171875,0.61328125,256,3012.0955414012737,4096.0
11,3299.50390625,0.6953125,256,2953.629213483146,4088.8076923076924
12,3320.015625,0.6484375,256,2900.3012048192772,4094.1555555555556
13,3394.75,0.640625,256,3001.3658536585367,4096.0
14,3040.3828125,0.6796875,256,2542.9080459770116,4096.0
15,3648.34375,0.42578125,256,3052.467889908257,4090.183673469388
16,3484.296875,0.609375,256,3092.1794871794873,4096.0
17,3378.859375,0.7421875,256,3137.8736842105263,4072.6060606060605
18,3093.75390625,0.61328125,256,2507.433121019108,4023.5757575757575
19,3373.1015625,0.69140625,256,3050.45197740113,4096.0
20,2927.7578125,0.71875,256,2470.6195652173915,4096.0
21,3235.81640625,0.6796875,256,2832.787356321839,4091.0243902439024
22,2595.890625,0.74609375,256,2088.2251308900522,4087.646153846154
23,3065.203125,0.76171875,256,2767.5794871794874,4016.622950819672
24,2631.79296875,0.8984375,256,2469.75652173913,4065.1923076923076
25,3046.01953125,0.81640625,256,2811.665071770335,4088.148936170213
26,3299.53515625,0.58984375,256,2767.3245033112585,4064.904761904762
27,2842.08984375,0.8125,256,2558.3076923076924,4071.8125
28,2716.0546875,0.91015625,256,2579.8369098712446,4096.0
29,3009.78125,0.78515625,256,2721.353233830846,4063.8545454545456
30,2909.015625,0.765625,256,2545.6530612244896,4096.0
31,3243.140625,0.6640625,256,2905.470588235294,3910.6279069767443
32,2843.34375,0.74609375,256,2417.047120418848,4096.0
33,2943.16796875,0.80078125,256,2667.6878048780486,4050.4901960784314
34,3085.94140625,0.72265625,256,2719.6324324324323,4040.4084507042253
35,2752.36328125,0.921875,256,2642.080508474576,4053.7
36,2902.06640625,0.6796875,256,2363.609195402299,4044.6463414634145
37,3167.859375,0.77734375,256,2902.0100502512564,4096.0
38,2757.19921875,0.78515625,256,2390.860696517413,4096.0
39,3506.72265625,0.71875,256,3276.1358695652175,4096.0
40,3110.01953125,0.71875,256,2724.2010869565215,4096.0
41,3033.02734375,0.796875,256,2762.073529411765,4096.0
42,2507.65625,0.921875,256,2374.6525423728813,4077.1
43,2460.125,0.88671875,256,2259.2290748898677,4032.655172413793
44,2840.1953125,0.81640625,256,2557.7894736842104,4096.0
45,2780.5,0.890625,256,2646.938596491228,3868.0714285714284
46,2980.96875,0.8046875,256,2710.330097087379,4096.0
47,2825.38671875,0.7265625,256,2364.3225806451615,4050.5
48,3190.45703125,0.63671875,256,2673.79754601227,4096.0
49,2990.9453125,0.796875,256,2709.264705882353,4096.0
50,3284.93359375,0.80859375,256,3097.096618357488,4078.4489795918366
51,2448.625,0.890625,256,2273.9122807017543,3871.285714285714
52,2963.86328125,0.76953125,256,2630.979695431472,4075.35593220339
53,2779.6015625,0.8671875,256,2596.3513513513512,3976.1176470588234
54,2339.21484375,0.90625,256,2157.478448275862,4096.0
55,3136.80078125,0.6484375,256,2616.753012048193,4096.0
56,2884.85546875,0.796875,256,2579.7450980392155,4081.826923076923
57,2742.015625,0.9140625,256,2614.735042735043,4095.818181818182
58,2974.296875,0.74609375,256,2592.565445026178,4096.0
59,2505.0859375,0.9296875,256,2384.764705882353,4096.0
60,3276.7734375,0.76953125,256,3034.771573604061,4084.813559322034
61,2928.9609375,0.7890625,256,2626.2178217821784,4061.4444444444443
62,2554.60546875,0.7578125,256,2061.994845360825,4096.0
63,2679.47265625,0.87109375,256,2469.85201793722,4096.0
64,2375.12109375,0.91015625,256,2205.248927038627,4096.0
65,2787.08984375,0.77734375,256,2412.175879396985,4096.0
66,2312.8515625,0.9375,256,2204.75,3934.375
67,2806.23046875,0.83984375,256,2568.0372093023257,4055.2926829268295
68,2606.671875,0.92578125,256,2509.784810126582,3815.2105263157896
69,2652.203125,0.78515625,256,2352.4378109452737,3747.7090909090907
70,2811.34765625,0.796875,256,2507.3627450980393,4003.903846153846
71,2858.1640625,0.81640625,256,2587.2583732057415,4062.8297872340427
72,2334.3359375,0.8359375,256,1993.6822429906542,4070.0476190476193
73,2221.52734375,0.8828125,256,2019.4469026548672,3743.866666666667
74,2669.94140625,0.91015625,256,2529.1716738197424,4096.0
75,2433.18359375,0.82421875,256,2084.905213270142,4066.222222222222
76,2647.5703125,0.90234375,256,2513.4805194805194,3886.56
77,2802.21875,0.8515625,256,2626.9954128440368,3807.4473684210525
78,2724.046875,0.88671875,256,2573.7885462555064,3900.206896551724
79,2847.30859375,0.8125,256,2573.894230769231,4032.1041666666665
80,2385.0078125,0.91796875,256,2262.2595744680852,3758.6190476190477
81,2520.2109375,0.80859375,256,2317.782608695652,3375.3673469387754
82,2642.4453125,0.82421875,256,2407.6018957345973,3743.6
83,2513.24609375,0.828125,256,2244.5849056603774,3807.7045454545455
84,2463.17578125,0.87109375,256,2245.9417040358744,3931.151515151515
85,2870.5,0.84375,256,2667.8333333333335,3964.9
86,2362.484375,0.859375,256,2204.3545454545456,3328.8333333333335
87,2320.390625,0.9296875,256,2187.953781512605,4071.5
88,1767.078125,0.95703125,256,1688.4897959183672,3517.4545454545455
89,2055.26171875,0.9453125,256,1950.0123966942149,3874.5714285714284
90,2647.53125,0.82421875,256,2344.7109004739336,4067.4222222222224
91,3068.11328125,0.75390625,256,2743.880829015544,4061.3968253968255
92,2511.7265625,0.90234375,256,2347.246753246753,4031.52
93,2132.8671875,0.96875,256,2095.560483870968,3289.375
94,2585.875,0.86328125,256,2421.457013574661,3624.057142857143
95,2906.09375,0.80859375,256,2644.845410628019,4009.734693877551
96,2551.60546875,0.83984375,256,2275.0558139534883,4001.8048780487807
97,2341.58203125,0.80859375,256,2022.6280193236714,3689.0
98,2915.6015625,0.89453125,256,2796.6288209606987,3924.6666666666665
99,2167.625,0.81640625,256,1751.468899521531,4018.191489361702
100,2307.3203125,0.8359375,256,2040.252336448598,3668.095238095238
101,2269.796875,0.85546875,256,2053.187214611872,3551.891891891892
102,1801.4453125,0.95703125,256,1719.5265306122449,3626.0
103,2410.921875,0.84375,256,2098.8703703703704,4096.0
104,1979.37109375,0.9375,256,1838.2625,4096.0
105,2516.015625,0.9140625,256,2374.542735042735,4020.7727272727275
106,2406.0546875,0.85546875,256,2149.187214611872,3926.4324324324325
107,1846.86328125,0.953125,256,1790.0204918032787,3002.6666666666665
108,2467.75,0.8828125,256,2266.3893805309735,3984.6666666666665
109,2455.12109375,0.89453125,256,2302.9039301310045,3746.1481481481483
110,2482.6953125,0.86328125,256,2270.891402714932,3820.0857142857144
111,2490.13671875,0.8125,256,2131.793269230769,4042.9583333333335
112,2376.4296875,0.77734375,256,1911.894472361809,3998.2280701754385
113,2374.51171875,0.91796875,256,2255.808510638298,3702.8571428571427
114,2071.87890625,0.91796875,256,1956.476595744681,3363.285714285714
115,2101.453125,0.9140625,256,1919.025641025641,4041.818181818182
116,1892.2109375,0.93359375,256,1744.878661087866,3963.529411764706
117,1977.01171875,0.9375,256,1843.1333333333334,3985.1875
118,1905.80078125,0.9609375,256,1816.7682926829268,4096.0
119,2458.375,0.9296875,256,2351.0672268907565,3877.222222222222
120,2205.41015625,0.83984375,256,1878.4046511627907,3920.1951219512193
121,2323.96875,0.875,256,2268.745535714286,2710.53125
122,2059.515625,0.8828125,256,1905.783185840708,3217.633333333333
123,2037.69921875,0.91796875,256,1882.0382978723405,3779.6190476190477
124,2282.46875,0.875,256,2027.6339285714287,4066.3125
125,2107.83203125,0.8515625,256,1891.940366972477,3346.3684210526317
126,2032.19921875,0.9140625,256,1877.059829059829,3682.318181818182
127,2326.10546875,0.8828125,256,2119.238938053097,3884.5
128,2515.73046875,0.8671875,256,2318.301801801802,3804.823529411765
129,2708.44140625,0.90234375,256,2577.818181818182,3915.4
130,2133.57421875,0.9453125,256,2028.2603305785124,3954.0
131,2438.40625,0.83984375,256,2188.567441860465,3748.5365853658536
132,1691.8984375,0.96484375,256,1613.4331983805669,3845.3333333333335
133,2303.19921875,0.87109375,256,2060.3632286995517,3944.181818181818
134,2053.12109375,0.91796875,256,1886.3574468085105,3919.285714285714
135,1698.1640625,0.93359375,256,1763.5648535564853,778.7058823529412
136,1579.05078125,0.93359375,256,1522.0,2381.1176470588234
137,2439.84375,0.90234375,256,2300.194805194805,3730.2
138,1780.14453125,0.9140625,256,1652.1196581196582,3141.8636363636365
139,2501.1796875,0.890625,256,2343.5570175438597,3784.6785714285716
140,2041.15234375,0.8671875,256,1885.8603603603603,3055.1176470588234
141,1967.57421875,0.93359375,256,1877.702928870293,3231.0588235294117
142,1986.13671875,0.9140625,256,1825.3418803418804,3696.409090909091
143,2064.77734375,0.92578125,256,1939.717299578059,3624.7368421052633
144,2167.3828125,0.82421875,256,1960.8957345971564,3135.5777777777776
145,2091.6640625,0.90234375,256,1951.1991341991343,3389.56
146,2294.9765625,0.87890625,256,2122.24,3548.7096774193546
147,2257.3515625,0.9609375,256,2194.9349593495936,3792.8
148,2009.359375,0.90625,256,2007.1724137931035,2030.5
149,2058.08984375,0.9609375,256,2005.3902439024391,3354.5
150,2080.77734375,0.8359375,256,1812.5794392523364,3447.309523809524
151,2041.5546875,0.9765625,256,2014.984,3148.6666666666665
152,2123.28125,0.88671875,256,2003.387665198238,3061.7586206896553
153,1931.45703125,0.9296875,256,1779.1512605042017,3945.277777777778
154,2258.12109375,0.84765625,256,2057.1843317972352,3376.153846153846
155,2014.515625,0.90234375,256,1813.4199134199134,3872.64
156,1771.08203125,0.97265625,256,1742.2208835341366,2797.714285714286
157,2546.2734375,0.80859375,256,2310.9710144927535,3540.3061224489797
158,1808.6796875,0.921875,256,1741.906779661017,2596.6
159,2195.29296875,0.89453125,256,1975.995633187773,4055.259259259259
160,1940.7109375,0.8671875,256,1744.0855855855855,3224.5588235294117
161,2173.0546875,0.8125,256,1829.25,3662.875
162,2256.12109375,0.921875,256,2222.987288135593,2647.1
163,1915.01953125,0.9140625,256,1741.982905982906,3755.5
164,1515.6484375,0.953125,256,1412.9918032786886,3603.0
165,2379.203125,0.90234375,256,2238.939393939394,3675.24
166,1907.59375,0.97265625,256,1846.0722891566265,4096.0
167,2374.83203125,0.90625,256,2199.331896551724,4071.3333333333335
168,2331.19921875,0.87109375,256,2138.017937219731,3636.6363636363635
169,2004.05078125,0.98046875,256,1964.402390438247,3994.4
170,1850.390625,0.86328125,256,1674.3891402714933,2961.714285714286
171,2134.09375,0.9140625,256,1961.4188034188035,3970.7272727272725
172,1752.984375,0.9609375,256,1699.69918699187,3063.8
173,2080.87890625,0.94140625,256,1955.4564315352698,4096.0
174,2508.78125,0.828125,256,2252.004716981132,3745.9772727272725
175,2204.50390625,0.86328125,256,1941.502262443439,3865.1714285714284
176,1799.3671875,0.8984375,256,1680.9434782608696,2846.9615384615386
177,1920.44921875,0.9453125,256,1815.206611570248,3739.6428571428573
178,2730.48828125,0.86328125,256,2592.343891402715,3602.7714285714287
179,2326.41015625,0.89453125,256,2138.8209606986898,3917.4444444444443
180,2091.98828125,0.85546875,256,1925.5479452054794,3077.135135135135
181,2121.80078125,0.9140625,256,1952.7991452991453,3919.3636363636365
182,1929.11328125,0.96484375,256,1896.9433198380566,2812.0
183,1795.9921875,0.87109375,256,1487.3139013452915,3881.909090909091
184,2083.9921875,0.91015625,256,1943.0772532188842,3511.521739130435
185,2029.18359375,0.921875,256,1936.8983050847457,3118.15
186,1777.4140625,0.94140625,256,1720.701244813278,2688.6
187,2150.15625,0.8671875,256,1934.8243243243244,3556.1470588235293
188,2117.9453125,0.8203125,256,1904.0714285714287,3094.3260869565215
189,1852.1875,0.921875,256,1689.3305084745762,3773.9
190,1935.23828125,0.88671875,256,1816.7973568281939,2862.344827586207
191,1733.46484375,0.953125,256,1642.0122950819673,3593.0
192,1584.1328125,0.98046875,256,1558.1195219123506,2890.0
193,2372.578125,0.84765625,256,2141.1843317972352,3660.076923076923
194,1766.5234375,0.91015625,256,1592.7210300429185,3527.217391304348
195,1908.375,0.890625,256,1705.1008771929824,3563.6071428571427
196,2286.29296875,0.83203125,256,2127.7652582159626,3071.5581395348836
197,2448.5546875,0.79296875,256,2223.0985221674878,3312.0943396226417
198,2116.74609375,0.921875,256,1983.822033898305,3685.25
199,2237.05078125,0.9140625,256,2077.059829059829,3938.7727272727275
200,1737.3046875,0.96484375,256,1681.7449392712551,3262.1111111111113
201,2198.3671875,0.91015625,256,2019.008583690987,4015.3478260869565
202,2069.2421875,0.859375,256,1785.0590909090909,3805.9166666666665
203,1850.90234375,0.8984375,256,1719.4608695652173,3013.653846153846
204,2315.2890625,0.80078125,256,1906.4146341463415,3958.8039215686276
205,1970.35546875,0.91015625,256,1815.9527896995708,3534.521739130435
206,2222.66796875,0.890625,256,2060.495614035088,3543.214285714286
207,1964.40625,0.90625,256,1776.1810344827586,3783.9166666666665
208,2312.140625,0.85546875,256,2045.86301369863,3888.2162162162163
209,1990.59765625,0.796875,256,1812.9166666666667,2687.653846153846
210,2069.89453125,0.90625,256,1919.0991379310344,3527.5833333333335
211,2053.0078125,0.91796875,256,1892.5531914893618,3848.5714285714284
212,1783.69921875,0.89453125,256,1566.2052401746726,3628.3703703703704
213,2179.8828125,0.8203125,256,2023.5619047619048,2893.521739130435
214,1779.8515625,0.9296875,256,1651.3697478991596,3478.6666666666665
215,2135.203125,0.8515625,256,1984.8899082568807,2997.5263157894738
216,2027.8046875,0.89453125,256,1834.0742358078603,3670.925925925926
217,1895.38671875,0.9453125,256,1829.5578512396694,3033.285714285714
218,1458.15625,0.97265625,256,1384.0,4096.0
219,1752.546875,0.92578125,256,1643.2151898734178,3116.315789473684
220,1868.5234375,0.8984375,256,1726.5478260869565,3124.4615384615386
221,2572.12109375,0.828125,256,2295.5330188679245,3904.7727272727275
222,1410.42578125,0.9453125,256,1364.5578512396694,2203.285714285714
223,1435.78125,0.97265625,256,1382.6064257028113,3327.285714285714
224,2150.89453125,0.85546875,256,1958.2922374429224,3290.891891891892
225,2297.64453125,0.7890625,256,2112.5,2990.222222222222
226,1660.3203125,0.9453125,256,1554.2520661157025,3493.785714285714
227,2143.2578125,0.81640625,256,1910.3492822966507,3178.9574468085107
228,1927.87109375,0.84765625,256,1675.0967741935483,3334.3333333333335
229,2160.203125,0.88671875,256,1999.9339207048458,3414.7241379310344
230,1908.7734375,0.90234375,256,1737.1601731601731,3494.48
231,1867.95703125,0.875,256,1586.4955357142858,3838.1875
232,2293.37890625,0.88671875,256,2090.0925110132157,3884.6206896551726
233,1802.04296875,0.96484375,256,1741.7975708502024,3455.4444444444443
234,1950.6796875,0.91796875,256,1794.2723404255319,3700.9523809523807
235,1891.12109375,0.91015625,256,1733.8326180257511,3484.521739130435
236,2024.76953125,0.92578125,256,1900.6160337552742,3573.4210526315787
237,2125.55078125,0.93359375,256,2010.2803347280335,3746.1176470588234
238,2369.04296875,0.796875,256,2013.6960784313726,3763.096153846154
239,1593.1796875,0.9453125,256,1541.719008264463,2482.714285714286
240,2293.65234375,0.9140625,256,2187.8333333333335,3419.181818181818
241,2696.203125,0.81640625,256,2411.555023923445,3961.978723404255
242,1944.35546875,0.859375,256,1739.2863636363636,3197.5555555555557
243,2026.96875,0.8515625,256,1798.4954128440368,3337.684210526316
244,1583.10546875,0.921875,256,1532.6398305084747,2178.6
245,1525.9609375,0.9453125,256,1505.8842975206612,1873.0
246,1860.28515625,0.8359375,256,1663.285046728972,2864.0476190476193
247,1497.1875,0.97265625,256,1469.0602409638554,2497.714285714286
248,1906.328125,0.9140625,256,1841.4615384615386,2596.2727272727275
249,1916.3828125,0.9140625,256,1798.7179487179487,3167.909090909091
250,1436.0078125,0.9296875,256,1303.2857142857142,3190.8888888888887
251,1639.9921875,0.9375,256,1519.8541666666667,3442.0625
252,1810.22265625,0.9453125,256,1710.9710743801652,3525.8571428571427
253,1900.33984375,0.88671875,256,1788.6696035242292,2774.448275862069
254,1605.33984375,0.91015625,256,1526.8497854077252,2400.478260869565
255,1513.875,0.94921875,256,1442.2304526748972,2853.076923076923
256,1918.57421875,0.92578125,256,1839.4008438818566,2906.157894736842
257,1812.21484375,0.9609375,256,1744.4512195121952,3479.2
258,1672.91796875,0.921875,256,1600.6737288135594,2525.4
259,1628.359375,0.96875,256,1569.8951612903227,3440.75
260,1571.44921875,0.96484375,256,1536.4777327935224,2531.222222222222
261,1887.875,0.9140625,256,1776.354700854701,3074.0454545454545
262,1592.53125,0.953125,256,1543.827868852459,2582.8333333333335
263,1458.3203125,0.9140625,256,1435.4444444444443,1701.6363636363637
264,1881.10546875,0.82421875,256,1672.0331753554503,2861.4222222222224
265,1831.73828125,0.88671875,256,1617.9691629955946,3505.0344827586205
266,1648.6484375,0.90625,256,1508.3836206896551,3004.5416666666665
267,2039.89453125,0.87890625,256,1821.1333333333334,3627.6774193548385
268,2340.41015625,0.83984375,256,2098.493023255814,3609.0
269,1840.69921875,0.9296875,256,1707.2100840336134,3605.722222222222
270,2351.890625,0.875,256,2151.9821428571427,3751.25
271,1979.265625,0.80078125,256,1690.439024390244,3140.235294117647
272,1343.0703125,0.953125,256,1327.3032786885246,1663.6666666666667
273,1785.23046875,0.8671875,256,1485.1216216216217,3744.764705882353
274,1749.9765625,0.9140625,256,1679.6965811965813,2497.5
275,1859.12890625,0.9609375,256,1800.1951219512196,3308.9
276,1671.125,0.87890625,256,1621.1777777777777,2033.6451612903227
277,1989.4140625,0.953125,256,1952.950819672131,2730.8333333333335
278,1863.1796875,0.91796875,256,1751.5446808510637,3112.4285714285716
279,1269.015625,0.97265625,256,1245.85140562249,2093.0
280,2271.44140625,0.9296875,256,2213.268907563025,3040.6111111111113
281,1720.15625,0.8359375,256,1537.3317757009345,2651.690476190476
282,1495.4765625,0.92578125,256,1406.8059071729958,2601.5263157894738
283,1569.33984375,0.921875,256,1419.9364406779662,3332.3
284,1739.24609375,0.91796875,256,1654.2468085106384,2690.4285714285716
285,2106.8125,0.81640625,256,1745.0526315789473,3715.4893617021276
286,1306.73828125,0.96875,256,1243.6693548387098,3261.875
287,1723.328125,0.91796875,256,1573.9702127659575,3394.714285714286
288,1582.76171875,0.97265625,256,1573.0843373493976,1927.0
289,1971.94921875,0.8984375,256,1930.2565217391304,2340.769230769231
290,1782.6328125,0.8828125,256,1633.6061946902655,2905.3
291,1895.21875,0.87109375,256,1638.3273542600896,3631.181818181818
292,1277.640625,0.984375,256,1265.5039682539682,2042.25
293,1411.7578125,0.953125,256,1311.9959016393443,3440.25
294,1837.7890625,0.87109375,256,1616.4843049327353,3333.2727272727275
295,1638.62890625,0.91796875,256,1515.8212765957446,3012.904761904762
296,1283.77734375,0.9921875,256,1278.283464566929,1981.5
297,1968.609375,0.890625,256,1929.7412280701753,2285.1071428571427
298,1821.8515625,0.8359375,256,1575.481308411215,3077.1666666666665
299,1817.86328125,0.92578125,256,1661.4894514767932,3768.4210526315787
300,2019.6171875,0.82421875,256,1792.5402843601896,3084.3555555555554
301,1559.3046875,0.96484375,256,1523.5344129554655,2541.0
302,2009.25390625,0.84765625,256,1811.5714285714287,3109.1794871794873
303,2043.921875,0.90234375,256,1920.5930735930735,3183.48
304,1461.265625,0.984375,256,1443.873015873016,2557.0
305,2019.27734375,0.87109375,256,1882.5874439461884,2942.969696969697
306,1675.5625,0.859375,256,1392.090909090909,3407.8888888888887
307,1453.2265625,0.94140625,256,1381.9377593360996,2598.6
308,1438.51171875,0.96484375,256,1389.1255060728745,2793.8888888888887
309,1911.17578125,0.84375,256,1661.2314814814815,3260.875
310,2093.05859375,0.8203125,256,1805.5142857142857,3405.7608695652175
311,1556.7734375,0.9609375,256,1497.7154471544716,3009.6
312,1837.4609375,0.90234375,256,1652.5064935064936,3546.44
313,1551.87109375,0.96875,256,1518.399193548387,2589.5
314,1509.5234375,0.9296875,256,1466.1470588235295,2083.0555555555557
315,1536.76171875,0.93359375,256,1432.9623430962342,2996.0588235294117
316,1884.23046875,0.94140625,256,1807.9336099585062,3110.0666666666666
317,2031.25390625,0.86328125,256,1728.8506787330316,3940.714285714286
318,1558.2109375,0.88671875,256,1448.47577092511,2417.1724137931033
319,2142.55859375,0.890625,256,1918.377192982456,3968.035714285714
320,1732.76171875,0.890625,256,1636.719298245614,2514.8214285714284
321,1662.3359375,0.90625,256,1508.9827586206898,3144.75
322,1765.57421875,0.90234375,256,1620.4675324675325,3106.36
323,1702.88671875,0.953125,256,1598.344262295082,3828.5833333333335
324,1892.50390625,0.8671875,256,1732.7072072072071,2935.8823529411766
325,1327.83984375,0.9765625,256,1297.24,2602.8333333333335
326,2055.890625,0.90234375,256,1926.5194805194806,3251.28
327,1328.1171875,0.8671875,256,1269.445945945946,1711.2058823529412
328,1826.86328125,0.8984375,256,1702.5565217391304,2926.5
329,1339.99609375,0.9453125,256,1238.6735537190082,3091.4285714285716
330,1887.12890625,0.734375,256,1492.6063829787233,2977.8676470588234
331,1681.87890625,0.890625,256,1529.6315789473683,2921.6071428571427
332,1713.04296875,0.90625,256,1536.6379310344828,3418.2916666666665
333,1828.58203125,0.95703125,256,1741.8612244897959,3760.090909090909
334,1654.578125,0.88671875,256,1446.5462555066078,3282.9655172413795
335,1826.2421875,0.90625,256,1696.7327586206898,3078.1666666666665
336,1717.9453125,0.94140625,256,1618.4232365145228,3316.9333333333334
337,1533.45703125,0.96875,256,1483.1733870967741,3092.25
338,1331.8828125,0.98828125,256,1311.0355731225297,3090.0
339,1908.82421875,0.828125,256,1581.5471698113208,3485.7045454545455
340,1642.88671875,0.91015625,256,1628.8669527896996,1784.9130434782608
341,1923.95703125,0.90625,256,1725.9353448275863,3838.1666666666665
342,1707.03125,0.9453125,256,1588.8057851239669,3750.6428571428573
343,1489.92578125,0.890625,256,1535.701754385965,1117.1785714285713
344,1611.0546875,0.8671875,256,1509.4864864864865,2274.235294117647
345,1440.4375,0.91796875,256,1258.6170212765958,3475.095238095238
346,1755.10546875,0.88671875,256,1589.044052863436,3054.9655172413795
347,2129.8125,0.8515625,256,1949.1376146788991,3166.315789473684
348,1399.45703125,0.91796875,256,1382.5446808510637,1588.7142857142858
349,1804.43359375,0.9765625,256,1762.344,3558.1666666666665
350,1796.11328125,0.91015625,256,1681.74678111588,2954.695652173913
351,1781.37890625,0.87890625,256,1632.2444444444445,2863.8064516129034
352,1454.39453125,0.95703125,256,1389.1387755102041,2907.818181818182
353,2345.08984375,0.8984375,256,2230.0173913043477,3363.0384615384614
354,1720.55078125,0.84375,256,1592.037037037037,2414.525
355,1503.23828125,0.94921875,256,1389.1440329218108,3635.923076923077
356,1541.35546875,0.91796875,256,1421.659574468085,2880.809523809524
357,1992.921875,0.88671875,256,1856.2995594713657,3062.344827586207
358,1783.44140625,0.83984375,256,1464.8046511627906,3454.3414634146343
359,1965.55078125,0.83984375,256,1771.832558139535,2981.390243902439
360,1571.0546875,0.93359375,256,1462.7866108786611,3093.176470588235
361,1756.5234375,0.87109375,256,1606.4125560538116,2770.909090909091
362,1658.58984375,0.91796875,256,1602.8808510638298,2282.0
363,1669.3046875,0.859375,256,1457.5681818181818,2963.25
364,1734.7109375,0.890625,256,1663.8947368421052,2311.3571428571427
365,1393.1015625,0.921875,256,1352.7966101694915,1868.7
366,1343.08984375,0.90625,256,1323.4525862068965,1532.9166666666667
367,1213.78125,0.984375,256,1179.4166666666667,3378.75
368,1618.34765625,0.90234375,256,1490.922077922078,2795.76
369,1506.08203125,0.8828125,256,1386.8893805309735,2404.0
370,1935.61328125,0.875,256,1722.763392857143,3425.5625
371,1366.64453125,0.8828125,256,1242.58407079646,2301.233333333333
372,1501.9453125,0.91015625,256,1384.2231759656652,2694.521739130435
373,1721.6953125,0.86328125,256,1493.4343891402716,3163.0
374,1458.65234375,0.9296875,256,1379.6008403361345,2503.8888888888887
375,1650.53125,0.93359375,256,1609.0251046025105,2234.0588235294117
376,1208.046875,0.9140625,256,1120.2008547008547,2142.409090909091
377,1899.47265625,0.92578125,256,1770.240506329114,3511.4736842105262
378,1668.0390625,0.8828125,256,1443.9380530973451,3356.266666666667
379,1565.62890625,0.94140625,256,1466.5726141078837,3157.133333333333
380,1717.3359375,0.92578125,256,1675.0759493670887,2244.4736842105262
381,1518.55078125,0.81640625,256,1391.5358851674641,2083.3617021276596
382,1496.2734375,0.8515625,256,1395.9449541284403,2071.842105263158
383,1539.92578125,0.9296875,256,1437.9411764705883,2888.3888888888887
384,1536.72265625,0.83984375,256,1421.093023255814,2143.0731707317073
385,996.1171875,0.984375,256,976.8253968253969,2211.5
386,1381.515625,0.96875,256,1343.0564516129032,2573.75
387,1484.5546875,0.86328125,256,1236.89592760181,3048.342857142857
388,1501.734375,0.91015625,256,1288.206008583691,3664.8695652173915
389,1368.671875,0.96484375,256,1315.6315789473683,2824.3333333333335
390,1771.5390625,0.89453125,256,1577.475982532751,3417.4814814814813
391,1873.7265625,0.828125,256,1776.7216981132076,2341.1136363636365
392,1411.59375,0.953125,256,1350.122950819672,2661.5
393,1374.19921875,0.85546875,256,1318.1735159817351,1705.8108108108108
394,1604.12890625,0.921875,256,1461.8389830508474,3283.15
395,1726.234375,0.88671875,256,1614.6740088105728,2599.4827586206898
396,1408.80859375,0.95703125,256,1358.5061224489796,2529.181818181818
397,1431.6171875,0.921875,256,1338.542372881356,2529.9
398,1409.78515625,0.95703125,256,1333.2693877551021,3114.0
399,1664.71875,0.8828125,256,1483.216814159292,3032.0333333333333
400,1444.5078125,0.8671875,256,1354.5585585585586,2031.8235294117646
401,1406.7109375,0.9375,256,1297.1916666666666,3049.5
402,1676.1015625,0.875,256,1594.1651785714287,2249.65625
403,1461.78515625,0.91796875,256,1365.8978723404255,2534.809523809524
404,1685.34765625,0.91015625,256,1543.2875536480688,3124.478260869565
405,1618.93359375,0.953125,256,1510.0696721311476,3832.5
406,1629.30859375,0.94921875,256,1553.1275720164608,3053.3076923076924
407,1953.9765625,0.87109375,256,1680.8385650224216,3799.7272727272725
408,1170.2734375,0.98046875,256,1154.6573705179283,1954.2
409,1340.56640625,0.84765625,256,1183.589861751152,2214.0
410,1373.9296875,0.87890625,256,1331.3377777777778,1683.0645161290322
411,1417.3671875,0.96875,256,1372.233870967742,2816.5
412,1900.65234375,0.84375,256,1797.8703703703704,2455.675
413,1674.078125,0.8828125,256,1502.0265486725664,2970.2
414,1576.3671875,0.90625,256,1428.4181034482758,3006.5416666666665
415,1601.98828125,0.9140625,256,1426.4273504273503,3469.318181818182
416,1924.7265625,0.765625,256,1609.8469387755101,2953.3333333333335
417,1354.0859375,0.8984375,256,1216.7260869565218,2569.1923076923076
418,1638.16015625,0.90234375,256,1439.7272727272727,3471.68
419,1385.34375,0.9375,256,1354.0583333333334,1854.625
420,1216.26171875,0.94921875,256,1167.7366255144034,2123.3076923076924
421,1719.2421875,0.85546875,256,1581.310502283105,2535.6486486486488
422,1531.73828125,0.9296875,256,1424.735294117647,2946.5555555555557
423,1659.21875,0.91015625,256,1585.381974248927,2407.217391304348
424,1677.74609375,0.8671875,256,1567.3693693693695,2398.4411764705883
425,1415.3359375,0.84375,256,1288.3703703703704,2100.95
426,1341.8984375,0.96875,256,1337.1451612903227,1489.25
427,1093.65625,0.94921875,256,979.5020576131687,3227.4615384615386
428,1550.4921875,0.9140625,256,1463.957264957265,2470.909090909091
429,1251.43359375,0.96875,256,1178.907258064516,3499.75
430,1511.63671875,0.93359375,256,1401.2761506276152,3063.176470588235
431,1515.5625,0.77734375,256,1215.537688442211,2563.0175438596493
432,1378.60546875,0.91015625,256,1221.480686695279,2970.3478260869565
433,1290.73828125,0.828125,256,1228.0707547169811,1592.6818181818182
434,1680.99609375,0.77734375,256,1455.5226130653266,2468.1754385964914
435,1155.62890625,0.9375,256,1046.3,2795.5625
436,1511.8046875,0.921875,256,1487.8177966101696,1794.85
437,1769.34375,0.90234375,256,1668.1904761904761,2704.0
438,1542.99609375,0.9296875,256,1365.9117647058824,3884.4444444444443
439,1662.37890625,0.83203125,256,1562.305164319249,2158.093023255814
440,1514.09765625,0.92578125,256,1361.451476793249,3418.157894736842
441,1734.42578125,0.890625,256,1596.7280701754387,2855.6785714285716
442,1758.1875,0.890625,256,1640.232456140351,2718.6785714285716
443,1459.2265625,0.90625,256,1368.2112068965516,2339.0416666666665
444,1786.14453125,0.828125,256,1643.995283018868,2471.0454545454545
445,1702.22265625,0.8125,256,1409.6298076923076,2970.125
446,1324.77734375,0.83203125,256,1211.887323943662,1883.9767441860465
447,1622.46875,0.875,256,1358.9776785714287,3466.90625
448,1429.1953125,0.921875,256,1322.5169491525423,2688.0
449,1346.546875,0.91796875,256,1236.8553191489361,2574.0476190476193
450,1401.73046875,0.91015625,256,1357.9527896995708,1845.2173913043478
451,1401.890625,0.96875,256,1389.9596774193549,1771.75
452,1752.046875,0.90625,256,1562.4956896551723,3584.375
453,1616.69140625,0.8984375,256,1536.1739130434783,2328.9615384615386
454,1307.6015625,0.91015625,256,1235.510729613734,2037.9130434782608
455,1400.5859375,0.921875,256,1243.5211864406779,3253.95
456,1425.109375,0.828125,256,1178.25,2614.5227272727275
457,1570.921875,0.84375,256,1426.5324074074074,2350.625
458,1213.6640625,0.953125,256,1189.467213114754,1705.6666666666667
459,1253.05078125,0.96875,256,1197.4879032258063,2975.5
460,1633.44140625,0.88671875,256,1445.8986784140968,3101.448275862069
461,1421.8359375,0.8046875,256,1341.2475728155339,1753.86
462,1083.71484375,0.96484375,256,1029.7773279352227,2564.0
463,1611.16796875,0.88671875,256,1476.488986784141,2665.3793103448274
464,1317.41796875,0.91015625,256,1130.0557939914163,3215.478260869565
465,1161.2890625,0.94140625,256,1110.2572614107885,1981.2
466,1378.78515625,0.92578125,256,1239.4261603375528,3117.1052631578946
467,1288.8359375,0.953125,256,1233.0040983606557,2424.0833333333335
468,1580.39453125,0.87890625,256,1376.7022222222222,3058.8064516129034
469,1800.75390625,0.84765625,256,1630.6359447004609,2747.3076923076924
470,1453.36328125,0.9609375,256,1387.6463414634147,3070.0
471,1223.0625,0.94140625,256,1186.3651452282159,1812.6666666666667
472,1334.5234375,0.95703125,256,1293.3714285714286,2251.090909090909
473,1561.515625,0.84375,256,1460.7083333333333,2105.875
474,1588.10546875,0.98046875,256,1548.3386454183267,3584.4
475,1214.828125,0.953125,256,1187.47131147541,1771.0833333333333
476,1538.91796875,0.90625,256,1505.7758620689656,1859.2916666666667
477,1450.49609375,0.83203125,256,1389.2206572769953,1754.0232558139535
478,1486.875,0.91015625,256,1396.0042918454935,2407.4347826086955
479,1389.640625,0.90625,256,1248.5689655172414,2753.3333333333335
480,1310.83984375,0.97265625,256,1267.5903614457832,2849.285714285714
481,1194.3046875,0.8984375,256,1162.291304347826,1477.5
482,1368.171875,0.95703125,256,1319.3102040816327,2456.4545454545455
483,1753.5,0.8984375,256,1563.4565217391305,3434.653846153846
484,965.19140625,0.9609375,256,939.630081300813,1594.0
485,1562.7890625,0.8984375,256,1511.7956521739131,2013.8846153846155
486,1441.40234375,0.9453125,256,1378.5289256198348,2528.214285714286
487,1760.53515625,0.80078125,256,1552.7658536585366,2595.6862745098038
488,1289.6875,0.8828125,256,1186.3761061946902,2067.9666666666667
489,1371.4609375,0.87890625,256,1233.2622222222221,2374.516129032258
490,1499.7890625,0.90625,256,1371.0387931034484,2744.375
491,1315.8046875,0.96484375,256,1268.8259109311741,2605.1111111111113
492,1329.21484375,0.921875,256,1243.0042372881355,2346.5
493,1290.96875,0.83203125,256,1175.7699530516431,1861.6046511627908
494,972.61328125,0.96484375,256,901.0,2938.0
495,1671.59765625,0.9296875,256,1607.9285714285713,2513.4444444444443
496,1273.78515625,0.921875,256,1227.449152542373,1820.55
497,1117.8359375,0.890625,256,1077.1184210526317,1449.392857142857
498,1024.3671875,0.97265625,256,998.7389558232932,1936.0
499,1293.21875,0.98046875,256,1286.0916334661354,1651.0
500,1462.859375,0.9296875,256,1395.3361344537816,2355.6666666666665
501,1284.890625,0.88671875,256,1216.726872246696,1818.448275862069
502,1334.796875,0.9609375,256,1297.7967479674796,2245.0
503,1119.96484375,0.93359375,256,1026.7531380753137,2430.4117647058824
504,1106.51953125,0.95703125,256,1035.3428571428572,2691.818181818182
505,1196.06640625,0.9296875,256,1101.5,2446.4444444444443
506,1365.515625,0.8359375,256,1267.1495327102805,1866.7142857142858
507,1351.875,0.93359375,256,1248.7280334728034,2802.0
508,1116.13671875,0.90234375,256,1053.5454545454545,1694.48
509,1312.9453125,0.8828125,256,1249.3008849557523,1792.4
510,1739.921875,0.8828125,256,1602.7300884955753,2773.4333333333334
511,1528.83984375,0.890625,256,1310.4122807017543,3307.464285714286
512,1196.4453125,0.94921875,256,1177.111111111111,1557.8461538461538
513,1031.98046875,0.9609375,256,1010.1382113821138,1569.3
514,1430.65234375,0.88671875,256,1350.8942731277532,2054.9655172413795
515,1527.984375,0.8671875,256,1294.7522522522522,3050.8529411764707
516,1740.578125,0.8359375,256,1494.2196261682243,2995.8333333333335
517,1373.5078125,0.94921875,256,1292.9012345679012,2880.230769230769
518,1308.01171875,0.8125,256,1206.951923076923,1745.9375
519,1534.24609375,0.875,256,1460.0,2053.96875
520,1260.7421875,0.90625,256,1099.125,2823.0416666666665
521,1233.984375,0.953125,256,1205.266393442623,1817.9166666666667
522,1260.81640625,0.9453125,256,1163.8429752066115,2937.0714285714284
523,1250.21484375,0.91015625,256,1138.9527896995708,2377.3478260869565
524,1642.90234375,0.8359375,256,1359.0420560747664,3089.2380952380954
525,1297.35546875,0.9609375,256,1228.5243902439024,2990.6
526,1228.98046875,0.9296875,256,1138.2689075630253,2428.3888888888887
527,1264.18359375,0.9609375,256,1227.8536585365853,2157.9
528,1559.53515625,0.8828125,256,1319.1725663716813,3370.266666666667
529,1585.44140625,0.84375,256,1373.763888888889,2728.5
530,1271.6875,0.95703125,256,1231.8530612244897,2158.909090909091
531,1281.9296875,0.921875,256,1060.4322033898304,3895.6
532,1593.61328125,0.90625,256,1468.0603448275863,2807.2916666666665
533,1480.4140625,0.9296875,256,1400.361344537815,2538.8888888888887
534,1368.87109375,0.94921875,256,1289.7654320987654,2847.5384615384614
535,1869.75390625,0.83984375,256,1679.874418604651,2865.4634146341464
536,1347.140625,0.85546875,256,1161.447488584475,2446.2432432432433
537,1280.8828125,0.90234375,256,1151.1471861471862,2479.64
538,1427.37890625,0.9609375,256,1400.7479674796748,2082.5
539,1610.90625,0.91015625,256,1553.107296137339,2196.4347826086955
540,1192.171875,0.92578125,256,1097.042194092827,2378.7894736842104
541,1142.09765625,0.89453125,256,1077.6026200873362,1689.111111111111
542,1418.89453125,0.8671875,256,1414.972972972973,1444.5
543,1134.93359375,0.98046875,256,1132.565737051793,1253.8
544,1536.7109375,0.9140625,256,1469.2222222222222,2254.5454545454545
545,1017.6328125,0.9921875,256,997.4724409448819,3578.0
546,1367.30078125,0.87890625,256,1066.7644444444445,3548.6129032258063
547,1363.21484375,0.95703125,256,1327.2122448979592,2165.090909090909
548,1600.9765625,0.9140625,256,1489.9957264957266,2781.409090909091
549,1519.86328125,0.9375,256,1433.6875,2812.5
550,1374.078125,0.88671875,256,1281.2819383259912,2100.448275862069
551,1379.9296875,0.8671875,256,1299.6486486486488,1904.1176470588234
552,1356.34765625,0.91796875,256,1217.4808510638297,2910.3333333333335
553,1000.61328125,0.9921875,256,999.9645669291339,1083.0
554,1281.8984375,0.89453125,256,1192.532751091703,2039.851851851852
555,1068.8203125,0.90625,256,987.5431034482758,1854.5
556,1241.35546875,0.9453125,256,1185.404958677686,2208.5
557,1344.25,0.890625,256,1223.938596491228,2323.9285714285716
558,1068.0390625,0.96875,256,1056.7056451612902,1419.375
559,1005.35546875,0.98046875,256,978.1553784860557,2370.8
560,1380.21875,0.8671875,256,1287.2117117117118,1987.5
561,1159.08203125,0.859375,256,1044.8363636363636,1857.25
562,1636.82421875,0.8359375,256,1466.5327102803737,2504.5
563,1190.32421875,0.9375,256,1141.3208333333334,1925.375
564,1391.80078125,0.9296875,256,1307.1932773109243,2510.5
565,1710.1796875,0.859375,256,1667.1090909090908,1973.388888888889
566,1325.8515625,0.91015625,256,1112.6695278969958,3485.478260869565
567,1406.81640625,0.92578125,256,1314.0168776371308,2564.3684210526317
568,1428.44921875,0.87890625,256,1355.4,1958.6451612903227
569,1450.62890625,0.8984375,256,1349.1913043478262,2347.9615384615386
570,780.359375,0.98828125,256,778.1225296442688,969.0
571,1123.8828125,0.953125,256,1069.2295081967213,2235.1666666666665
572,1101.30078125,0.859375,256,1042.1409090909092,1462.8333333333333
573,1228.4765625,0.9296875,256,1105.4117647058824,2855.6666666666665
574,1422.37890625,0.92578125,256,1331.5991561181434,2554.7368421052633
575,1302.15625,0.94921875,256,1240.8395061728395,2448.3076923076924
576,1277.1015625,0.8828125,256,1151.8141592920354,2220.9333333333334
577,1033.92578125,0.96484375,256,1008.6356275303643,1728.0
578,1318.8984375,0.9375,256,1267.3666666666666,2091.875
579,1601.1796875,0.9140625,256,1503.2820512820513,2642.4545454545455
580,1168.5,0.9140625,256,1047.91452991453,2451.090909090909
581,1459.1015625,0.7734375,256,1440.5757575757575,1522.344827586207
582,1051.71875,0.87890625,256,966.4177777777778,1670.8387096774193
583,1612.6015625,0.85546875,256,1387.3835616438357,2945.6486486486488
584,1195.53515625,0.94140625,256,1150.1576763485477,1924.6
585,1205.44921875,0.9375,256,1042.3375,3652.125
586,1328.31640625,0.9453125,256,1294.7272727272727,1908.9285714285713
587,1597.6953125,0.88671875,256,1449.4669603524228,2757.9655172413795
588,1238.81640625,0.93359375,256,1159.2803347280335,2357.0
589,1290.60546875,0.9375,256,1259.6541666666667,1754.875
590,1312.640625,0.90234375,256,1241.4242424242425,1970.68
591,858.828125,0.8515625,256,796.8348623853211,1214.4736842105262
592,1090.76953125,0.8984375,256,987.4695652173913,2004.576923076923
593,1418.3515625,0.9140625,256,1347.1752136752136,2175.409090909091
594,1210.85546875,0.96875,256,1188.8266129032259,1893.75
595,1066.13671875,0.86328125,256,1045.4343891402716,1196.857142857143
596,1173.078125,0.96484375,256,1121.9352226720648,2576.6666666666665
597,1212.1328125,0.9375,256,1125.5333333333333,2511.125
598,1070.8515625,0.90625,256,1002.3534482758621,1733.0
599,1110.7109375,0.95703125,256,1027.408163265306,2966.090909090909
600,1083.03515625,0.91015625,256,1080.7038626609442,1106.6521739130435
601,1197.0390625,0.91015625,256,1138.5150214592275,1789.9130434782608
602,1416.9140625,0.87109375,256,1325.0313901345291,2037.8181818181818
603,890.3125,0.953125,256,859.4262295081967,1518.3333333333333
604,1244.38671875,0.84765625,256,1126.9723502304148,1897.6923076923076
605,1240.890625,0.875,256,1096.9375,2248.5625
606,1193.46875,0.8984375,256,1110.595652173913,1926.576923076923
607,1311.85546875,0.8984375,256,1182.3608695652174,2457.3846153846152
608,1216.01171875,0.8671875,256,1026.3693693693695,2454.264705882353
609,1087.28125,0.9375,256,1051.8958333333333,1618.0625
610,1040.34375,0.97265625,256,992.5903614457832,2739.0
611,1316.3046875,0.8984375,256,1250.2565217391304,1900.576923076923
612,1277.26953125,0.91796875,256,1148.9191489361701,2713.5714285714284
613,1167.0703125,0.8671875,256,978.2207207207207,2400.1470588235293
614,1328.8828125,0.890625,256,1297.0657894736842,1587.9642857142858
615,1186.93359375,0.91015625,256,1151.4206008583692,1546.695652173913
616,1152.37109375,0.86328125,256,1035.923076923077,1887.6571428571428
617,1018.9453125,0.94140625,256,994.7842323651453,1407.1333333333334
618,1166.8828125,0.91796875,256,1114.2553191489362,1755.8095238095239
619,1328.78515625,0.91015625,256,1192.7725321888413,2706.6521739130435
620,1378.53125,0.8359375,256,1135.677570093458,2615.9285714285716
621,1355.69921875,0.9453125,256,1303.814049586777,2252.5714285714284
622,1186.92578125,0.88671875,256,1034.0176211453745,2383.8275862068967
623,1183.7421875,0.94140625,256,1016.3900414937759,3872.5333333333333
624,1015.57421875,0.87890625,256,902.6755555555555,1835.0
625,1323.32421875,0.9375,256,1259.0291666666667,2287.75
626,1065.515625,0.83984375,256,990.5209302325582,1458.780487804878
627,1068.13671875,0.92578125,256,966.42194092827,2336.8947368421054
628,1092.4375,0.91015625,256,1002.1845493562232,2006.7391304347825
629,1099.53515625,0.953125,256,1066.3360655737704,1774.5833333333333
630,1242.4296875,0.93359375,256,1172.8451882845188,2220.705882352941
631,798.83203125,0.8828125,256,778.4955752212389,952.0333333333333
632,1097.0546875,0.84765625,256,1020.221198156682,1524.5641025641025
633,1283.5859375,0.8984375,256,1233.791304347826,1724.076923076923
634,921.72265625,0.953125,256,842.3237704918033,2536.1666666666665
635,1138.44921875,0.86328125,256,826.5746606334842,3107.714285714286
636,1420.1796875,0.83203125,256,1079.9906103286385,3105.3023255813955
637,1128.81640625,0.90625,256,1016.875,2210.9166666666665
638,1185.3671875,0.80859375,256,1165.9565217391305,1267.3673469387754
639,1046.62109375,0.85546875,256,1078.2511415525114,859.4054054054054
640,1189.85546875,0.90234375,256,1146.95670995671,1586.24
641,853.57421875,0.89453125,256,752.5414847161572,1710.4814814814815
642,1031.9921875,0.83203125,256,864.6431924882629,1860.953488372093
643,1179.015625,0.87109375,256,1020.3497757847533,2251.212121212121
644,1188.0546875,0.953125,256,1130.72131147541,2353.8333333333335
645,971.19921875,0.875,256,842.90625,1869.25
646,1098.5,0.9375,256,1073.1916666666666,1478.125
647,1350.14453125,0.8125,256,1025.6923076923076,2756.1041666666665
648,752.9375,0.921875,256,766.3305084745763,594.9
649,1094.203125,0.8671875,256,1029.554054054054,1516.3235294117646
650,1002.09765625,0.859375,256,972.8590909090909,1180.7777777777778
651,833.73046875,0.96484375,256,831.6153846153846,891.7777777777778
652,1160.37890625,0.93359375,256,1093.7154811715482,2097.5882352941176
653,1249.234375,0.890625,256,1014.0350877192982,3164.4285714285716
654,732.15234375,0.9765625,256,719.368,1264.8333333333333
655,1102.3125,0.94140625,256,1018.7053941908714,2445.6
656,1063.8125,0.88671875,256,988.1277533039647,1656.2413793103449
657,1329.3515625,0.87890625,256,1189.5777777777778,2343.8387096774195
658,1109.2890625,0.890625,256,1017.1535087719299,1859.5357142857142
659,1005.02734375,0.94921875,256,937.2222222222222,2272.4615384615386
660,1303.390625,0.875,256,1162.111607142857,2292.34375
661,2161.08203125,0.41015625,256,1678.2571428571428,2496.82119205298
662,2357.3359375,0.33203125,256,2121.670588235294,2474.4795321637425
663,1490.1953125,0.515625,256,1319.871212121212,1671.508064516129
664,1612.12109375,0.4296875,256,1077.4818181818182,2014.9315068493152
665,1625.671875,0.4921875,256,1213.452380952381,2025.2076923076922
666,1594.80078125,0.484375,256,1175.483870967742,1988.7045454545455
667,1886.421875,0.3671875,256,978.6595744680851,2413.1481481481483
668,2354.90625,0.390625,256,1801.05,2709.9423076923076
669,1986.25390625,0.4296875,256,1551.7272727272727,2313.6369863013697
670,2039.5390625,0.2890625,256,1179.9324324324325,2389.0494505494507
671,1966.546875,0.50390625,256,1607.4341085271317,2331.314960629921
672,2426.5546875,0.40625,256,2187.0576923076924,2590.4210526315787
673,2030.8671875,0.20703125,256,1596.5283018867924,2144.266009852217
674,1810.1953125,0.28125,256,1573.9583333333333,1902.6358695652175
675,1873.52734375,0.3125,256,1207.075,2176.4602272727275
676,1694.6015625,0.4765625,256,1103.172131147541,2233.0671641791046
677,2442.8671875,0.43359375,256,1740.3423423423424,2980.6620689655174
678,2217.96875,0.26953125,256,1546.376811594203,2465.775401069519
679,2006.55078125,0.453125,256,1789.0775862068965,2186.7428571428572
680,2063.8203125,0.3671875,256,1782.1914893617022,2227.2345679012346
681,2445.03125,0.4765625,256,1878.139344262295,2961.1567164179105
682,1843.75,0.44140625,256,1227.1946902654868,2330.958041958042
683,1735.87109375,0.24609375,256,1089.1904761904761,1946.9637305699482
684,2264.62109375,0.3984375,256,2045.264705882353,2409.909090909091
685,1628.0859375,0.390625,256,1061.84,1991.0641025641025
686,2174.99609375,0.34765625,256,1775.0786516853932,2388.125748502994
687,2150.54296875,0.1484375,256,1306.5263157894738,2297.6651376146788
688,1935.1171875,0.3515625,256,1540.5,2149.0662650602408
689,1689.80078125,0.4453125,256,979.3684210526316,2260.1478873239435
690,2051.45703125,0.45703125,256,1102.982905982906,2849.8129496402876
691,1431.90625,0.421875,256,1034.8333333333333,1721.662162162162
692,1707.76953125,0.54296875,256,1461.2877697841727,2000.5982905982905
693,1675.81640625,0.34375,256,1407.1818181818182,1816.529761904762
694,2155.09375,0.3359375,256,1151.3837209302326,2662.8529411764707
695,1690.30859375,0.42578125,256,1123.4770642201836,2110.612244897959
696,1839.40625,0.4296875,256,1493.4636363636364,2100.0479452054797
697,1627.41796875,0.359375,256,1190.695652173913,1872.408536585366
698,1582.64453125,0.35546875,256,1036.032967032967,1884.1090909090908
699,1621.4609375,0.3671875,256,1073.468085106383,1939.432098765432
700,1832.3515625,0.296875,256,1347.2631578947369,2037.1666666666667
701,1813.11328125,0.43359375,256,1298.1081081081081,2207.3586206896553
702,1637.66015625,0.53125,256,936.5882352941177,2432.2083333333335
703,1622.78515625,0.5,256,970.0546875,2275.515625
704,1581.28515625,0.30859375,256,1010.0759493670886,1836.231638418079
705,1575.859375,0.42578125,256,1199.440366972477,1854.9727891156463
706,1729.17578125,0.375,256,1342.8125,1960.99375
707,1845.6796875,0.2734375,256,1423.2714285714285,2004.6505376344087
708,1703.8359375,0.328125,256,860.0,2115.9418604651164
709,1605.17578125,0.5546875,256,1271.387323943662,2020.9473684210527
710,1191.5390625,0.48828125,256,1059.96,1317.0916030534352
711,1862.33984375,0.41015625,256,1412.152380952381,2175.384105960265
712,1928.47265625,0.34765625,256,1510.3932584269662,2151.2814371257487
713,1850.796875,0.43359375,256,1293.7657657657658,2277.213793103448
714,1297.5859375,0.4375,256,921.9017857142857,1589.7847222222222
715,2153.55078125,0.48046875,256,1379.0325203252032,2869.8345864661655
716,1927.30859375,0.44921875,256,1205.5478260869565,2515.978723404255
717,2158.40234375,0.30859375,256,1871.139240506329,2286.6158192090397
718,2082.06640625,0.32421875,256,1298.144578313253,2458.1676300578033
719,1931.0703125,0.23828125,256,1261.4754098360656,2140.5333333333333
720,1450.3046875,0.4765625,256,686.672131147541,2145.5522388059703
721,1430.36328125,0.609375,256,1131.4935897435898,1896.6
722,1859.8671875,0.61328125,256,1230.9745222929937,2857.2020202020203
723,2068.90625,0.25,256,1390.71875,2294.96875
724,1671.98828125,0.52734375,256,1020.1111111111111,2399.289256198347
725,1935.87890625,0.29296875,256,1119.9466666666667,2273.972375690608
726,1872.84375,0.39453125,256,1212.1386138613861,2303.367741935484
727,2389.48046875,0.40625,256,1868.326923076923,2746.059210526316
728,2103.6328125,0.390625,256,1377.76,2568.9358974358975
729,2958.58203125,0.16015625,256,2505.1463414634145,3045.0511627906976
730,2503.890625,0.1796875,256,1529.9347826086957,2717.233333333333
731,3047.34765625,0.04296875,256,2640.090909090909,3065.6326530612246
732,3258.296875,0.12109375,256,2069.1935483870966,3422.128888888889
733,2778.96875,0.14453125,256,2218.810810810811,2873.607305936073
734,2999.0234375,0.1015625,256,2879.9615384615386,3012.4826086956523
735,2816.21875,0.15234375,256,2071.5641025641025,2950.0506912442397
736,2301.03125,0.22265625,256,1915.982456140351,2411.321608040201
737,2751.20703125,0.2578125,256,1831.7424242424242,3070.6
738,2287.10546875,0.3671875,256,1447.7446808510638,2774.141975308642
739,1884.234375,0.1953125,256,1446.66,1990.4417475728155
740,2051.9921875,0.36328125,256,1504.8709677419354,2364.153374233129
741,2422.4609375,0.2578125,256,2286.1363636363635,2469.815789473684
742,2524.01171875,0.19140625,256,2371.938775510204,2560.009661835749
743,2112.0390625,0.3359375,256,1955.7674418604652,2191.0941176470587
744,2826.8671875,0.10546875,256,1423.0740740740741,2992.3799126637555
745,2626.29296875,0.19140625,256,2309.1632653061224,2701.3623188405795
746,2971.453125,0.14453125,256,2148.4594594594596,3110.497716894977
747,2718.02734375,0.1015625,256,2303.0,2764.9434782608696
748,2820.47265625,0.26171875,256,1954.2985074626865,3127.5291005291006
749,2381.1953125,0.25390625,256,1799.7230769230769,2579.0785340314137
750,2584.375,0.1484375,256,1840.2368421052631,2714.087155963303
751,3090.14453125,0.203125,256,2633.653846153846,3206.5049019607845
752,2795.9921875,0.171875,256,1942.3181818181818,2973.169811320755
753,1902.0078125,0.19921875,256,1171.7843137254902,2083.673170731707
754,2820.0703125,0.14453125,256,2612.810810810811,2855.0867579908677
755,2604.22265625,0.33203125,256,2208.0235294117647,2801.1637426900584
756,3044.0234375,0.2578125,256,1920.4242424242425,3434.3263157894735
757,3168.2578125,0.16015625,256,2092.0975609756097,3373.479069767442
758,2402.2265625,0.25390625,256,1685.2923076923078,2646.2094240837696
759,2682.87890625,0.32421875,256,1694.8433734939758,3156.907514450867
760,2627.4609375,0.1328125,256,1350.6176470588234,2823.0135135135133
761,2551.96875,0.2734375,256,1934.6,2784.3118279569894
762,2772.43359375,0.12109375,256,2305.3225806451615,2836.791111111111
763,2742.30859375,0.3125,256,1862.1875,3142.3636363636365
764,2665.76171875,0.1328125,256,1320.6470588235295,2871.7702702702704
765,2880.6796875,0.1796875,256,1583.2391304347825,3164.8809523809523
766,2391.49609375,0.2421875,256,1864.6612903225807,2559.865979381443
767,2943.16015625,0.13671875,256,1490.6,3173.2036199095023
768,2688.41015625,0.01953125,256,1625.0,2709.593625498008
769,2707.51953125,0.16796875,256,1777.906976744186,2895.18779342723
770,2583.17578125,0.12109375,256,2745.6451612903224,2560.791111111111
771,3063.08984375,0.1171875,256,2040.5,3198.83185840708
772,2944.56640625,0.125,256,2241.28125,3045.035714285714
773,2839.05078125,0.08203125,256,1142.4285714285713,2990.663829787234
774,2588.84765625,0.3046875,256,1635.448717948718,3006.629213483146
775,2788.44140625,0.24609375,256,2280.968253968254,2954.0932642487046
776,2762.72265625,0.22265625,256,1988.1754385964912,2984.577889447236
777,3402.93359375,0.1171875,256,3189.4,3431.278761061947
778,2706.68359375,0.21484375,256,2184.2727272727275,2849.63184079602
779,2708.22265625,0.1640625,256,1810.0714285714287,2884.495327102804
780,2803.015625,0.3125,256,1690.0125,3308.9261363636365
781,3076.890625,0.19140625,256,1751.6530612244899,3390.5942028985505
782,2912.41796875,0.2734375,256,1946.3,3276.010752688172
783,2942.58203125,0.35546875,256,2098.802197802198,3407.939393939394
784,3293.89453125,0.12890625,256,2852.0,3359.2869955156953
785,2510.99609375,0.140625,256,2211.3611111111113,2560.0272727272727
786,3202.30078125,0.15234375,256,1981.7692307692307,3421.6589861751154
787,2638.49609375,0.16796875,256,1721.7674418604652,2823.56338028169
788,2907.66796875,0.1328125,256,1789.0882352941176,3078.981981981982
789,2490.92578125,0.2109375,256,1302.851851851852,2808.529702970297
790,2780.12890625,0.26171875,256,2189.9701492537315,2989.3386243386244
791,2405.58203125,0.24609375,256,1904.015873015873,2569.3056994818653
792,3261.30859375,0.1640625,256,2550.595238095238,3400.7943925233644
793,2932.05078125,0.14453125,256,1422.5135135135135,3187.0867579908677
794,2579.8671875,0.14453125,256,1712.2432432432433,2726.4520547945203
795,2683.01171875,0.1953125,256,1748.16,2909.9174757281553
796,3167.890625,0.19140625,256,2434.816326530612,3341.4202898550725
797,2335.3125,0.234375,256,1786.2,2503.408163265306
798,2985.203125,0.2734375,256,1665.6571428571428,3481.8064516129034
799,3354.875,0.171875,256,2701.568181818182,3490.4669811320755
800,2812.69921875,0.2265625,256,2197.2586206896553,2992.979797979798
801,3072.5546875,0.2890625,256,2185.837837837838,3433.087912087912
802,2918.41796875,0.01953125,256,2346.4,2929.812749003984
803,3256.0546875,0.08203125,256,2791.1428571428573,3297.6
804,3048.5,0.16796875,256,2223.6976744186045,3215.0093896713615
805,3107.875,0.21875,256,2066.5,3399.46
806,3064.5234375,0.17578125,256,2570.8888888888887,3169.8009478672984
807,3194.94140625,0.09765625,256,1617.64,3365.6450216450216
808,3265.7421875,0.1484375,256,2172.4736842105262,3456.3119266055046
809,3025.28125,0.3125,256,2177.8,3410.5
810,3268.6640625,0.14453125,256,2811.7297297297296,3345.8630136986303
811,3118.2421875,0.11328125,256,2134.862068965517,3243.8722466960353
812,2951.53515625,0.2578125,256,1749.1515151515152,3369.205263157895
813,3093.3203125,0.109375,256,2123.8214285714284,3212.3815789473683
814,2765.0546875,0.1796875,256,1973.9347826086957,2938.347619047619
815,2553.6796875,0.13671875,256,1845.4285714285713,2665.846153846154
816,2174.91015625,0.20703125,256,1504.9245283018868,2349.832512315271
817,3169.74609375,0.140625,256,2812.8333333333335,3228.15
818,3095.6640625,0.1875,256,2462.8333333333335,3241.701923076923
819,2688.2421875,0.2109375,256,1979.2777777777778,2877.767326732673
820,3050.58203125,0.14453125,256,2180.108108108108,3197.648401826484
821,3021.71875,0.1640625,256,2049.4285714285716,3212.542056074766
822,3375.37890625,0.1015625,256,2968.5,3421.3739130434783
823,3214.515625,0.21484375,256,2183.6363636363635,3496.597014925373
824,3278.234375,0.09375,256,1893.5416666666667,3421.478448275862
825,3055.046875,0.1484375,256,2046.842105263158,3230.788990825688
826,2382.3203125,0.21484375,256,1682.1454545454546,2573.910447761194
827,1760.68359375,0.5078125,256,745.7846153846153,2807.8015873015875
828,1912.77734375,0.43359375,256,1049.5225225225224,2573.613793103448
829,1837.8984375,0.3046875,256,959.1282051282051,2222.9775280898875
830,1442.08203125,0.36328125,256,1144.279569892473,1611.993865030675
831,1842.7578125,0.296875,256,1201.578947368421,2113.4777777777776
832,1990.75390625,0.359375,256,1050.1304347826087,2518.420731707317
833,2053.5859375,0.3984375,256,1501.1764705882354,2419.4675324675327
834,1997.8984375,0.265625,256,1899.6029411764705,2033.4521276595744
835,2012.2109375,0.33984375,256,1128.942528735632,2466.9112426035504
836,2796.9765625,0.328125,256,1777.0833333333333,3295.063953488372
837,2772.859375,0.26171875,256,1737.4776119402984,3139.899470899471
838,3308.2890625,0.05078125,256,2701.769230769231,3340.7366255144034
839,2789.5703125,0.23046875,256,1750.6271186440679,3100.7258883248733
840,2664.9375,0.06640625,256,3049.5882352941176,2637.5774058577404
841,2946.46875,0.18359375,256,1410.5744680851064,3291.8612440191387
842,1935.5390625,0.3515625,256,851.1777777777778,2523.4457831325303
843,1144.796875,0.45703125,256,782.1452991452992,1450.0503597122301
844,986.55859375,0.34765625,256,720.3820224719101,1128.4131736526947
845,2131.78515625,0.5546875,256,1498.8732394366198,2920.1491228070176
846,2849.25390625,0.3125,256,2233.6125,3129.090909090909
847,2851.11328125,0.25,256,1900.15625,3168.0989583333335
848,2567.5078125,0.3203125,256,2019.121951219512,2825.942528735632
849,2809.43359375,0.3125,256,2653.7,2880.221590909091
850,2826.796875,0.3359375,256,1853.5116279069769,3319.164705882353
851,2803.1875,0.36328125,256,2142.3870967741937,3180.2085889570553
852,2711.54296875,0.171875,256,2094.3863636363635,2839.632075471698
853,2840.3828125,0.33203125,256,2056.458823529412,3230.0526315789475
854,2995.65625,0.15625,256,2887.45,3015.6944444444443
855,2915.75390625,0.21875,256,2443.625,3047.95
856,2760.671875,0.12890625,256,2242.3636363636365,2837.372197309417
857,2859.24609375,0.19140625,256,2302.1020408163267,2991.1304347826085
858,3150.4375,0.24609375,256,2218.9206349206347,3454.5077720207255
859,3114.734375,0.2421875,256,2111.7419354838707,3435.278350515464
860,2673.7890625,0.1875,256,1469.1666666666667,2951.778846153846
861,2852.8359375,0.19140625,256,2539.2448979591836,2927.0676328502414
862,2913.12109375,0.17578125,256,2119.6222222222223,3082.350710900474
863,2861.41796875,0.09765625,256,3039.0,2842.1991341991343
864,2656.17578125,0.15625,256,2040.0,2770.2824074074074
865,2861.59765625,0.4609375,256,2114.728813559322,3500.2246376811595
866,2857.703125,0.34375,256,2201.7045454545455,3201.3214285714284
867,2709.3125,0.34765625,256,2005.0674157303372,3084.62874251497
868,2574.3359375,0.43359375,256,2135.747747747748,2910.0827586206897
869,2751.38671875,0.3671875,256,1864.0,3266.2901234567903
870,3451.39453125,0.2265625,256,2731.310344827586,3662.3282828282827
871,3264.98046875,0.20703125,256,2181.811320754717,3547.7783251231526
872,3380.94140625,0.21484375,256,2259.3636363636365,3687.8407960199006
873,3128.2734375,0.2421875,256,1982.4032258064517,3494.479381443299
874,3163.51953125,0.39453125,256,2416.871287128713,3650.0451612903225
875,3495.85546875,0.203125,256,2418.076923076923,3770.5833333333335
876,3404.05859375,0.24609375,256,2556.0158730158732,3680.880829015544
877,3288.1171875,0.28515625,256,2159.849315068493,3738.191256830601
878,3268.7421875,0.25,256,2747.46875,3442.5
879,2949.56640625,0.44140625,256,1974.8141592920354,3719.8251748251746
880,3425.16796875,0.1640625,256,2571.285714285714,3592.7523364485983
881,3407.390625,0.28515625,256,2798.3150684931506,3650.3551912568305
882,3509.1484375,0.19140625,256,3058.612244897959,3615.7971014492755
883,3592.0078125,0.23828125,256,2696.8196721311474,3872.0410256410255
884,3495.390625,0.21875,256,2568.875,3754.815
885,3878.2421875,0.09375,256,3278.75,3940.2586206896553
886,3521.84765625,0.23828125,256,2198.3606557377047,3935.8615384615387
887,3245.53125,0.328125,256,2480.309523809524,3619.2441860465115
888,3834.48828125,0.09765625,256,3603.72,3859.4632034632036
889,3569.6328125,0.109375,256,2599.3571428571427,3688.7894736842104
890,3358.609375,0.23828125,256,2099.0163934426228,3752.6358974358973
891,3770.6875,0.18359375,256,2846.1702127659573,3978.593301435407
892,3489.6015625,0.23828125,256,2567.1967213114754,3778.148717948718
893,3456.078125,0.22265625,256,2485.0526315789475,3734.211055276382
894,3732.9609375,0.171875,256,3182.681818181818,3847.169811320755
895,3500.88671875,0.1875,256,3061.8541666666665,3602.201923076923
896,3811.94140625,0.0546875,256,2505.1428571428573,3887.5413223140495
897,3724.01953125,0.109375,256,2281.3928571428573,3901.184210526316
898,3708.76171875,0.09375,256,2227.8333333333335,3861.9612068965516
899,3288.27734375,0.19921875,256,2295.1372549019607,3535.3512195121953
900,2161.03515625,0.67578125,256,1958.8959537572255,2582.3614457831327
901,2583.55078125,0.6640625,256,2171.8764705882354,3397.3255813953488
902,2598.40234375,0.5703125,256,2329.27397260274,2955.609090909091
903,2246.8984375,0.6953125,256,1953.3539325842696,2916.7820512820513
904,2403.83984375,0.56640625,256,1908.9793103448276,3050.2792792792793
905,2115.4453125,0.71875,256,1849.1902173913043,2795.875
906,2649.76953125,0.51953125,256,2234.285714285714,3099.032520325203
907,1903.59375,0.74609375,256,1887.5130890052355,1950.8461538461538
908,2385.92578125,0.7578125,256,1998.979381443299,3596.6935483870966
909,2306.6875,0.69140625,256,2284.6949152542375,2355.9620253164558
910,2485.3046875,0.58203125,256,1985.1610738255033,3181.766355140187
911,1947.515625,0.5703125,256,1778.36301369863,2172.0272727272727
912,2852.61328125,0.55078125,256,2396.326241134752,3412.060869565217
913,2252.140625,0.69921875,256,1957.8435754189943,2936.285714285714
914,2626.71875,0.58203125,256,2060.536912751678,3415.1401869158876
915,2713.9375,0.56640625,256,2222.11724137931,3356.4054054054054
916,2318.79296875,0.53125,256,1907.985294117647,2784.375
917,2452.48828125,0.640625,256,2108.567073170732,3065.5652173913045
918,2622.3828125,0.49609375,256,2277.0866141732286,2962.3255813953488
919,1947.59765625,0.69140625,256,1626.3954802259886,2667.253164556962
920,2829.76171875,0.57421875,256,2408.183673469388,3398.3119266055046
921,2497.34765625,0.51171875,256,2118.8015267175574,2894.064
922,2220.88671875,0.62109375,256,2075.811320754717,2458.6907216494847
923,2403.65234375,0.6875,256,2290.153409090909,2653.35
924,2110.49609375,0.57421875,256,1694.7278911564626,2671.211009174312
925,2324.66796875,0.5078125,256,1887.6692307692308,2775.5396825396824
926,2218.29296875,0.51171875,256,1811.7786259541986,2644.32
927,2610.32421875,0.5078125,256,2375.9461538461537,2852.1428571428573
928,2355.546875,0.55859375,256,1993.3356643356644,2813.920353982301
929,2706.63671875,0.36328125,256,2402.7419354838707,2880.0245398773004
930,2610.3203125,0.4140625,256,1897.198113207547,3114.26
931,1971.92578125,0.54296875,256,1373.136690647482,2683.3076923076924
932,2505.30859375,0.5,256,2106.71875,2903.8984375
933,2572.67578125,0.40234375,256,2224.349514563107,2807.169934640523
934,2140.84375,0.49609375,256,1683.5196850393702,2591.077519379845
935,2406.68359375,0.7265625,256,1977.2096774193549,3547.8571428571427
936,2580.40234375,0.6328125,256,2338.956790123457,2996.5106382978724
937,2216.53515625,0.64453125,256,2026.5636363636363,2560.989010989011
938,2117.796875,0.6328125,256,1846.3950617283951,2585.531914893617
939,2341.66015625,0.6328125,256,2015.9753086419753,2902.946808510638
940,2367.08203125,0.62890625,256,1982.552795031056,3018.757894736842
941,2359.7734375,0.61328125,256,2009.4585987261146,2915.3232323232323
942,2669.5859375,0.4453125,256,2224.8333333333335,3026.6408450704225
943,2699.83203125,0.44921875,256,2272.365217391304,3048.4751773049647
944,2575.13671875,0.51953125,256,2093.4285714285716,3096.008130081301
945,2524.33203125,0.5234375,256,2126.1417910447763,2961.688524590164
946,2185.6953125,0.7109375,256,1845.0,3023.6216216216217
947,2102.67578125,0.4375,256,2036.482142857143,2154.159722222222
948,2416.26953125,0.53515625,256,1921.029197080292,2986.4201680672268
949,2078.42578125,0.49609375,256,1851.5748031496064,2301.7596899224804
950,2281.38671875,0.48828125,256,1541.936,2986.969465648855
951,2514.0,0.59765625,256,2277.640522875817,2865.097087378641
952,1917.3125,0.67578125,256,1724.64161849711,2318.9036144578313
953,2457.875,0.640625,256,2127.756097560976,3046.3478260869565
954,2335.93359375,0.578125,256,1874.662162162162,2968.046296296296
955,1976.484375,0.70703125,256,1850.1823204419888,2281.2933333333335
956,2541.390625,0.5625,256,2131.7013888888887,3068.1339285714284
957,2251.22265625,0.65234375,256,1803.8502994011976,3090.674157303371
958,1923.328125,0.55859375,256,1476.811188811189,2488.3893805309735
959,1892.91015625,0.6640625,256,1630.2411764705882,2412.139534883721
960,1758.90234375,0.72265625,256,1523.7675675675675,2371.5774647887324
961,2097.74609375,0.59375,256,1786.828947368421,2552.1634615384614
962,2132.94140625,0.6640625,256,1891.2764705882353,2610.6511627906975
963,2496.28515625,0.609375,256,1994.5576923076924,3278.98
964,2371.44921875,0.48828125,256,2076.568,2652.8244274809163
965,2701.125,0.4609375,256,1981.8813559322034,3316.1304347826085
966,2437.23828125,0.58984375,256,1961.4569536423842,3121.457142857143
967,2145.13671875,0.59375,256,1830.6315789473683,2604.798076923077
968,1656.8046875,0.52734375,256,1670.5925925925926,1641.4214876033059
969,2021.15625,0.484375,256,1782.508064516129,2245.340909090909
970,2910.28515625,0.40234375,256,2411.0582524271845,3246.3660130718954
971,2005.03515625,0.73046875,256,1803.7433155080214,2550.5652173913045
972,2287.3984375,0.5703125,256,1834.6917808219177,2888.2636363636366
973,1758.1328125,0.7734375,256,1690.7424242424242,1988.1896551724137
974,1704.546875,0.58203125,256,1484.1409395973155,2011.4672897196263
975,2435.546875,0.65234375,256,2147.4610778443116,2976.112359550562
976,2075.7265625,0.55078125,256,1793.0709219858156,2422.2869565217393
977,2571.578125,0.4140625,256,2106.7264150943397,2900.0733333333333
978,2346.10546875,0.57421875,256,2161.0068027210887,2595.733944954128
979,2384.765625,0.5859375,256,1911.4733333333334,3054.5188679245284
980,2331.0859375,0.546875,256,1838.2642857142857,2925.8706896551726
981,2247.78515625,0.703125,256,1953.4555555555555,2944.8815789473683
982,1911.21875,0.66796875,256,1750.6491228070176,2234.247058823529
983,2425.78125,0.64453125,256,2000.2121212121212,3197.4175824175823
984,2266.54296875,0.51953125,256,1935.9323308270677,2624.032520325203
985,2233.5625,0.6484375,256,2050.843373493976,2570.5777777777776
986,1911.50390625,0.48828125,256,1808.232,2010.0458015267175
987,1913.88671875,0.51953125,256,1788.6766917293232,2049.276422764228
988,2190.8515625,0.6484375,256,1821.4939759036145,2872.1111111111113
989,2065.65625,0.6953125,256,1888.4325842696628,2470.0897435897436
990,2194.23046875,0.62890625,256,1920.142857142857,2658.7368421052633
991,1921.36328125,0.625,256,1626.80625,2412.2916666666665
992,1947.2734375,0.6484375,256,1523.801204819277,2728.3444444444444
993,2201.0859375,0.5859375,256,1863.4733333333334,2678.8396226415093
994,2335.9375,0.6171875,256,1911.759493670886,3019.816326530612
995,2075.828125,0.5390625,256,1685.0652173913043,2532.822033898305
996,2230.6328125,0.6640625,256,2070.6117647058823,2546.953488372093
997,1859.703125,0.66015625,256,1433.3372781065088,2687.9310344827586
998,2599.80078125,0.48828125,256,2123.528,3054.259541984733
999,2260.04296875,0.5234375,256,1946.6044776119404,2604.311475409836
1000,2243.34765625,0.66015625,256,1896.2485207100592,2917.597701149425
1001,2121.5390625,0.50390625,256,1863.7829457364342,2383.3543307086616
1002,1961.48046875,0.5625,256,1860.5902777777778,2091.1964285714284
1003,2493.5390625,0.6484375,256,1947.2710843373493,3501.1
1004,2146.53125,0.6015625,256,1738.4025974025974,2762.725490196078
1005,2121.2578125,0.69921875,256,1944.2290502793296,2532.7922077922076
1006,1869.9765625,0.63671875,256,1754.558282208589,2072.2688172043013
1007,2229.9453125,0.59765625,256,1692.137254901961,3028.8252427184466
1008,1571.62109375,0.73046875,256,1318.1550802139038,2258.550724637681
1009,2341.7109375,0.578125,256,1899.2027027027027,2948.1111111111113
1010,2108.046875,0.53125,256,1612.9338235294117,2669.175
1011,2597.0703125,0.5546875,256,2035.119718309859,3297.0438596491226
1012,2360.58984375,0.53515625,256,1921.065693430657,2866.5966386554624
1013,2572.66796875,0.34375,256,2124.340909090909,2807.5059523809523
1014,2251.9921875,0.62890625,256,1830.975155279503,2965.5052631578947
1015,2033.01171875,0.72265625,256,1732.4108108108107,2816.2676056338028
1016,2441.1171875,0.56640625,256,2008.8275862068965,3005.8198198198197
1017,1927.13671875,0.50390625,256,1661.6666666666667,2196.787401574803
1018,2000.828125,0.70703125,256,1771.9337016574586,2553.2266666666665
1019,2118.828125,0.4140625,256,1964.0,2228.24
1020,2156.14453125,0.65625,256,1766.8869047619048,2899.2727272727275
1021,1926.1015625,0.6953125,256,1537.2865168539327,2813.397435897436
1022,2169.03515625,0.74609375,256,1881.4921465968587,3013.9692307692308
1023,2312.41796875,0.56640625,256,1854.3862068965518,2910.747747747748
1024,2273.40625,0.625,256,2120.1375,2528.8541666666665
1025,2435.70703125,0.47265625,256,2141.561983471074,2699.348148148148
1026,2478.9921875,0.53515625,256,1877.5401459854015,3171.4201680672268
1027,2270.671875,0.5234375,256,1937.589552238806,2636.5163934426228
1028,2092.79296875,0.5390625,256,1808.2898550724638,2425.5169491525426
1029,1987.71875,0.5390625,256,1644.340579710145,2389.2966101694915
1030,2281.08984375,0.5859375,256,1520.0333333333333,3358.056603773585
1031,2484.16796875,0.4921875,256,2069.095238095238,2886.4692307692308
1032,2028.453125,0.70703125,256,1709.6795580110497,2797.76
1033,1907.1015625,0.67578125,256,1719.4624277456646,2298.2048192771085
1034,1883.62109375,0.671875,256,1559.5058139534883,2547.285714285714
1035,2047.6015625,0.57421875,256,1571.7755102040817,2689.3119266055046
1036,2506.94921875,0.54296875,256,2003.36690647482,3105.222222222222
1037,2242.6015625,0.47265625,256,1968.9917355371902,2487.837037037037
1038,2229.99609375,0.59375,256,1654.3223684210527,3071.3653846153848
1039,2254.6796875,0.61328125,256,1779.0828025477706,3008.909090909091
1040,2205.66796875,0.609375,256,1808.974358974359,2824.51
1041,2019.71875,0.65625,256,1987.529761904762,2081.1704545454545
1042,2364.02734375,0.5703125,256,2020.4383561643835,2820.0636363636363
1043,2245.5234375,0.6328125,256,1912.962962962963,2818.659574468085
1044,2368.7578125,0.65625,256,2115.4583333333335,2852.3295454545455
1045,2233.390625,0.703125,256,2080.45,2595.6184210526317
1046,2000.3671875,0.59375,256,1795.157894736842,2300.2884615384614
1047,1903.59765625,0.71875,256,1559.0978260869565,2783.9861111111113
1048,1951.20703125,0.66796875,256,1626.6783625730993,2604.0823529411764
1049,2122.87890625,0.60546875,256,2049.8064516129034,2235.019801980198
1050,2184.578125,0.66796875,256,1910.327485380117,2736.3058823529414
1051,2411.46875,0.70703125,256,1909.3977900552486,3623.133333333333
1052,2056.90625,0.59375,256,1806.0394736842106,2423.5576923076924
1053,2340.78515625,0.57421875,256,1855.700680272109,2994.9816513761466
1054,2644.58203125,0.35546875,256,2050.6263736263736,2972.1575757575756
1055,2286.015625,0.46875,256,1835.9083333333333,2683.169117647059
1056,2385.0390625,0.54296875,256,1783.7553956834533,3099.3846153846152
1057,2204.0390625,0.67578125,256,1746.6763005780347,3157.3373493975905
1058,2071.08203125,0.65234375,256,1843.197604790419,2498.6853932584268
1059,2202.11328125,0.75,256,1889.921875,3138.6875
1060,2043.38671875,0.59375,256,1597.375,2695.25
1061,2635.46484375,0.64453125,256,2116.9454545454546,3575.6373626373625
1062,1777.7421875,0.546875,256,1799.4214285714286,1751.5775862068965
1063,2256.21484375,0.65625,256,1691.8392857142858,3333.659090909091
1064,2292.03125,0.52734375,256,1853.4592592592592,2781.3471074380163
1065,2078.3125,0.6171875,256,1868.8037974683543,2416.091836734694
1066,2268.63671875,0.4921875,256,1737.452380952381,2783.476923076923
1067,2072.30859375,0.65625,256,1545.345238095238,3078.3295454545455
1068,1893.140625,0.49609375,256,1679.4645669291338,2103.5038759689924
1069,2338.7265625,0.4609375,256,2168.4576271186443,2484.31884057971
1070,1933.5,0.015625,256,3204.25,1913.329365079365
1071,2157.03125,0.21484375,256,1171.8909090909092,2426.597014925373
1072,2749.12890625,0.02734375,256,1798.2857142857142,2775.859437751004
1073,2305.17578125,0.12109375,256,2310.2903225806454,2304.471111111111
1074,2020.5625,0.00390625,256,729.0,2025.6274509803923
1075,2264.734375,0.00390625,256,2934.0,2262.1098039215685
1076,2482.49609375,0.08203125,256,2453.7619047619046,2485.063829787234
1077,2767.390625,0.01171875,256,3383.6666666666665,2760.083003952569
1078,2404.66015625,0.12890625,256,1735.060606060606,2503.748878923767
1079,2755.64453125,0.140625,256,2119.1944444444443,2859.7909090909093
1080,2528.88671875,0.0390625,256,2229.4,2541.060975609756
1081,2245.703125,0.09375,256,1133.2916666666667,2360.780172413793
1082,2229.328125,0.078125,256,1286.4,2309.237288135593
1083,2666.390625,0.0078125,256,1186.0,2678.047244094488
1084,2484.078125,0.04296875,256,1986.4545454545455,2506.420408163265
1085,2809.8671875,0.0390625,256,2603.6,2818.2520325203254
1086,2242.2265625,0.015625,256,2253.25,2242.0515873015875
1087,2281.87890625,0.10546875,256,1776.148148148148,2341.5065502183406
1088,2645.03515625,0.109375,256,1471.5,2789.15350877193
1089,2492.33203125,0.00390625,256,3652.0,2487.7843137254904
1090,3206.09765625,0.12890625,256,2526.3636363636365,3306.6860986547085
1091,2565.91796875,0.390625,256,2229.29,2781.7051282051284
1092,2007.3046875,0.4140625,256,1518.3207547169811,2352.8533333333335
1093,2779.8359375,0.140625,256,2728.1944444444443,2788.2863636363636
1094,2060.7421875,0.39453125,256,1554.3366336633662,2390.722580645161
1095,2986.796875,0.3125,256,2147.625,3368.2386363636365
1096,2224.66015625,0.453125,256,1814.1379310344828,2564.807142857143
1097,2699.06640625,0.4296875,256,2288.4454545454546,3008.4383561643835
1098,2511.1015625,0.296875,256,2148.3026315789475,2664.2833333333333
1099,2881.2578125,0.28125,256,2004.3055555555557,3224.413043478261
1100,2405.59765625,0.3359375,256,2029.5232558139535,2595.8470588235296
1101,2720.15625,0.33984375,256,2369.9655172413795,2900.431952662722
1102,2972.765625,0.2578125,256,1962.060606060606,3323.8526315789472
1103,2821.390625,0.21875,256,1788.0535714285713,3110.725
1104,2707.8515625,0.30078125,256,2470.285714285714,2810.04469273743
1105,2429.48828125,0.37109375,256,1596.4842105263158,2921.0124223602484
1106,2194.17578125,0.3828125,256,1885.938775510204,2385.3607594936707
1107,2798.390625,0.3359375,256,2565.3255813953488,2916.294117647059
1108,2624.046875,0.34765625,256,2359.112359550562,2765.2395209580836
1109,2294.90234375,0.43359375,256,1732.3423423423424,2725.551724137931
1110,2483.671875,0.19140625,256,2227.714285714286,2544.2608695652175
1111,2406.60546875,0.37890625,256,1768.1340206185566,2796.1132075471696
1112,2687.04296875,0.2734375,256,2208.0285714285715,2867.3172043010754
1113,2391.12890625,0.3671875,256,1874.5106382978724,2690.895061728395
1114,2956.91015625,0.26953125,256,2286.1739130434785,3204.4010695187167
1115,2416.64453125,0.3359375,256,1840.9651162790697,2707.8705882352942
1116,2817.44921875,0.28125,256,2283.6111111111113,3026.342391304348
1117,2711.21484375,0.2890625,256,1953.9054054054054,3019.131868131868
1118,2665.0078125,0.21875,256,2196.4821428571427,2796.195
1119,2755.7265625,0.2890625,256,2263.175675675676,2955.9945054945056
1120,2626.5078125,0.28515625,256,2375.2602739726026,2726.7322404371585
1121,2347.93359375,0.296875,256,1761.3947368421052,2595.5833333333335
1122,2948.46875,0.3203125,256,2340.9024390243903,3234.793103448276
1123,2766.421875,0.3203125,256,2338.9756097560976,2967.862068965517
1124,2531.8046875,0.34375,256,2227.659090909091,2691.1190476190477
1125,2878.31640625,0.19140625,256,2107.122448979592,3060.8695652173915
1126,2165.8046875,0.37109375,256,1635.3157894736842,2478.8260869565215
1127,2948.62109375,0.37109375,256,2543.1894736842105,3187.8509316770187
1128,3170.53515625,0.29296875,256,2582.28,3414.2872928176794
1129,2560.40234375,0.390625,256,1805.75,3044.153846153846
1130,2923.65234375,0.28125,256,2171.472222222222,3217.983695652174
1131,2762.44921875,0.30078125,256,2179.5584415584417,3013.1899441340784
1132,2646.31640625,0.375,256,1970.40625,3051.8625
1133,2644.7109375,0.2890625,256,2354.4324324324325,2762.736263736264
1134,2274.0859375,0.42578125,256,1748.834862385321,2663.5578231292516
1135,3252.33984375,0.19921875,256,2404.3529411764707,3463.3024390243904
1136,2713.77734375,0.375,256,2184.5208333333335,3031.33125
1137,2849.890625,0.234375,256,2326.383333333333,3010.1479591836733
1138,3038.50390625,0.3125,256,2240.0,3401.4602272727275
1139,2640.34765625,0.234375,256,1866.3,2877.3010204081634
1140,2297.90625,0.37109375,256,1980.1263157894737,2485.416149068323
1141,2729.34765625,0.33203125,256,2193.294117647059,2995.8070175438597
1142,2845.67578125,0.2734375,256,2250.3571428571427,3069.7204301075267
1143,2941.43359375,0.3125,256,2178.2125,3288.3522727272725
1144,2642.3125,0.48828125,256,2311.008,2958.442748091603
1145,3070.4921875,0.21875,256,2587.5,3205.73
1146,2966.5625,0.2890625,256,2289.5810810810813,3241.8186813186812
1147,2517.27734375,0.36328125,256,1975.3333333333333,2826.4846625766872
1148,2776.3828125,0.4296875,256,1867.6181818181817,3461.068493150685
1149,2680.5078125,0.40234375,256,1896.4271844660195,3208.3529411764707
1150,2852.109375,0.25390625,256,2939.3230769230768,2822.4293193717276
1151,2612.296875,0.31640625,256,1656.6666666666667,3054.617142857143
1152,2988.8359375,0.203125,256,2611.019230769231,3085.142156862745
1153,3032.75390625,0.34375,256,2119.965909090909,3510.8809523809523
1154,2675.8125,0.3046875,256,2118.4615384615386,2920.044943820225
1155,2590.83203125,0.44140625,256,2178.1769911504425,2916.916083916084
1156,3044.46875,0.36328125,256,2266.6881720430106,3488.2331288343557
1157,2362.90234375,0.41796875,256,1472.3271028037384,3002.442953020134
1158,2387.3203125,0.43359375,256,2072.963963963964,2627.9655172413795
1159,2876.88671875,0.25,256,2076.3125,3143.7447916666665
1160,2734.12109375,0.36328125,256,2333.537634408602,2962.674846625767
1161,2252.64453125,0.2890625,256,2090.3783783783783,2318.620879120879
1162,2324.9375,0.203125,256,2214.769230769231,2353.0196078431372
1163,2571.38671875,0.40625,256,2192.576923076923,2830.5723684210525
1164,2553.13671875,0.32421875,256,2163.373493975904,2740.1329479768788
1165,2651.74609375,0.2890625,256,1708.2702702702702,3035.3571428571427
1166,2468.8046875,0.23828125,256,1854.4590163934427,2660.9846153846156
1167,2930.21875,0.33984375,256,1942.816091954023,3438.526627218935
1168,2297.99609375,0.38671875,256,2116.6767676767677,2412.331210191083
1169,2282.390625,0.45703125,256,1761.7350427350427,2720.640287769784
1170,2412.19921875,0.45703125,256,1966.6324786324785,2787.244604316547
1171,3109.31640625,0.29296875,256,2500.52,3361.5801104972375
1172,2685.44140625,0.109375,256,2362.714285714286,2725.0745614035086
1173,3304.84375,0.22265625,256,2526.40350877193,3527.814070351759
1174,2949.3515625,0.36328125,256,1886.3440860215053,3555.852760736196
1175,3134.96875,0.3046875,256,2599.5,3369.612359550562
1176,2340.046875,0.30078125,256,1891.948051948052,2532.804469273743
1177,2806.98828125,0.30078125,256,1901.7922077922078,3196.3743016759777
1178,3048.53125,0.234375,256,2606.016666666667,3183.9948979591836
1179,2571.44140625,0.3046875,256,2742.3846153846152,2496.5337078651687
1180,3041.8359375,0.2890625,256,2739.2567567567567,3164.8626373626375
1181,2726.13671875,0.359375,256,1961.4673913043478,3155.0975609756097
1182,2843.61328125,0.35546875,256,2015.6483516483515,3300.2484848484846
1183,2360.12109375,0.34765625,256,1906.8202247191011,2601.7005988023952
1184,3070.625,0.34375,256,2489.5795454545455,3374.9821428571427
1185,2545.91796875,0.46484375,256,1910.873949579832,3097.5255474452556
1186,2464.66796875,0.47265625,256,2039.793388429752,2845.4814814814813
1187,2509.95703125,0.46484375,256,1917.3361344537816,3024.715328467153
1188,2221.875,0.640625,256,1594.658536585366,3339.9565217391305
1189,2602.328125,0.3984375,256,2195.8039215686276,2871.5844155844156
1190,2875.3984375,0.41015625,256,2208.7619047619046,3338.953642384106
1191,2929.00390625,0.42578125,256,2612.0183486238534,3164.0476190476193
1192,2865.2109375,0.4375,256,2194.1160714285716,3387.1736111111113
1193,2528.3515625,0.5546875,256,2290.7464788732395,2824.315789473684
1194,2149.4140625,0.5703125,256,1731.123287671233,2704.6
1195,2516.11328125,0.453125,256,1989.4137931034484,2952.5214285714287
1196,2586.38671875,0.49609375,256,2176.8582677165355,2989.5658914728683
1197,2441.109375,0.375,256,1998.1666666666667,2706.875
1198,2745.921875,0.4921875,256,2183.8174603174602,3290.730769230769
1199,2638.21875,0.46875,256,2232.358333333333,2996.330882352941
1200,2738.43359375,0.37890625,256,2515.6082474226805,2874.37106918239
1201,2671.796875,0.48828125,256,2159.704,3160.4351145038167
1202,2233.05078125,0.4921875,256,1940.0555555555557,2517.0307692307692
1203,2558.83984375,0.43359375,256,2181.9189189189187,2847.3793103448274
1204,2241.67578125,0.59375,256,1815.3815789473683,2864.721153846154
1205,2327.3203125,0.40234375,256,1987.6893203883494,2555.9607843137255
1206,2648.18359375,0.3984375,256,2282.2156862745096,2890.5779220779223
1207,2361.703125,0.5078125,256,1887.3692307692309,2851.095238095238
1208,2281.0859375,0.515625,256,2045.689393939394,2531.6693548387098
1209,2506.0234375,0.5,256,2075.078125,2936.96875
1210,2359.23828125,0.40625,256,2029.5865384615386,2584.7894736842104
1211,2504.53125,0.38671875,256,1866.2121212121212,2907.0382165605097
1212,3135.5546875,0.265625,256,2320.073529411765,3430.5159574468084
1213,2846.4765625,0.3828125,256,2186.6428571428573,3255.740506329114
1214,2461.77734375,0.43359375,256,1861.7747747747749,2921.0896551724136
1215,2685.25,0.41796875,256,1949.3738317757009,3213.6979865771814
1216,2878.03125,0.31640625,256,2443.135802469136,3079.325714285714
1217,2491.73046875,0.47265625,256,2317.7520661157023,2647.6666666666665
1218,2816.390625,0.22265625,256,2287.59649122807,2967.854271356784
1219,2828.68359375,0.37890625,256,2297.0721649484535,3153.0
1220,2617.015625,0.546875,256,2323.8214285714284,2970.8706896551726
1221,2369.5390625,0.375,256,1817.8645833333333,2700.54375
1222,2733.11328125,0.46484375,256,2143.3193277310925,3245.4160583941607
1223,2737.94140625,0.51171875,256,2257.7251908396947,3241.208
1224,3064.38671875,0.3671875,256,2414.276595744681,3441.6111111111113
1225,2117.37109375,0.66015625,256,1851.0828402366865,2634.6436781609195
1226,2492.25390625,0.6171875,256,1947.4177215189873,3370.6632653061224
1227,2547.46875,0.44921875,256,2017.5217391304348,2979.695035460993
1228,2642.18359375,0.390625,256,2080.16,3002.4551282051284
1229,2355.51171875,0.61328125,256,1779.4012738853503,3269.1414141414143
1230,2194.359375,0.59765625,256,1874.6013071895425,2669.339805825243
1231,1858.28125,0.7109375,256,1564.3351648351647,2581.2297297297296
1232,2331.37890625,0.41015625,256,1575.1619047619047,2857.225165562914
1233,2052.7890625,0.55859375,256,1425.3566433566434,2846.7964601769913
1234,2385.34765625,0.51953125,256,1972.5037593984962,2831.756097560976
1235,1859.7734375,0.61328125,256,1463.5477707006369,2488.131313131313
1236,2644.4140625,0.52734375,256,2060.4592592592594,3295.9338842975208
1237,2225.08984375,0.52734375,256,2088.5703703703703,2377.404958677686
1238,2039.74609375,0.69140625,256,1602.6327683615818,3019.1012658227846
1239,2292.77734375,0.52734375,256,1769.2888888888888,2876.8347107438017
1240,1995.6484375,0.609375,256,1711.5833333333333,2438.79
1241,1981.078125,0.703125,256,1638.6222222222223,2792.157894736842
1242,2046.203125,0.50390625,256,1505.6511627906978,2595.267716535433
1243,1722.08203125,0.71875,256,1367.7065217391305,2627.7083333333335
1244,2015.6640625,0.62890625,256,1632.0807453416148,2665.7368421052633
1245,1716.5234375,0.63671875,256,1186.361963190184,2645.7311827956987
1246,2086.171875,0.5625,256,1707.3333333333333,2573.25
1247,1992.8828125,0.49609375,256,1380.3149606299212,2595.953488372093
1248,2304.7890625,0.55859375,256,1902.2447552447552,2814.2035398230087
1249,1896.359375,0.53125,256,1548.0955882352941,2291.0583333333334
1250,1965.15625,0.71484375,256,1473.9781420765028,3196.4657534246576
1251,1978.7265625,0.53125,256,2135.3161764705883,1801.2583333333334
1252,1774.51171875,0.546875,256,1760.5357142857142,1791.3793103448277
1253,2126.3671875,0.5234375,256,2044.7686567164178,2215.9918032786886
1254,1310.03125,0.5390625,256,1125.1521739130435,1526.2457627118645
1255,2633.2265625,0.5390625,256,2072.442028985507,3289.0593220338983
1256,1781.421875,0.66015625,256,1675.585798816568,1987.0114942528735
1257,2283.03515625,0.55078125,256,1731.3191489361702,2959.486956521739
1258,2022.25390625,0.7109375,256,1648.7032967032967,2940.9864864864867
1259,2347.83203125,0.5546875,256,1504.274647887324,3398.5789473684213
1260,1688.1875,0.65234375,256,1396.2215568862275,2236.0337078651687
1261,1657.30078125,0.6640625,256,1646.1941176470589,1679.2558139534883
1262,1891.21484375,0.53125,256,1439.1838235294117,2403.516666666667
1263,1499.68359375,0.58203125,256,1208.5771812080536,1905.056074766355
1264,2177.91015625,0.56640625,256,1930.8413793103448,2500.6576576576576
1265,1564.65625,0.71875,256,1418.554347826087,1938.0277777777778
1266,1751.1171875,0.62890625,256,1188.8136645962734,2704.073684210526
1267,1693.6796875,0.6171875,256,1414.6772151898733,2143.5
1268,1603.05859375,0.6796875,256,1412.4080459770114,2007.6097560975609
1269,1780.87890625,0.515625,256,1338.5757575757575,2251.717741935484
1270,1980.5390625,0.69921875,256,1494.5698324022346,3110.2597402597403
1271,1540.87890625,0.75390625,256,1357.7564766839378,2101.873015873016
1272,2364.6484375,0.5859375,256,1932.14,2976.688679245283
1273,2018.76171875,0.5390625,256,1676.5579710144928,2418.9661016949153
1274,2305.09765625,0.671875,256,1978.5058139534883,2973.8333333333335
1275,1987.234375,0.49609375,256,1532.8031496062993,2434.6201550387595
1276,2581.36328125,0.484375,256,1990.3145161290322,3136.590909090909
1277,2204.09375,0.5625,256,1604.8333333333333,2974.5714285714284
1278,2303.8515625,0.546875,256,1667.692857142857,3071.6293103448274
1279,2459.54296875,0.515625,256,1912.2348484848485,3042.1612903225805
1280,1984.4453125,0.41796875,256,1661.2803738317757,2216.51677852349
1281,1876.01953125,0.61328125,256,1393.8471337579617,2640.6767676767677
1282,2378.609375,0.58203125,256,1978.4362416107383,2935.8598130841124
1283,1965.73828125,0.62109375,256,1538.0691823899372,2666.762886597938
1284,2532.2578125,0.46484375,256,1766.0672268907563,3197.78102189781
1285,1852.97265625,0.59375,256,1315.1644736842106,2639.0
1286,2236.046875,0.66015625,256,1824.0414201183432,3036.3793103448274
1287,2312.359375,0.60546875,256,1789.032258064516,3115.4851485148515
1288,1787.23046875,0.6015625,256,1132.448051948052,2775.823529411765
1289,2550.734375,0.51171875,256,2091.1068702290077,3032.424
1290,2392.76953125,0.59375,256,1852.0723684210527,3183.019230769231
1291,2131.2265625,0.71484375,256,1701.8251366120219,3207.671232876712
1292,2418.85546875,0.5546875,256,1789.5352112676057,3202.745614035088
1293,2442.6796875,0.49609375,256,1830.9606299212599,3044.9147286821703
1294,2294.7734375,0.5625,256,2018.201388888889,2650.3660714285716
1295,2222.6484375,0.6171875,256,1721.5,3030.622448979592
1296,2109.03125,0.5703125,256,1734.986301369863,2605.490909090909
1297,2139.265625,0.63671875,256,1794.7361963190185,2743.1182795698924
1298,2196.7734375,0.53125,256,1691.7867647058824,2769.0916666666667
1299,2297.02734375,0.6796875,256,1679.6436781609195,3607.0853658536585
1300,1820.171875,0.63671875,256,1500.840490797546,2379.8602150537636
1301,2191.30859375,0.58984375,256,1722.5099337748345,2865.4857142857145
1302,2225.375,0.55859375,256,1561.006993006993,3066.1238938053098
1303,2076.69921875,0.59375,256,1751.5,2551.9903846153848
1304,2629.8125,0.44140625,256,2156.1061946902655,3004.13986013986
1305,1949.04296875,0.5546875,256,1643.274647887324,2329.9122807017543
1306,1832.4140625,0.609375,256,1334.3141025641025,2609.45
1307,2314.1875,0.609375,256,1761.570512820513,3176.27
1308,2120.69921875,0.484375,256,1848.8467741935483,2376.0757575757575
1309,1562.94140625,0.76171875,256,1516.1641025641027,1712.4754098360656
1310,1915.81640625,0.65234375,256,1653.1736526946108,2408.6404494382023
1311,1716.95703125,0.62890625,256,1438.2981366459628,2189.2105263157896
1312,2304.66015625,0.5546875,256,1877.119718309859,2837.2105263157896
1313,1850.12890625,0.6171875,256,1526.0696202531647,2372.591836734694
1314,1776.9765625,0.7109375,256,1482.0604395604396,2502.310810810811
1315,1787.81640625,0.76953125,256,1556.715736040609,2559.4576271186443
1316,2275.90234375,0.50390625,256,1651.5116279069769,2910.1259842519685
1317,1719.453125,0.55859375,256,1501.3076923076924,1995.513274336283
1318,1731.61328125,0.6171875,256,1497.8417721518988,2108.5102040816328
1319,2475.71484375,0.47265625,256,1962.2479338842975,2935.9333333333334
1320,2531.74609375,0.4140625,256,1760.2075471698113,3076.9666666666667
1321,1651.33984375,0.5625,256,1263.6666666666667,2149.776785714286
1322,1889.61328125,0.640625,256,1334.3658536585365,2879.4021739130435
1323,2110.3828125,0.59375,256,1567.8223684210527,2903.355769230769
1324,2271.66796875,0.65234375,256,1740.5389221556886,3268.2808988764045
1325,2011.53125,0.578125,256,1497.6824324324325,2715.6944444444443
1326,2092.0390625,0.6015625,256,1678.4415584415585,2716.4901960784314
1327,1830.1875,0.625,256,1692.04375,2060.4270833333335
1328,1677.97265625,0.63671875,256,1333.435582822086,2281.8387096774195
1329,2017.5703125,0.44921875,256,1533.6,2412.2978723404253
1330,2237.60546875,0.6171875,256,1633.5886075949368,3211.4285714285716
1331,2024.7890625,0.64453125,256,1515.648484848485,2947.956043956044
1332,1904.06640625,0.69140625,256,1535.8135593220338,2729.1392405063293
1333,2407.17578125,0.48046875,256,1624.6341463414635,3130.8796992481202
1334,2036.25390625,0.57421875,256,1557.5102040816328,2681.8990825688074
1335,1593.2421875,0.58984375,256,1334.6026490066224,1965.1904761904761
1336,2186.1953125,0.46484375,256,1637.6302521008404,2662.6861313868612
1337,1803.31640625,0.67578125,256,1352.208092485549,2743.578313253012
1338,2252.5859375,0.60546875,256,1919.7548387096774,2763.366336633663
1339,2072.30859375,0.640625,256,1663.1341463414635,2801.7065217391305
1340,1982.34765625,0.59765625,256,1534.3006535947713,2647.893203883495
1341,1926.43359375,0.5703125,256,1693.9520547945206,2235.0
1342,1609.6953125,0.5,256,1019.171875,2200.21875
1343,1675.21875,0.5625,256,1116.3472222222222,2393.7678571428573
1344,2426.49609375,0.4921875,256,1845.2380952380952,2989.869230769231
1345,2000.27734375,0.5703125,256,1663.7739726027398,2446.909090909091
1346,1959.67578125,0.70703125,256,1580.0883977900553,2875.7466666666664
1347,2465.234375,0.5234375,256,2035.3731343283582,2937.377049180328
1348,1931.78125,0.6875,256,1611.3181818181818,2636.8
1349,2152.80859375,0.625,256,1970.06875,2457.375
1350,2225.546875,0.59375,256,1603.157894736842,3135.1923076923076
1351,2122.40234375,0.62890625,256,1692.9068322981366,2850.2842105263157
1352,1944.1015625,0.7109375,256,1874.4065934065934,2115.5135135135133
1353,2270.109375,0.46875,256,1500.925,2948.801470588235
1354,2008.55859375,0.6015625,256,1610.4805194805194,2609.578431372549
1355,1943.40625,0.68359375,256,1538.2114285714285,2818.8271604938273
1356,1761.95703125,0.62109375,256,1382.0377358490566,2384.7113402061855
1357,1776.96875,0.5703125,256,1285.3013698630136,2429.5454545454545
1358,1710.58984375,0.70703125,256,1295.1767955801106,2713.12
1359,2112.85546875,0.55078125,256,1666.9219858156027,2659.608695652174
1360,2044.6953125,0.67578125,256,1775.5202312138729,2605.746987951807
1361,1648.94140625,0.6328125,256,1276.5432098765432,2290.7340425531916
1362,2142.078125,0.35546875,256,1709.3846153846155,2380.7151515151513
1363,1678.0078125,0.64453125,256,1418.0181818181818,2149.4175824175823
1364,2140.7109375,0.55859375,256,1710.993006993007,2684.5132743362833
1365,2252.984375,0.4765625,256,1817.7868852459017,2649.208955223881
1366,2278.9453125,0.50390625,256,1948.7131782945737,2614.3779527559054
1367,1662.03515625,0.7109375,256,1354.0,2419.635135135135
1368,1910.9453125,0.46484375,256,1514.8487394957983,2255.0
1369,1774.04296875,0.5546875,256,1451.2464788732395,2176.122807017544
1370,2287.3046875,0.53125,256,1541.0808823529412,3133.025
1371,1600.59375,0.66015625,256,1309.7455621301774,2165.574712643678
1372,1880.78125,0.48046875,256,1480.3333333333333,2251.1203007518798
1373,1931.109375,0.640625,256,1644.25,2442.467391304348
1374,1418.046875,0.453125,256,1188.051724137931,1608.6142857142856
1375,1801.125,0.62109375,256,1414.1006289308177,2435.5257731958764
1376,2219.64453125,0.640625,256,1834.9878048780488,2905.336956521739
1377,1667.265625,0.5546875,256,1305.6549295774648,2117.6929824561403
1378,2255.9375,0.64453125,256,1707.4121212121213,3250.5164835164837
1379,1836.625,0.68359375,256,1611.9257142857143,2322.0864197530864
1380,1988.97265625,0.62109375,256,1745.3899371069183,2388.2474226804125
1381,2261.55859375,0.45703125,256,1896.5384615384614,2568.8057553956833
1382,2062.03125,0.5078125,256,1631.5615384615385,2506.1666666666665
1383,1994.46484375,0.59765625,256,1694.9803921568628,2439.330097087379
1384,2440.72265625,0.5234375,256,2038.5820895522388,2882.4180327868853
1385,2242.59765625,0.54296875,256,1783.2805755395684,2788.2820512820513
1386,1683.76171875,0.7109375,256,1622.543956043956,1834.3243243243244
1387,1476.48828125,0.69140625,256,1095.1864406779662,2330.7974683544303
1388,1686.96875,0.578125,256,1258.2027027027027,2274.537037037037
1389,1865.875,0.58203125,256,1284.8053691275168,2675.0280373831774
1390,1753.75390625,0.71875,256,1572.0434782608695,2218.125
1391,1749.2109375,0.79296875,256,1544.7931034482758,2532.169811320755
1392,2299.97265625,0.42578125,256,2121.376146788991,2432.401360544218
1393,1788.2421875,0.68359375,256,1430.8342857142857,2560.41975308642
1394,2150.26171875,0.51171875,256,1725.3740458015268,2595.544
1395,1642.08984375,0.71484375,256,1422.1693989071039,2193.3972602739727
1396,1723.93359375,0.51171875,256,1501.7175572519084,1956.816
1397,1501.734375,0.69921875,256,1404.3296089385474,1728.1688311688313
1398,2561.20703125,0.46875,256,1841.025,3196.6617647058824
1399,1915.609375,0.62109375,256,1419.3962264150944,2728.9896907216494
1400,1424.36328125,0.62109375,256,1217.314465408805,1763.7525773195875
1401,1626.12109375,0.6328125,256,1190.70987654321,2376.5106382978724
1402,1828.625,0.5546875,256,1610.5281690140846,2100.2894736842104
1403,1798.359375,0.73046875,256,1541.8770053475937,2493.463768115942
1404,1867.21875,0.4609375,256,1416.3050847457628,2252.782608695652
1405,2094.8828125,0.64453125,256,1799.2,2631.010989010989
1406,1697.9375,0.828125,256,1499.0896226415093,2656.0227272727275
1407,2288.4375,0.49609375,256,1945.708661417323,2625.8527131782944
1408,1839.078125,0.66015625,256,1580.621301775148,2341.137931034483
1409,2000.73828125,0.625,256,1513.79375,2812.3125
1410,2383.2109375,0.41796875,256,1795.8504672897195,2805.006711409396
1411,2163.078125,0.48046875,256,1588.341463414634,2694.6015037593984
1412,2183.67578125,0.58984375,256,1505.2582781456954,3159.304761904762
1413,2245.3046875,0.58203125,256,2134.6442953020132,2399.4018691588785
1414,1827.5625,0.55078125,256,1669.4893617021276,2021.3739130434783
1415,2096.28515625,0.64453125,256,1703.4666666666667,2808.5384615384614
1416,1488.98828125,0.69140625,256,1320.9830508474577,1865.4050632911392
1417,1705.6640625,0.72265625,256,1250.2702702702702,2892.2535211267605
1418,1513.07421875,0.6796875,256,1008.3275862068965,2584.121951219512
1419,2227.53125,0.59375,256,1850.9342105263158,2777.9423076923076
1420,1784.05859375,0.609375,256,1491.1025641025642,2241.07
1421,1453.703125,0.62109375,256,1352.5157232704403,1619.5670103092784
1422,2351.38671875,0.6015625,256,2074.0,2770.1862745098038
1423,2226.22265625,0.5234375,256,1522.5149253731342,2999.1475409836066
1424,2505.609375,0.5859375,256,2119.2533333333336,3052.3396226415093
1425,1749.30078125,0.65625,256,1375.857142857143,2462.2386363636365
1426,2100.94921875,0.55078125,256,1764.9574468085107,2512.904347826087
1427,2032.921875,0.6640625,256,1487.9058823529413,3110.279069767442
1428,1865.984375,0.48046875,256,1734.341463414634,1987.7293233082708
1429,1820.2734375,0.625,256,1539.3625,2288.4583333333335
1430,1657.67578125,0.5625,256,1324.4305555555557,2086.1339285714284
1431,1810.7734375,0.5,256,1255.3828125,2366.1640625
1432,2466.96875,0.48828125,256,2038.344,2875.961832061069
1433,2258.0078125,0.55859375,256,1802.5524475524476,2834.380530973451
1434,1743.9453125,0.46484375,256,1609.9411764705883,1860.3430656934306
1435,1633.23828125,0.58984375,256,1346.9470198675497,2044.952380952381
1436,1851.4609375,0.66015625,256,1616.905325443787,2307.0919540229884
1437,1916.48828125,0.76171875,256,1575.1589743589743,3007.622950819672
1438,2086.99609375,0.5,256,1808.3125,2365.6796875
1439,1528.78515625,0.55078125,256,1665.3829787234042,1361.304347826087
1440,1757.27734375,0.59375,256,1385.3355263157894,2300.8846153846152
1441,1648.00390625,0.62109375,256,1679.8050314465409,1595.8762886597938
1442,2299.859375,0.609375,256,1683.1666666666667,3261.9
1443,1312.8984375,0.62109375,256,1091.6540880503144,1675.5567010309278
1444,1786.03125,0.79296875,256,1366.3152709359606,3393.622641509434
1445,2092.26953125,0.5,256,1801.2734375,2383.265625
1446,2060.25,0.55859375,256,1622.4685314685314,2614.2566371681414
1447,1999.6484375,0.69140625,256,1583.6553672316384,2931.6835443037976
1448,1926.29296875,0.53515625,256,1539.3503649635036,2371.764705882353
1449,2168.953125,0.60546875,256,1952.2645161290322,2501.4950495049507
1450,1898.71875,0.60546875,256,1329.4645161290323,2772.3267326732675
1451,2005.26171875,0.57421875,256,1775.4353741496598,2315.211009174312
1452,1867.42578125,0.61328125,256,1308.4203821656051,2753.929292929293
1453,1671.52734375,0.625,256,1383.93125,2150.8541666666665
1454,1304.3828125,0.7578125,256,1027.4226804123712,2171.0
1455,2008.3671875,0.5859375,256,1710.0533333333333,2430.509433962264
1456,1551.671875,0.81640625,256,1402.4066985645934,2215.425531914894
1457,1734.16796875,0.6640625,256,1226.105882352941,2738.4767441860463
1458,2059.22265625,0.609375,256,1740.9102564102564,2555.79
1459,2043.578125,0.5625,256,1316.1180555555557,2978.8839285714284
1460,1914.96875,0.66015625,256,1514.0295857988165,2693.8045977011493
1461,1978.125,0.4609375,256,1649.5169491525423,2259.108695652174
1462,1851.21875,0.5859375,256,1712.04,2048.169811320755
1463,1759.06640625,0.58203125,256,1363.5637583892617,2309.8130841121497
1464,2063.1796875,0.5234375,256,1675.7388059701493,2488.7295081967213
1465,1808.47265625,0.55859375,256,1507.6083916083917,2189.212389380531
1466,1727.8828125,0.7734375,256,1555.9141414141413,2314.948275862069
1467,1748.5390625,0.68359375,256,1396.462857142857,2509.1975308641977
1468,2000.77734375,0.5703125,256,1489.0,2680.0454545454545
1469,2153.03515625,0.515625,256,1753.4924242424242,2578.3548387096776
1470,2024.078125,0.63671875,256,1505.0184049079755,2933.8279569892475
1471,1893.36328125,0.6015625,256,1454.2597402597403,2556.323529411765
1472,1673.6875,0.64453125,256,1314.478787878788,2325.0
1473,1702.875,0.70703125,256,1405.6850828729282,2420.0933333333332
1474,1967.28125,0.57421875,256,1518.3061224489795,2572.7798165137615
1475,1743.890625,0.55859375,256,1158.4195804195804,2484.7964601769913
1476,2081.81640625,0.46484375,256,1630.2521008403362,2474.0510948905107
1477,2145.734375,0.53125,256,1892.1985294117646,2433.075
1478,1986.65625,0.65234375,256,1846.251497005988,2250.112359550562
1479,1905.203125,0.6484375,256,1399.3192771084337,2838.277777777778
1480,1547.640625,0.6171875,256,1255.6772151898733,2018.357142857143
1481,1474.2578125,0.62109375,256,1245.6037735849056,1849.0618556701031
1482,1685.28515625,0.6796875,256,1611.867816091954,1841.0731707317073
1483,1981.19140625,0.6015625,256,1725.8051948051948,2366.774509803922
1484,1854.58203125,0.7265625,256,1590.0376344086021,2557.5142857142855
1485,1797.84375,0.69921875,256,1593.5977653631285,2272.6493506493507
1486,1576.50390625,0.6875,256,1261.4829545454545,2269.55
1487,2126.01171875,0.56640625,256,1939.3724137931035,2369.8198198198197
1488,2453.8359375,0.328125,256,1781.2738095238096,2782.296511627907
1489,2211.765625,0.07421875,256,2424.2631578947367,2194.7299578059074
1490,2463.1328125,0.0546875,256,1369.142857142857,2526.4214876033056
1491,2380.37109375,0.02734375,256,2979.5714285714284,2363.5261044176705
1492,2272.3515625,0.01171875,256,3049.3333333333335,2263.1383399209485
1493,2075.78125,0.06640625,256,2629.8823529411766,2036.36820083682
1494,2411.015625,0.07421875,256,759.2105263157895,2543.4388185654007
1495,1782.6484375,0.0078125,256,2374.0,1777.992125984252
1496,2187.14453125,0.05859375,256,2427.4,2172.1908713692947
1497,1730.96875,0.0390625,256,2727.3,1690.4674796747968
1498,2307.7109375,0.0390625,256,2411.8,2303.479674796748
1499,2202.2578125,0.0078125,256,1800.0,2205.4251968503936
1500,1967.140625,0.15625,256,869.95,2170.324074074074
1501,2402.59765625,0.05078125,256,2120.6923076923076,2417.679012345679
1502,2231.46875,0.12109375,256,3010.9032258064517,2124.08
1503,2707.75390625,0.05859375,256,2016.1333333333334,2750.8008298755185
1504,2370.671875,0.01953125,256,2491.2,2368.2709163346613
1505,2221.1640625,0.0078125,256,3205.0,2213.417322834646
1506,2520.50390625,0.0703125,256,1548.5,2594.016806722689
1507,2402.90234375,0.08203125,256,757.7142857142857,2549.91914893617
1508,2536.98046875,0.078125,256,1158.6,2653.7923728813557
1509,2187.25390625,0.01171875,256,2974.3333333333335,2177.920948616601
1510,2165.38671875,0.05859375,256,1267.8,2221.253112033195
1511,2003.9140625,0.0546875,256,2914.5,1951.2355371900826
1512,2152.39453125,0.07421875,256,922.7894736842105,2250.9704641350213
1513,1632.484375,0.0234375,256,1643.0,1632.232
1514,2233.1953125,0.08203125,256,1012.952380952381,2342.2382978723404
1515,2569.140625,0.06640625,256,606.2352941176471,2708.7615062761506
1516,2374.44140625,0.0078125,256,3040.0,2369.200787401575
1517,2555.2109375,0.01953125,256,3212.2,2542.1235059760957
1518,2289.71875,0.1015625,256,2041.2307692307693,2317.808695652174
1519,2040.51171875,0.01953125,256,2898.0,2023.430278884462
1520,2250.98046875,0.015625,256,2398.75,2248.6349206349205
1521,2231.06640625,0.0078125,256,2898.5,2225.8110236220473
1522,2534.1875,0.07421875,256,2331.6315789473683,2550.4261603375526
1523,2051.93359375,0.19921875,256,1617.6274509803923,2159.980487804878
1524,2422.91796875,0.125,256,1779.96875,2514.7678571428573
1525,2630.6015625,0.1484375,256,1770.0526315789473,2780.605504587156
1526,2385.984375,0.22265625,256,1884.4912280701753,2529.6281407035176
1527,2228.23828125,0.28515625,256,1769.876712328767,2411.0819672131147
1528,2683.22265625,0.25390625,256,1969.076923076923,2926.256544502618
1529,2323.8515625,0.1796875,256,1906.1521739130435,2415.347619047619
1530,2157.7578125,0.1640625,256,2200.8333333333335,2149.303738317757
1531,2473.39453125,0.3203125,256,1239.5731707317073,3054.8505747126437
1532,2611.6015625,0.24609375,256,2291.0476190476193,2716.2383419689118
1533,2350.1328125,0.21875,256,1805.732142857143,2502.565
1534,2468.7421875,0.39453125,256,1452.7227722772277,3130.793548387097
1535,2172.21484375,0.34375,256,1858.625,2336.4761904761904
1536,2366.7265625,0.12109375,256,2134.1612903225805,2398.768888888889
1537,2381.45703125,0.2265625,256,1431.9827586206898,2659.5858585858587
1538,2488.66015625,0.16796875,256,1721.8372093023256,2643.4647887323945
1539,2380.2109375,0.16796875,256,1947.5116279069769,2467.56338028169
1540,2157.41796875,0.22265625,256,1680.578947368421,2294.0
1541,2189.859375,0.30078125,256,1512.4545454545455,2481.2569832402237
1542,2173.0546875,0.34375,256,1634.1136363636363,2455.3571428571427
1543,2586.55078125,0.12109375,256,2322.2580645161293,2622.9644444444443
1544,2260.23828125,0.33984375,256,1570.2758620689656,2615.4260355029587
1545,2513.0,0.2890625,256,2083.0945945945946,2687.796703296703
1546,2844.56640625,0.140625,256,1491.888888888889,3065.913636363636
1547,2686.21484375,0.16015625,256,1497.1463414634147,2912.967441860465
1548,2039.203125,0.42578125,256,1893.7064220183486,2147.08843537415
1549,2677.5703125,0.26953125,256,2520.449275362319,2735.5454545454545
1550,2593.453125,0.1796875,256,1544.9347826086957,2823.1285714285714
1551,2834.80859375,0.29296875,256,1748.9733333333334,3284.740331491713
1552,2564.5,0.2734375,256,2210.3571428571427,2697.7795698924733
1553,2336.00390625,0.19140625,256,2052.408163265306,2403.135265700483
1554,2501.609375,0.203125,256,1029.4807692307693,2876.857843137255
1555,2379.91015625,0.12890625,256,2085.3636363636365,2423.4977578475336
1556,2129.32421875,0.21875,256,1624.9642857142858,2270.545
1557,2504.1484375,0.25390625,256,2146.523076923077,2625.8534031413615
1558,2309.38671875,0.2265625,256,1460.603448275862,2558.020202020202
1559,2622.63671875,0.2734375,256,2207.2,2778.983870967742
1560,2638.203125,0.265625,256,1295.9705882352941,3123.691489361702
1561,1878.5234375,0.26171875,256,801.6268656716418,2260.2804232804233
1562,2267.6953125,0.203125,256,1806.5384615384614,2385.2450980392155
1563,2113.34765625,0.171875,256,1866.9545454545455,2164.485849056604
1564,2414.6640625,0.24609375,256,2020.5238095238096,2543.321243523316
1565,2452.0234375,0.30078125,256,1666.6103896103896,2789.882681564246
1566,2723.90625,0.3203125,256,1575.6951219512196,3265.0172413793102
1567,2414.66796875,0.29296875,256,1744.6666666666667,2692.292817679558
1568,2678.58984375,0.18359375,256,1779.9574468085107,2880.6746411483255
1569,3054.375,0.28125,256,2083.8611111111113,3434.141304347826
1570,2927.73828125,0.25,256,2133.875,3192.359375
1571,2557.35546875,0.20703125,256,2138.811320754717,2666.630541871921
1572,2199.16796875,0.39453125,256,1683.2574257425742,2535.341935483871
1573,2248.75,0.3984375,256,1644.1666666666667,2649.188311688312
1574,2477.34765625,0.16796875,256,2044.0,2564.830985915493
1575,2351.48828125,0.171875,256,2046.2727272727273,2414.8349056603774
1576,2271.3359375,0.25390625,256,1741.3538461538462,2451.696335078534
1577,2474.203125,0.296875,256,1872.8815789473683,2728.0944444444444
1578,2708.6796875,0.30859375,256,1873.7215189873418,3081.3446327683614
1579,2778.3828125,0.2578125,256,2313.378787878788,2939.9105263157894
1580,2744.5234375,0.125,256,1481.3125,2924.9821428571427
1581,2210.16796875,0.37109375,256,2198.2315789473682,2217.2111801242236
1582,2532.8125,0.3984375,256,1804.6764705882354,3015.0844155844156
1583,2933.01171875,0.17578125,256,2127.0222222222224,3104.905213270142
1584,2616.7578125,0.33984375,256,2044.057471264368,2911.579881656805
1585,2373.9609375,0.25390625,256,2245.0615384615385,2417.82722513089
1586,2512.9453125,0.296875,256,2132.9736842105262,2673.3777777777777
1587,2658.74609375,0.21875,256,1629.517857142857,2946.93
1588,2377.65234375,0.27734375,256,1765.5633802816901,2612.562162162162
1589,2208.01171875,0.296875,256,1288.092105263158,2596.4222222222224
1590,2286.3203125,0.3046875,256,2085.0128205128203,2374.5337078651687
1591,2196.2734375,0.21875,256,1586.75,2366.94
1592,1857.046875,0.23828125,256,1553.72131147541,1951.9333333333334
1593,2844.41015625,0.05078125,256,2425.923076923077,2866.798353909465
1594,2728.41015625,0.16015625,256,1270.7560975609756,3006.381395348837
1595,2996.66015625,0.18359375,256,2680.659574468085,3067.7224880382773
1596,2533.15234375,0.12890625,256,2173.969696969697,2586.304932735426
1597,2566.85546875,0.1953125,256,1978.16,2709.742718446602
1598,2919.69921875,0.0546875,256,2702.5714285714284,2932.2603305785124
1599,2766.28125,0.23828125,256,2343.311475409836,2898.594871794872
1600,2836.53515625,0.1796875,256,1752.6521739130435,3073.957142857143
1601,2486.9140625,0.1640625,256,2352.714285714286,2513.2523364485983
1602,2567.55078125,0.19921875,256,1326.2745098039215,2876.3560975609757
1603,2628.19921875,0.21484375,256,2158.3454545454547,2756.766169154229
1604,2410.1953125,0.125,256,1294.6875,2569.5535714285716
1605,2098.58984375,0.33203125,256,1431.7058823529412,2430.0818713450294
1606,2197.6875,0.21484375,256,1671.709090909091,2341.6119402985073
1607,2752.90625,0.2421875,256,2495.935483870968,2835.0309278350514
1608,2478.91796875,0.08203125,256,2817.8571428571427,2448.6297872340424
1609,2458.0625,0.2734375,256,1429.3285714285714,2845.2204301075267
1610,2953.171875,0.25,256,2389.015625,3141.2239583333335
1611,2062.58984375,0.26953125,256,1574.4492753623188,2242.705882352941
1612,2474.57421875,0.15625,256,1765.275,2605.925925925926
1613,2586.171875,0.25390625,256,1200.0153846153846,3057.9005235602094
1614,3119.30078125,0.2421875,256,2569.532258064516,3295.0
1615,2206.8828125,0.328125,256,2052.7738095238096,2282.1453488372094
1616,2044.84375,0.3046875,256,1492.025641025641,2287.0898876404494
1617,2805.1640625,0.17578125,256,1873.1555555555556,3003.9336492890993
1618,2216.53125,0.109375,256,2145.964285714286,2225.1973684210525
1619,2636.0859375,0.22265625,256,1736.5263157894738,2893.748743718593
1620,2793.95703125,0.3671875,256,2459.851063829787,2987.820987654321
1621,2623.58203125,0.29296875,256,2486.4,2680.425414364641
1622,2851.84375,0.21875,256,2535.4285714285716,2940.44
1623,2530.36328125,0.1484375,256,1938.6052631578948,2633.5137614678897
1624,2187.61328125,0.29296875,256,1494.7866666666666,2474.696132596685
1625,2370.31640625,0.39453125,256,2115.930693069307,2536.0774193548386
1626,3115.765625,0.1484375,256,2625.684210526316,3201.1926605504586
1627,2541.16015625,0.3515625,256,1429.9222222222222,3143.6385542168673
1628,2749.12109375,0.09765625,256,2060.52,2823.6450216450216
1629,2539.390625,0.1484375,256,2267.4210526315787,2586.798165137615
1630,2735.33984375,0.171875,256,2315.2272727272725,2822.5330188679245
1631,2877.01171875,0.15234375,256,2203.2820512820513,2998.0967741935483
1632,2584.57421875,0.1875,256,2345.3958333333335,2639.769230769231
1633,2640.1953125,0.24609375,256,1085.7142857142858,3147.6165803108806
1634,2454.984375,0.31640625,256,2049.864197530864,2642.497142857143
1635,2029.22265625,0.29296875,256,1087.2133333333334,2419.558011049724
1636,2755.76171875,0.27734375,256,1797.1830985915492,3123.6486486486488
1637,2810.6640625,0.23046875,256,2287.0,2967.497461928934
1638,2867.1484375,0.2265625,256,2214.2586206896553,3058.39898989899
1639,3023.55078125,0.18359375,256,2524.574468085106,3135.7607655502393
1640,2547.2734375,0.21484375,256,2330.6363636363635,2606.5522388059703
1641,2501.82421875,0.23046875,256,2107.5254237288136,2619.9137055837564
1642,2831.84375,0.16015625,256,2197.2195121951218,2952.8651162790698
1643,2745.640625,0.1875,256,2339.6458333333335,2839.331730769231
1644,2169.765625,0.26953125,256,1542.3623188405797,2401.2673796791446
1645,2759.1796875,0.1484375,256,2556.657894736842,2794.4816513761466
1646,2163.76953125,0.40234375,256,1840.2718446601941,2381.549019607843
1647,2353.59765625,0.18359375,256,2318.659574468085,2361.4545454545455
1648,2866.19921875,0.16796875,256,2199.6279069767443,3000.7652582159626
1649,2136.98046875,0.421875,256,1660.601851851852,2484.608108108108
1650,2659.3046875,0.24609375,256,2156.873015873016,2823.3108808290153
1651,2217.8203125,0.1796875,256,2124.5434782608695,2238.252380952381
1652,2838.859375,0.15234375,256,2366.897435897436,2923.6820276497697
1653,2322.60546875,0.19921875,256,1147.4901960784314,2614.951219512195
1654,2367.22265625,0.21484375,256,1926.7818181818182,2487.741293532338
1655,2176.71484375,0.47265625,256,1715.4380165289256,2590.1555555555556
1656,2467.84375,0.25390625,256,2275.630769230769,2533.256544502618
1657,2706.1015625,0.20703125,256,2593.4716981132074,2735.5073891625616
1658,2539.21875,0.1953125,256,2131.84,2638.097087378641
1659,2694.875,0.1796875,256,1628.0869565217392,2928.552380952381
1660,2531.9140625,0.375,256,2090.8541666666665,2796.55
1661,2214.7890625,0.23046875,256,1594.2542372881355,2400.6345177664975
1662,3010.53515625,0.16796875,256,2685.6744186046512,3076.1173708920187
1663,2567.58984375,0.28125,256,1788.763888888889,2872.3478260869565
1664,2964.7109375,0.25390625,256,2168.5692307692307,3235.6492146596856
1665,2893.37109375,0.17578125,256,2059.4444444444443,3071.2227488151657
1666,2520.67578125,0.359375,256,1937.858695652174,2847.621951219512
1667,2514.11328125,0.28125,256,1682.1666666666667,2839.657608695652
1668,2267.9140625,0.19140625,256,1862.9591836734694,2363.772946859903
1669,2648.0625,0.3046875,256,1762.551282051282,3036.0955056179773
1670,2758.41015625,0.1875,256,2049.25,2922.0625
1671,2429.5234375,0.2109375,256,1806.4074074074074,2596.09900990099
1672,2813.578125,0.33203125,256,1424.1882352941177,3504.2105263157896
1673,2126.140625,0.265625,256,1686.1176470588234,2285.2978723404253
1674,2566.28125,0.3515625,256,1648.8555555555556,3063.6807228915663
1675,2467.84375,0.11328125,256,1736.7241379310344,2561.246696035242
1676,2474.13671875,0.2265625,256,2266.2586206896553,2535.030303030303
1677,2644.63671875,0.05859375,256,1995.4666666666667,2685.0414937759338
1678,2558.1171875,0.140625,256,2151.0,2624.7363636363634
1679,2337.55859375,0.3125,256,1636.8625,2656.056818181818
1680,2423.125,0.203125,256,2027.8653846153845,2523.877450980392
1681,2743.734375,0.30078125,256,1788.6883116883116,3154.564245810056
1682,2374.13671875,0.1953125,256,2287.7,2395.116504854369
1683,2554.671875,0.31640625,256,2080.6296296296296,2774.0857142857144
1684,2471.125,0.25,256,1830.515625,2684.6614583333335
1685,2597.3515625,0.140625,256,1837.0555555555557,2721.7636363636366
1686,2974.90234375,0.1875,256,1663.75,3277.4759615384614
1687,2533.99609375,0.15625,256,1578.65,2710.912037037037
1688,2602.50390625,0.35546875,256,1481.6483516483515,3220.672727272727
1689,3027.921875,0.24609375,256,1877.5238095238096,3403.440414507772
1690,2331.23828125,0.28125,256,1765.2916666666667,2552.695652173913
1691,2421.91796875,0.32421875,256,1425.289156626506,2900.0693641618495
1692,2514.7109375,0.2734375,256,2271.7714285714287,2606.1397849462364
1693,2430.16015625,0.34375,256,1580.0113636363637,2875.4761904761904
1694,1883.99609375,0.54296875,256,1377.158273381295,2486.136752136752
1695,2220.5859375,0.37109375,256,1445.7368421052631,2677.795031055901
1696,2541.19921875,0.3671875,256,1970.712765957447,2872.222222222222
1697,2074.4296875,0.39453125,256,1904.1287128712872,2185.4
1698,2191.640625,0.3984375,256,1615.764705882353,2573.064935064935
1699,2014.578125,0.43359375,256,1923.7927927927929,2084.0758620689653
1700,2465.73046875,0.3359375,256,1838.5697674418604,2783.0
1701,2487.66015625,0.390625,256,1877.23,2878.9615384615386
1702,2589.27734375,0.46484375,256,1845.5882352941176,3235.2554744525546
1703,1728.18359375,0.47265625,256,1250.1652892561983,2156.6296296296296
1704,2460.07421875,0.453125,256,1544.9137931034484,3218.35
1705,2394.734375,0.40625,256,1622.0192307692307,2923.434210526316
1706,1803.21484375,0.44140625,256,1256.9734513274336,2234.86013986014
1707,2310.28515625,0.296875,256,2180.1315789473683,2365.238888888889
1708,2247.9921875,0.4296875,256,1714.290909090909,2650.095890410959
1709,2841.30078125,0.1875,256,2390.8541666666665,2945.25
1710,2193.3515625,0.2734375,256,1852.642857142857,2321.5752688172042
1711,2629.83203125,0.390625,256,2187.86,2913.147435897436
1712,1732.29296875,0.46484375,256,1227.563025210084,2170.70802919708
1713,2501.61328125,0.33984375,256,1595.1494252873563,2968.2544378698226
1714,2093.484375,0.16796875,256,2014.5813953488373,2109.413145539906
1715,2636.78515625,0.43359375,256,2193.072072072072,2976.455172413793
1716,2446.8359375,0.38671875,256,1903.4949494949494,2789.452229299363
1717,2304.23046875,0.34375,256,2253.4204545454545,2330.845238095238
1718,1876.9140625,0.29296875,256,1490.24,2037.1381215469614
1719,2284.18359375,0.21875,256,1096.4107142857142,2616.76
1720,2379.5546875,0.28125,256,1859.625,2583.0054347826085
1721,2587.12890625,0.3125,256,1893.3375,2902.4886363636365
1722,1946.86328125,0.48046875,256,1345.6341463414635,2502.8872180451126
1723,2712.86328125,0.37890625,256,2134.577319587629,3065.6540880503144
1724,2031.5859375,0.4609375,256,2036.542372881356,2027.3478260869565
1725,1766.9140625,0.4375,256,1516.0089285714287,1962.0625
1726,2242.546875,0.37890625,256,1673.298969072165,2589.8238993710693
1727,2466.10546875,0.41796875,256,1730.7102803738317,2994.2080536912754
1728,1986.90234375,0.5859375,256,1561.0333333333333,2589.5471698113206
1729,2871.32421875,0.20703125,256,2115.1132075471696,3068.7586206896553
1730,2435.58203125,0.48828125,256,1950.688,2898.267175572519
1731,2483.3125,0.265625,256,1900.014705882353,2694.2925531914893
1732,2139.140625,0.39453125,256,1688.2871287128712,2432.9225806451614
1733,2539.40625,0.28515625,256,1632.8219178082193,2901.0491803278687
1734,2630.23828125,0.390625,256,1958.78,3060.6602564102564
1735,2229.65625,0.390625,256,1593.77,2637.275641025641
1736,2443.89453125,0.4375,256,2067.339285714286,2736.7708333333335
1737,2028.2265625,0.39453125,256,1781.3762376237623,2189.0774193548386
1738,2853.40625,0.3125,256,2494.0125,3016.7670454545455
1739,3033.76171875,0.33984375,256,2352.057471264368,3384.698224852071
1740,2619.7734375,0.2734375,256,1693.357142857143,2968.4247311827958
1741,2287.296875,0.34765625,256,2031.943820224719,2423.3832335329344
1742,2850.08203125,0.4609375,256,2162.3813559322034,3438.1159420289855
1743,2666.3125,0.42578125,256,1977.3394495412845,3177.183673469388
1744,2746.96875,0.48046875,256,2277.276422764228,3181.345864661654
1745,2344.26953125,0.296875,256,1708.1447368421052,2612.8555555555554
1746,2384.23046875,0.49609375,256,1786.3464566929133,2972.84496124031
1747,2437.09765625,0.31640625,256,2050.9876543209875,2615.8114285714287
1748,2083.2734375,0.38671875,256,1969.050505050505,2155.2993630573246
1749,2364.42578125,0.44140625,256,1662.0884955752213,2919.4195804195806
1750,2404.890625,0.51171875,256,1888.9770992366412,2945.568
1751,2616.50390625,0.3828125,256,1811.7551020408164,3115.6518987341774
1752,3024.13671875,0.40625,256,2212.403846153846,3579.532894736842
1753,2127.55078125,0.5078125,256,1856.2384615384615,2407.4761904761904
1754,2769.4453125,0.234375,256,1856.4833333333333,3048.923469387755
1755,2532.50390625,0.3671875,256,2041.4468085106382,2817.438271604938
1756,2486.85546875,0.39453125,256,2052.8118811881186,2769.6838709677418
1757,2218.265625,0.3984375,256,1580.3725490196077,2640.7662337662337
1758,2862.30859375,0.3984375,256,2058.401960784314,3394.7662337662337
1759,2678.36328125,0.3671875,256,2353.8936170212764,2866.635802469136
1760,2450.49609375,0.2578125,256,1997.3333333333333,2607.9105263157894
1761,2650.8046875,0.4765625,256,1767.4590163934427,3455.044776119403
1762,2560.09765625,0.38671875,256,1813.939393939394,3030.605095541401
1763,2662.42578125,0.421875,256,2006.351851851852,3141.1824324324325
1764,2416.91796875,0.37890625,256,1719.2886597938145,2842.51572327044
1765,2433.8984375,0.41796875,256,2149.345794392523,2638.241610738255
1766,2343.01953125,0.375,256,1899.3020833333333,2609.25
1767,2461.0703125,0.4140625,256,2278.6603773584907,2589.9733333333334
1768,2268.48828125,0.44140625,256,1855.7345132743362,2594.6503496503497
1769,2275.14453125,0.375,256,1564.3125,2701.64375
1770,2293.14453125,0.359375,256,1616.3695652173913,2672.798780487805
1771,1985.62890625,0.51953125,256,1980.4962406015038,1991.178861788618
1772,1911.1171875,0.35546875,256,1543.5274725274726,2113.848484848485
1773,2058.25390625,0.4375,256,1713.6607142857142,2326.2708333333335
1774,2284.9375,0.35546875,256,1696.9120879120878,2609.242424242424
1775,2083.9609375,0.5703125,256,1508.6986301369864,2847.490909090909
1776,2206.52734375,0.453125,256,1833.7758620689656,2515.3785714285714
1777,1858.6953125,0.56640625,256,1411.9172413793103,2442.324324324324
1778,2320.7890625,0.359375,256,1810.2173913043478,2607.2073170731705
1779,3003.625,0.25390625,256,2738.6,3093.8167539267015
1780,2819.8125,0.3046875,256,2372.0,3016.044943820225
1781,2540.05078125,0.3359375,256,1684.7093023255813,2972.752941176471
1782,2428.51953125,0.39453125,256,2085.079207920792,2652.309677419355
1783,2389.55078125,0.4375,256,1850.7232142857142,2808.6388888888887
1784,2885.03515625,0.421875,256,2577.3888888888887,3109.5337837837837
1785,2549.9375,0.44140625,256,1917.6194690265486,3049.6013986013986
1786,1951.265625,0.52734375,256,1747.4,2178.719008264463
1787,2938.05078125,0.4140625,256,2419.8207547169814,3304.266666666667
1788,2448.3984375,0.4765625,256,1946.5819672131147,2905.276119402985
1789,2689.3359375,0.24609375,256,2312.7301587301586,2812.2694300518133
1790,2540.87890625,0.2734375,256,2092.4714285714285,2709.6344086021504
1791,1923.51953125,0.4296875,256,1720.7,2076.328767123288
1792,2361.6796875,0.52734375,256,1708.1629629629629,3090.809917355372
1793,2345.0390625,0.390625,256,2077.62,2516.4615384615386
1794,2667.12109375,0.4140625,256,1962.7924528301887,3164.846666666667
1795,2182.4765625,0.47265625,256,1726.198347107438,2591.437037037037
1796,2307.44140625,0.4375,256,1515.6875,2923.25
1797,2521.01953125,0.49609375,256,1976.9370078740158,3056.6666666666665
1798,2911.3984375,0.36328125,256,2038.6559139784947,3409.3435582822085
1799,1962.6171875,0.50390625,256,1674.7441860465117,2255.0236220472443
1800,2676.8828125,0.43359375,256,2599.153153153153,2736.386206896552
1801,2606.83984375,0.515625,256,2086.75,3160.483870967742
1802,2055.62890625,0.51953125,256,1835.7443609022557,2293.390243902439
1803,2263.48828125,0.5,256,1657.875,2869.1015625
1804,3004.48046875,0.3203125,256,2440.7195121951218,3270.1609195402298
1805,2063.00390625,0.4453125,256,1589.3245614035088,2443.281690140845
1806,2920.140625,0.37890625,256,2682.556701030928,3065.0817610062895
1807,2876.62890625,0.375,256,2029.8333333333333,3384.70625
1808,2263.51171875,0.3359375,256,1692.8488372093022,2552.2
1809,2931.5234375,0.3359375,256,2556.360465116279,3121.3117647058825
1810,2501.52734375,0.51953125,256,2063.7593984962405,2974.8861788617887
1811,2349.94921875,0.4609375,256,1547.6525423728813,3035.9710144927535
1812,2777.58203125,0.32421875,256,2069.7710843373493,3117.1676300578033
1813,2229.03125,0.41015625,256,1754.1809523809525,2559.225165562914
1814,2798.93359375,0.3515625,256,2071.777777777778,3193.1746987951806
1815,2513.78125,0.2265625,256,2319.0,2570.838383838384
1816,2031.8515625,0.63671875,256,1719.478527607362,2579.3440860215055
1817,2199.09765625,0.44140625,256,1677.0088495575221,2611.6573426573427
1818,2631.06640625,0.390625,256,2051.23,3002.75641025641
1819,2951.5546875,0.4453125,256,2187.4122807017543,3565.021126760563
